23830;23349;HIT;;I Just Might;0;BRUNO MARS;;;;1;;;;;;;03:27;00:14;;;;133;133;3;2026;2026;;;;L:\AudioToscana\2026\Bruno Mars - I Just Might.wav;;;
23915;23473;HIT;;Per sempre sì;0;SAL DA VINCI;;;;1;;;;;;;02:51;00:08;;;;130;130;2;2026;2026;;;;L:\AudioToscana\2026\Sal Da Vinci - Per sempre sì.wav;;;
24087;23706;HIT;;VACCI PIANO;0;"Emma feat. Rkomi; EMMA; RKOMI";;;;1;;;;;;;03:14;00:04;;;;76;76;7;2026;2026;;;;L:\AudioToscana\2026\Emma feat. Rkomi - VACCI PIANO.wav;;;
24132;23765;HIT;;ROLLING STONES;0;THE KOLORS;;;;1;;;;;;;02:59;00:13;;;;86;86;7;2026;2026;;;;L:\AudioToscana\2026\The Kolors - ROLLING STONES.wav;;;
24269;23934;HIT;;Comuni Immortali;0;ACHILLE LAURO;;;;1;;;;;;;03:20;00:05;;;;55;55;8;2026;2026;;;;L:\AudioToscana\2026\Achille Lauro - Comuni Immortali.wav;;;
24271;23936;HIT;;"FARFALLE (nello stomaco); Cioffi; Noemi";0;"Cioffi, Noemi; cioffi; NOEMI";;;;1;;;;;;;02:39;00:10;;;;55;55;8;2026;2026;;;;L:\AudioToscana\2026\Cioffi, Noemi - FARFALLE (nello stomaco).wav;;;
24272;23937;HIT;;SUMMER FUNK;0;FRANCESCO GABBANI;;;;1;;;;;;;02:43;00:08;;;;54;54;8;2026;2026;;;;L:\AudioToscana\2026\FRANCESCO GABBANI - SUMMER FUNK.wav;;;
24273;23938;HIT;;Maledetto me;0;Fulminacci;;;;1;;;;;;;02:55;00:10;;;;60;60;6;2026;2026;;;;L:\AudioToscana\2026\Fulminacci - Maledetto me.wav;;;
24274;23939;HIT;;Immensamente;0;LAURA PAUSINI;;;;1;;;;;;;03:23;00:02;;;;55;55;7;2026;2026;;;;L:\AudioToscana\2026\LAURA PAUSINI - Immensamente.wav;;;
24297;23974;HIT;;"Buon vento; Alfa; Jovanotti";0;"Jovanotti, Alfa; JOVANOTTI; ALFA";;;;1;;;;;;;02:50;00:00;;;;58;58;7;2026;2026;;;;L:\AudioToscana\2026\Jovanotti, Alfa - Buon vento.wav;;;
24362;24058;HIT;;Sorry Scusa Lo Siento;0;PINGUINI TATTICI NUCLEARI;;;;1;;;;;;;03:16;00:15;;;;41;41;7;2026;2026;;;;L:\AudioToscana\2026\Pinguini Tattici Nucleari - Sorry Scusa Lo Siento.wav;;;
24409;24114;HIT;;Tu cosa fai questa sera;0;NOEMI;;;;1;;;;;;;02:48;00:00;;;;33;33;7;2026;2026;;;;L:\AudioToscana\2026\Noemi - Tu cosa fai questa sera.wav;;;
24410;24115;HIT;;ROMANTICA;0;ULTIMO;;;;1;;;;;;;03:03;00:00;;;;39;39;6;2026;2026;;;;L:\AudioToscana\2026\ULTIMO - ROMANTICA.wav;;;
24442;24154;HIT;;Bossa Nostra;0;GAIA;;;;1;;;;;;;03:15;00:11;;;;30;30;8;2026;2026;;;;L:\AudioToscana\2026\Gaia - Bossa Nostra.wav;;;
2;11795;REC;;Colibrì;0;CESARE CREMONINI;N;;;;;;;;I;;03:52;00:25;MM;1;;198;9;53;2021;2021;7;2021;;L:\AudioToscana\2021\Cesare Cremonini - Colibrì.wav;;;1
4;11762;REC;;Vertigine;0;ELODIE;N;;;;;;;O;I;;03:28;00:14;SF;2;;344;166;58;2021;2021;7;2021;;L:\AudioToscana\2021\ELODIE - VERTIGINE.wav;;;1
5;11839;REC;;Spazio Tempo;0;FRANCESCO GABBANI;N;;;;;;;;I;;03:23;00:10;SM;1;;150;101;26;2021;2021;7;2021;;L:\AudioToscana\2021\FRANCESCO GABBANI - Spazio Tempo.wav;;;2
7;11786;REC;;Cambia Un Uomo;1;MARCO MENGONI;B;;;1;;;;O;I;;03:48;00:05;SM;1;;296;214;54;2021;2021;7;2021;;L:\AudioToscana\2021\Marco Mengoni - Cambia Un Uomo.wav;;;1
8;11860;REC;;Mi Fiderò;0;"MARCO MENGONI FEAT. MADAME; MARCO MENGONI; MADAME";N;;;1;;;;;I;;03:27;00:10;MM;2;;380;47;29;2021;2021;7;2021;;L:\AudioToscana\2021\Marco Mengoni feat. Madame - Mi Fiderò.wav;;;1
13;11755;REC;;Pastello Bianco;0;PINGUINI TATTICI NUCLEARI;B;;;1;;;;;I;;03:51;00:14;SM;1;;512;268;51;2021;2021;7;2021;;L:\AudioToscana\2021\Pinguini Tattici Nucleari - Pastello Bianco.wav;;;1
17;11776;REC;;Siamo Qui;0;VASCO ROSSI;B;;;1;;;;;I;;04:25;00:17;MM;2;;190;61;84;2021;2021;7;2021;;L:\AudioToscana\2021\Vasco Rossi - Siamo Qui.wav;;;1
842;11777;REC;;Easy On Me;0;ADELE;N;;;1;;;;O;S;;03:34;00:13;SS;1;;310;120;54;2021;2021;7;2021;;L:\AudioToscana\2021\Adele - Easy On Me.wav;;;1
847;11694;REC;;Cold Heart;1;"ELTON JOHN & DUA LIPA; ELTON JOHN; DUA LIPA";B;;;1;;;;;S;;03:10;00:07;MM;2;;316;133;53;2021;2021;7;2021;;L:\AudioToscana\2021\Elton John & Dua Lipa - Cold Heart.wav;;;1
3027;10456;REC;;Nessuno Vuole Essere Robin;0;CESARE CREMONINI;B;;;;;;;;I;;04:13;00:27;MM;1;;166;166;62;2018;2018;6;2018;;L:\AudioToscana\2018\Cesare Cremonini - Nessuno Vuole Essere Robin.wav;;;1
3104;10753;REC;;Complici;0;"ENRICO NIGIOTTI FEAT. GIANNA NANNINI; ENRICO NIGIOTTI; GIANNA NANNINI";N;;;;;;;;;;03:16;00:05;;2;;15;15;20;2018;2018;6;2018;;L:\AudioToscana\2018\Enrico Nigiotti feat. Gianna Nannini - Complici.wav;;;2
3127;9323;REC;;Sei Un Pensiero Speciale;0;EROS RAMAZZOTTI;B;;;;;;;O;I;;03:38;00:10;MS;1;;126;126;57;2015;2015;6;2015;;L:\AudioToscana\2015\EROS RAMAZZOTTI - SEI UN PENSIERO SPECIALE.wav;;;1
3162;1966;REC;;Portami Via;0;FABRIZIO MORO;N;L;;;;;;;I;;03:05;00:14;SS;1;;101;99;28;2017;SANREMO 2017;6;2017;;L:\AudioToscana\2017\FABRIZIO MORO - PORTAMI VIA.wav;;;1
3171;1965;REC;;Che Sia Benedetta;0;FIORELLA MANNOIA;N;L;;;;;;;I;;02:58;00:16;SS;1;;100;100;42;2017;2017;6;2017;;L:\AudioToscana\2017\FIORELLA MANNOIA - CHE SIA BENEDETTA.wav;;;2
3181;10240;REC;;Io Non Abito Al Mare;0;FRANCESCA MICHIELIN;N;;;;;;;;I;;03:07;00:13;;2;;52;52;30;2017;2017;6;2017;;L:\AudioToscana\2017\Francesca Michielin - Io non abito al mare.wav;;;2
3201;4114;REC;;Meravigliosa (la Luna);0;FRANCESCO RENGA;N;;;;;;;;I;;04:04;00:22;FF;3;;84;28;23;2006;ITA 2000;5;ita V;;L:\AudioToscana\ita V\Francesco Renga - Meravigliosa (la luna).wav;;;2
3271;10363;REC;;Come Neve;0;"GIORGIA & MARCO MENGONI; GIORGIA; MARCO MENGONI";N;;;;;;;;I;;03:21;00:17;SS;1;;48;48;73;2017;2017;6;2017;;L:\AudioToscana\2017\Giorgia & Marco Mengoni - Come neve.wav;;;1
3291;9219;REC;;Grande Amore;0;IL VOLO;B;;;;;;;O;I;;03:40;00:13;SM;1;;222;218;54;2015;2015;6;SANREMO;;L:\AudioToscana\2015\SANREMO\IL VOLO - GRANDE AMORE.wav;;;1
3435;9402;REC;;Ti Ho Voluto Bene Veramente;0;MARCO MENGONI;N;;;;;;;;I;;02:41;00:04;SS;1;;161;161;61;2015;2015;6;2015;;L:\AudioToscana\2015\MARCO MENGONI - TI HO VOLUTO BENE VERAMENTE.wav;;;1
3535;7644;REC;;Briciole;0;NOEMI;N;;;;;;;;I;;03:19;00:02;SS;2;;83;72;39;2009;2009;6;2009;;L:\AudioToscana\2009\noemi - briciole.wav;;;2
3777;6591;REC;;Skyfall;0;ADELE;N;;;;;;;O;S;;03:55;00:13;SS;1;;87;50;48;2012;2012;6;2012;;L:\AudioToscana\2012\Adele - Skyfall.wav;;;1
4163;10827;REC;;Shallow;1;"LADY GAGA & BRADLEY COOPER; LADY GAGA";B;L;;;;;;O;S;;03:26;00:16;SM;1;;215;206;62;2018;2018;6;2018;;L:\AudioToscana\2018\Lady Gaga & Bradley Cooper - Shallow.wav;;;1
4200;9274;REC;;Ghosttown;0;MADONNA;;;;;;;;;;;04:05;00:12;;;;2;2;6;2015;2015;;2015;;L:\AudioToscana\2015\MADONNA - GHOSTTOWN.wav;;;2
4263;5125;REC;;Dilemma;0;NELLY - KELLY ROWLAND;N;Y;;;;;;;S;;04:22;00:10;SF;3;;134;60;35;2002;STRA 2000;5;stra V;;L:\AudioToscana\stra V\Nelly - Dilemma.wav;;;1
5489;11219;REC;;Che Vita Meravigliosa;0;DIODATO;N;;;;;;;;;;03:23;00:10;MM;2;;26;25;18;2019;2019;6;2019;;L:\AudioToscana\2019\Diodato - Che vita meravigliosa.wav;;;2
5616;9000;REC;;A Modo Tuo;1;ELISA;B;;;;;;;O;I;;04:04;00:10;SS;1;;213;129;40;2014;2014;6;2014;;L:\AudioToscana\2014\Elisa - A Modo Tuo.wav;;;1
5682;10971;REC;;Nonno Hollywood;0;ENRICO NIGIOTTI;N;;;;;;;;I;;03:42;00:15;SS;1;;145;144;41;2019;SANREMO 2019;6;SANREMO;;L:\AudioToscana\2019\SANREMO\Enrico Nigiotti - Nonno Hollywood.wav;;;1
5722;10254;REC;;Ragazza Paradiso;0;ERMAL META;N;;;;;;;;I;;03:27;00:24;SM;2;;37;28;21;2017;2017;6;2017;;L:\AudioToscana\2017\Ermal Meta - Ragazza paradiso.WAV;;;2
5727;11514;REC;;Un Milione Di Cose Da Dirti;0;ERMAL META;N;;;;;;;O;I;;03:18;00:14;MM;1;;162;162;55;2021;2021;7;;;L:\AudioToscana\2021\Ermal Meta - Un milione di cose da dirti.wav;;;1
6073;9188;REC;;Oronero;0;GIORGIA;N;;;;;;;;I;;03:15;00:14;SS;1;;81;81;60;2016;2016;6;2016;;L:\AudioToscana\2016\GIORGIA - ORONERO.wav;;;1
6907;7531;REC;;Dove Si Vola;0;MARCO MENGONI;N;2;;;;;;O;I;;03:49;00:13;MS;2;;108;108;41;2009;2009;5;2009;;L:\AudioToscana\2009\marco - dove si vola.wav;;;2
9850;5344;REC;;Nient'altro Che Noi;0;"883; MAX PEZZALI";N;;;;;;;O;I;;04:26;00:16;SS;2;;107;92;40;1999;ITA 2000;5;ita V;;L:\AudioToscana\ita V\883 - Nient'altro che noi.wav;;;1
9881;7097;REC;;Senza Nuvole;0;ALESSANDRA AMOROSO;N;;;;;;;O;I;;03:33;00:08;SS;1;;131;78;30;2009;2009;5;2009;;L:\AudioToscana\2009\Alessandra Amoroso - Senza Nuvole.wav;;;1
9883;7262;REC;;Estranei A Partire Da Ieri;0;ALESSANDRA AMOROSO;N;;;;;;;O;I;;03:56;00:16;SS;1;;142;125;47;2009;2009;5;2009;;L:\AudioToscana\2009\Alessandra Amoroso - Estranei a partire da ieri.WAV;;;1
9885;7332;REC;;Non Devi Perdermi;0;ALESSANDRA AMOROSO;N;;;;;;;O;I;;03:11;00:14;MM;2;;123;79;38;2014;2014;6;2014;;L:\AudioToscana\2014\ALESSANDRA AMOROSO -  NON DEVI PERDERMI.wav;;;1
9886;5180;REC;;Immobile;0;ALESSANDRA AMOROSO;N;;;;;;;O;I;200;03:16;00:00;SS;1;;161;155;64;2009;2009;5;2009;;L:\AudioToscana\2009\Alessandra Amoroso - Immobile.wav;;;1
9930;6345;REC;;Dalla Pelle Al Cuore;0;ANTONELLO VENDITTI;N;;;;;;;O;I;;04:12;00:13;SS;1;;161;87;38;2007;2007;6;2007;;L:\AudioToscana\2007\Antonello Venditti - Dalla pelle al cuore.wav;;;1
9943;7941;REC;;Unica;0;ANTONELLO VENDITTI;N;;;;;;;O;I;;03:32;00:24;SM;1;;160;91;36;2011;2011;6;2011;;L:\AudioToscana\2011\Antonello Venditti - UNICA.wav;;;1
9962;6181;REC;;Sognami;0;BIAGIO ANTONACCI;N;;;;;;;O;I;;03:13;00:50;MM;2;;189;140;56;2007;2007;5;2007;;L:\AudioToscana\2007\Biagio Antonacci - Sognami.wav;;;1
9984;4604;REC;;Guardastelle;0;BUNGARO;N;L;;;;;;O;I;;03:51;00:16;SS;1;;133;87;37;2004;ITA 2000;5;ita V;;L:\AudioToscana\ita V\Bungaro - Guardastelle.wav;;;1
9992;7478;REC;;Il Pagliaccio;0;CESARE CREMONINI;B;;;;;;;O;I;;04:12;00:12;MM;2;;192;166;65;2009;2009;5;2009;;L:\AudioToscana\2009\Cesare Cremonini - Il Pagliaccio.wav;;;1
10063;10825;REC;;Se Piovesse Il Tuo Nome;1;ELISA;B;;;;;;;O;I;;03:04;00:12;MS;1;;228;139;38;2018;2018;6;2018;;L:\AudioToscana\2018\Elisa - Se piovesse il tuo nome.wav;;;1
10083;10364;REC;;Piccola Anima;0;"ERMAL META FEAT ELISA; ERMAL META; ELISA";N;;;;;;;O;I;;03:26;00:18;SS;1;;93;86;81;2017;2017;6;2017;;L:\AudioToscana\2017\Ermal Meta - Piccola Anima.wav;;;1
10209;1297;REC;;Che Ne Sarà Di Noi;0;GIANLUCA GRIGNANI;N;;;;;;;O;I;;03:42;00:14;SS;1;;139;126;59;2005;ITA 2000;5;ita V;;L:\AudioToscana\ita V\Gianluca Grignani - Che Ne Sarà Di Noi.wav;;;1
10218;6829;REC;;Vuoi Vedere Che Ti Amo;0;"GIANLUCA GRIGNANI - L'AURA; GIANLUCA GRIGNANI; L'AURA";N;;;;;;;O;I;;04:00;00:00;SS;1;;138;113;66;2008;2008;5;2008;;L:\AudioToscana\2008\Gianluca Grignani - Vuoi Vedere Che Ti Amo.wav;;;1
10276;347;REC;;Parlami D'amore;0;GIORGIA;B;;;;;;;O;I;;03:32;00:18;SS;2;;207;21;29;1999;ITA 90;4;ita V;;L:\AudioToscana\ita V\Giorgia - Parlami D'amore.wav;;;1
10278;346;REC;;Marzo;0;GIORGIA;N;;;;;;;O;I;;03:40;00:28;SF;1;;69;50;21;2002;ITA 2000;5;ita V;;L:\AudioToscana\ita V\Giorgia - Marzo - Giorgia.wav;;;1
10279;7286;REC;;Per Fare A Meno Di Te;0;GIORGIA;N;;;;;;;O;I;;02:49;00:15;SS;1;;98;93;70;2008;2008;5;2008;;L:\AudioToscana\2008\giorgia - per fare a meno di te.wav;;;1
10294;689;REC;;Buon Compleanno;0;IRENE GRANDI;N;;;;;;;O;I;;03:53;00:16;SS;2;;112;64;41;2003;ITA 2000;5;ita V;;L:\AudioToscana\ita V\irene grandi - buon compleanno.wav;;;1
10336;2113;REC;;Come Se Non Fosse Stato Mai Amore;0;LAURA PAUSINI;N;;;;;;;O;I;;03:52;00:24;SM;2;;98;79;46;2004;ITA 2000;5;ita V;;L:\AudioToscana\2005\Laura Pausini - Come se non fosse mai stato amore.wav;;;1
10377;11422;REC;;Volente O Nolente;0;"LIGABUE FEAT ELISA; LIGABUE; ELISA";N;;;;;;;O;I;;03:21;00:13;SM;1;;66;33;50;2020;2020;5;;;L:\AudioToscana\2020\LIGABUE feat ELISA - VOLENTE O NOLENTE.wav;;;1
10464;539;REC;;Fino A Tutta La Vita Che C'è;0;MARCO MASINI;N;;;;;;;O;I;;03:17;00:23;MF;2;;143;65;45;1999;ITA 90;4;ita V;;L:\AudioToscana\ita V\Marco Masini - Fino A Tutta La Vita Che C'è.wav;;;1
10480;546;REC;;Con Il Cuore;0;MASSIMO DI CATALDO;N;;;;;;;O;I;;04:07;00:14;SF;1;;122;58;35;2001;ITA 90;4;ita V;;L:\AudioToscana\ita V\Massimo Di Cataldo - Con Il Cuore.wav;;;1
10496;2124;REC;;Eccoti;0;MAX PEZZALI;B;;;;;;;O;I;;03:56;00:08;SM;1;;239;194;62;2005;ITA 2000;5;ita V;;L:\AudioToscana\2005\883-Max Pezzali - Eccoti (New 2005).wav;;;1
10550;7860;REC;;Tappeto Di Fragole;0;MODA';B;;;;;;;O;I;;03:07;00:07;SS;1;;267;260;51;2011;2011;6;2011;;L:\AudioToscana\2011\Modà - Tappeto di fragole.wav;;;1
10559;424;REC;;Solo 3 Min;0;NEGRAMARO;B;;;;;;;O;I;;03:30;00:28;SS;1;;254;190;46;2005;ITA 2000;5;2005;;L:\AudioToscana\2005\NEGRAMARO - solo 3 min.wav;;;1
10566;8089;REC;;Basta Così;0;"NEGRAMARO FEAT. ELISA; NEGRAMARO; ELISA";N;;;;;;;O;I;;04:29;00:02;SS;1;;73;46;51;2011;2011;6;2011;;L:\AudioToscana\2011\Negramaro feat. Elisa - Basta così.wav;;;1
10573;5390;REC;;Instabile;0;NEK;N;;;;;;;O;I;;03:24;00:12;SS;1;;156;142;67;2006;2006;5;2006;;L:\AudioToscana\2006\Nek - Instabile.wav;;;1
10586;7254;REC;;L'amore Si Odia;0;"NOEMI - FIORELLA MANNOIA; NOEMI; FIORELLA MANNOIA";N;;;;;;;O;I;;03:03;00:14;SS;1;;164;118;68;2009;2009;5;2009;;L:\AudioToscana\2009\Noemi - L'amore si odia.WAV;;;1
10599;11469;REC;;Un Sorriso Dentro Al Pianto;0;ORNELLA VANONI;N;;;;;;;O;I;;03:36;00:08;SS;1;;133;34;18;2021;2021;7;;;L:\AudioToscana\2020\Ornella Vanoni - Un sorriso dentro al pianto.wav;;;1
10607;7320;REC;;Tu Che Sei Parte Di Me;0;"PACIFICO - GIANNA NANNINI; PACIFICO; GIANNA NANNINI";N;;;;;;;O;I;;03:13;00:09;SS;2;;142;79;49;2008;2008;5;2008;;L:\AudioToscana\2008\PACIFICO - Tu che sei parte di me.wav;;;1
10608;8475;REC;;L'unica Cosa Che Resta;0;"PACIFICO FEAT. MALIKA AYANE; PACIFICO; MALIKA AYANE";N;;;;;;;O;I;;02:56;00:11;SS;1;;141;90;41;2012;2012;6;2012;;L:\AudioToscana\2012\Pacifico feat. malika Ayane - L'unica cosa che resta.wav;;;1
10640;5571;REC;;Vento Di Passione;0;"PINO DANIELE E GIORGIA; PINO DANIELE; GIORGIA";B;;;;;;;O;I;;04:04;00:21;SM;2;;64;32;37;2007;2007;5;2007;;L:\AudioToscana\2007\Pino Daniele - Vento di passione (CON giorgia).wav;;;1
10677;1080;REC;;Via;0;RAF;N;;;;;;;O;I;;03:52;00:12;SS;2;;93;85;52;2001;ITA 2000;5;ita V;;L:\AudioToscana\ita V\Raf - Via.wav;;;1
10776;4975;REC;;Il Segreto;0;STADIO;N;;;;;;;O;I;;03:12;00:14;SM;2;;100;91;45;2002;ITA 2000;5;ita V;;L:\AudioToscana\ita V\Stadio - Il segreto.wav;;;1
10793;6040;REC;;Domo Mia;0;"TAZENDA FEAT. EROS RAMAZZOTTI; TAZENDA; EROS RAMAZZOTTI";N;;;;;;;O;I;;03:41;00:18;SS;2;;80;53;35;2007;2007;5;2007;;L:\AudioToscana\2007\Tazenda - Domo Mia (ft. Eros Ramazzotti).wav;;;1
10801;10826;REC;;Noi Casomai;0;TIROMANCINO;N;;;;;;;O;I;;03:31;00:14;SS;1;;142;132;47;2018;2018;6;2018;;L:\AudioToscana\2018\Tiromancino - Noi casomai.wav;;;1
10861;2824;REC;;Svegliarsi La Mattina;0;ZERO ASSOLUTO;N;;;;;;;O;I;;03:13;00:13;MF;2;;97;52;36;2006;SANREMO 2006;5;2006;;L:\AudioToscana\2006\Zero Assoluto - Svegliarsi la mattina.wav;;;1
11020;2410;REC;;Beautiful;0;CHRISTINA AGUILERA;N;;;;;;;O;S;;03:52;00:27;SS;1;;175;103;43;1999;STRA 2000;5;stra V;;L:\AudioToscana\stra V\Christina Aguilera - Beautiful.wav;;;1
11054;5502;REC;;Thank You;0;DIDO;N;;;;;;;O;S;;03:18;00:36;SS;2;;159;87;47;1999;STRA 2000;5;stra V;;L:\AudioToscana\stra V\Dido - Thank You.wav;;;1
11111;7597;REC;;Hero;0;ENRIQUE IGLESIAS;N;;;;;;;O;S;;04:17;00:12;SS;1;;166;138;59;2001;STRA 2000;5;stra V;;L:\AudioToscana\stra V\Enrique Iglesias - Hero.wav;;;1
11129;3723;REC;;Superman;0;FIVE FOR FIGHTING;N;;;;;;;O;S;;03:30;00:18;SS;1;;165;87;31;1960;STRA 2000;5;stra V;;L:\AudioToscana\stra V\Five For Fighting - Superman.wav;;;1
11139;3097;REC;;Rise;0;GABRIELLE;B;;;;;;;O;S;;03:24;00:14;SS;1;;213;115;36;1998;STRA 2000;5;stra V;;L:\AudioToscana\stra V\Gabrielle - Rise (Album Version).wav;;;1
11168;3742;REC;;Mad About You;0;HOOVERPHONIC;N;;;;;;;O;S;;03:23;00:23;SS;1;;155;90;39;2000;STRA 2000;5;stra V;;L:\AudioToscana\stra V\Hooverphonic - Mad About You .wav;;;1
11195;8238;REC;;All Of Me;0;JOHN LEGEND;N;L;;;;;;O;S;;02:55;00:08;SS;1;;144;102;30;2013;2013;6;2013;;L:\AudioToscana\2013\JOHN LEGEND - ALL OF ME.wav;;;1
11221;2757;REC;;Misread;0;KINGS OF CONVENIENCE;N;;;;;;;O;S;;03:01;00:39;SS;2;;143;47;27;2004;STRA 2000;;stra V;;L:\AudioToscana\stra V\Kings of convenience - Misread.wav;;;1
11311;6114;REC;;Happy Ending;0;MIKA;N;;;;;;;O;S;;03:30;00:01;SS;2;;181;140;57;2008;2007;5;2007;;L:\AudioToscana\2007\MIKA - Happy Ending.wav;;;1
11371;6546;REC;;Hey There Delilah;0;PLAIN WHITE T'S;N;;;;;;;O;S;;03:45;00:10;SS;2;;152;114;40;2005;2007;5;2007;;L:\AudioToscana\2007\PLAIN WHITE T'S - HEY THERE DELILAH.wav;;;1
11438;8982;REC;;I'm Not The Only One;0;SAM SMITH;N;;;;;;;O;S;;03:17;00:12;SS;1;;178;177;61;2014;2014;6;2014;;L:\AudioToscana\2014\SAM SMITH - I'm Not The Only One.wav;;;1
11550;3458;REC;;Orchestra;0;THE SERVANT;N;;;;;;;O;S;;03:26;00:00;SM;2;;146;53;30;2003;STRA 2000;;stra V;;L:\AudioToscana\stra V\The Servant - Orchestra.wav;;;1
12611;9224;REC;;Se Telefonando;0;"NEK; MINA";B;;;;;;;;I;;02:50;00:18;MM;2;;230;105;37;2015;2015;6;SANREMO;;L:\AudioToscana\2015\SANREMO\Nek - Se Telefonando.wav;;;1
12859;103;REC;;Mi Fai Stare Bene;0;BIAGIO ANTONACCI;N;;;;;;;;I;;03:22;00:13;SF;3;;84;19;30;1998;ITA 90;4;ita V;;L:\AudioToscana\ita V\Biagio Antonacci - Mi Fai Stare Bene.wav;;;1
12989;4710;REC;;You Learn;0;ALANIS MORISSETTE;N;;;;;;;;S;;03:50;00:13;MM;2;;141;24;35;1995;STRA 90;4;stra V;;L:\AudioToscana\stra V\Alanis Morissette - You learn.wav;;;1
13008;2611;REC;;I'm With You;0;AVRIL LAVIGNE;N;;;;;;;O;S;;03:40;00:19;SS;2;;193;131;54;2002;STRA 2000;5;stra V;;L:\AudioToscana\stra V\Avril Lavigne - I'm With You.wav;;;1
13051;3662;REC;;It's My Life;0;BON JOVI;N;R;;;;;;;S;;03:41;00:08;FF;3;;58;13;31;2000;STRA 2000;5;stra V;;L:\AudioToscana\stra V\Bon Jovi - It's My Life (UK Remix).wav;;;1
13083;5138;REC;;Genie In A Bottle;0;CHRISTINA AGUILERA;N;Y;;;;;;;S;;03:36;00:14;MM;3;;126;43;31;1999;STRA 90;4;stra V;;L:\AudioToscana\stra V\Christina Aguilera - Genie In a Bottle.wav;;;1
13099;6269;REC;;Seven Days;0;CRAIG DAVID;N;;;;;;;;S;;03:32;00:25;SM;3;;80;28;23;2007;STRA 2000;5;stra V;;L:\AudioToscana\stra V\Craig David -Seven Days.wav;;;2
13118;3695;REC;;Here With Me;0;DIDO;N;;;;;;;O;S;;03:56;00:18;SS;1;;172;100;44;1999;STRA 2000;5;stra V;;L:\AudioToscana\stra V\Dido - Here With Me - Here With Me.wav;;;1
13142;2405;REC;;What Happens Tomorrow;0;DURAN DURAN;;;;;;;;;S;;03:59;00:12;MM;2;;90;2;6;2004;STRA 2000;5;stra V;;L:\AudioToscana\stra V\DURAN DURAN - What Happens Tomorrow.wav;;;1
13185;5625;REC;;Dreams;0;GABRIELLE;;;;;;;;;S;;03:24;00:03;SM;1;;66;1;1;1991;STRA 90;4;stra V;;L:\AudioToscana\stra V\Gabrielle - Dreams.wav;;;1
13231;6482;REC;;Depende;0;JARABE DE PALO;N;;;;;;;;S;;04:21;00:11;MM;2;;82;38;30;1998;STRA 2000;5;stra V;;L:\AudioToscana\stra V\Jarabe De Palo - Depende.wav;;;1
13268;4065;REC;;Sitting Down Here;0;LENE MARLIN;N;;;;;;;;S;;03:14;00:24;FF;3;;192;52;32;1999;STRA 90;4;stra V;;L:\AudioToscana\stra V\Lene Marvin - Sitting Down Here.wav;;;1
13312;4867;REC;;Home;0;MICHAEL BUBLE';N;;;;;;;O;S;;03:35;00:15;SS;1;;184;97;34;2005;STRA 2000;5;stra V;;L:\AudioToscana\stra V\Michael Bublé - Home.wav;;;1
13338;3856;REC;;I'm Like A Bird;0;NELLY FURTADO;N;;;;;;;;S;;03:48;00:21;SF;2;;191;109;42;2000;STRA 2000;5;stra V;;L:\AudioToscana\stra V\Nelly Furtado - I'm Like A Bird.wav;;;1
13406;3247;REC;;Imitation Of Life;0;REM;N;;;;;;;;S;;03:47;00:17;FM;2;;156;83;43;2001;STRA 2000;5;stra V;;L:\AudioToscana\stra V\R.E.M. - Imitation Of Life - R.E.M..wav;;;1
13413;4872;REC;;It Ain't Easy;0;RICKY FANTE';N;;;;;;;O;S;;03:16;00:07;SM;1;;201;106;34;2003;STRA 2000;5;stra V;;L:\AudioToscana\stra V\Ricky Fante' - It ain't easy.wav;;;1
13415;3513;REC;;Rock Dj;0;Robbie Williams;;Y;;;;;;;S;;03:23;00:09;FF;2;;56;1;82;2006;STRA 2000;5;stra V;;L:\AudioToscana\stra V\Robbie Williams - Rock DJ - Robbie Williams.wav;;;2
13483;7337;REC;;Have A Nice Day;0;STEREOPHONICS;N;;;;;;;;S;;03:03;00:16;MF;3;;193;104;40;2001;STRA 2000;5;stra V;;L:\AudioToscana\stra V\Stereophonics - Have a Nice Day.wav;;;1
13525;3943;REC;;Wherever You Will Go;0;THE CALLING;N;;;;;;;;S;;03:17;00:09;SF;1;;186;126;55;1995;STRA 2000;5;stra V;;L:\AudioToscana\stra V\The Calling - Wherever You Will Go.wav;;;1
13568;3964;REC;;Drops Of Jupiter;0;TRAIN;N;;;;;;;;S;;04:12;00:12;SM;1;;183;114;43;2001;STRA 2000;5;stra V;;L:\AudioToscana\stra V\Train - Drops Of Jupiter.wav;;;1
13596;3977;REC;;Light My Fire;0;WILL YOUNG;N;;;;;;;O;S;;02:57;00:20;SM;2;;215;111;39;2002;STRA 2000;5;stra V;;L:\AudioToscana\stra V\Will Young - Light My Fire.wav;;;1
13603;5096;REC;;You Give Me Something;0;JAMES MORRISON;N;;;;;;;O;S;;03:28;00:09;SS;1;;196;104;35;2006;2006;5;2006;;L:\AudioToscana\2006\James Morrison - You give me something.wav;;;1
13611;6479;REC;;No One;0;ALICIA KEYS;N;;;;;;;O;S;;04:07;00:12;SS;1;;177;136;62;2007;2007;5;2007;;L:\AudioToscana\2007\Alicia Keys - No One.wav;;;1
13612;6551;REC;;Back To Black;0;AMY WINEHOUSE;N;;;;;;;O;S;;03:06;00:17;SS;1;;181;135;61;2008;2007;5;2007;;L:\AudioToscana\2007\AMY WINEHOUSE - Back To Black.wav;;;1
13613;5764;REC;;Rehab;0;AMY WINEHOUSE;N;;;;;;;;S;;03:30;00:01;FF;2;;174;123;57;2007;2007;5;2007;;L:\AudioToscana\2007\Amy Winehouse - Rehab.wav;;;1
13614;6543;REC;;Let Me Out;0;BEN'S BROTHER;N;;;;;;;O;S;;03:48;00:13;SS;1;;186;140;60;2007;2007;5;2007;;L:\AudioToscana\2007\ben's brother - Let Me Out.wav;;;1
13615;6288;REC;;People Help The People;0;CHERRY GHOST;N;;;;;;;;S;;03:47;00:07;SS;1;;163;114;58;2007;2007;5;2007;;L:\AudioToscana\2007\cherry ghost - People Help the People.wav;;;1
13616;5898;REC;;Ordinary Day;0;"DOLORES O'RIORDAN; THE CRANBERRIES";N;;;;;;;;S;;03:29;00:09;SM;2;;165;118;56;2007;2007;5;2007;;L:\AudioToscana\2007\Dolores O'riordan - Ordinary day.wav;;;1
13618;6243;REC;;1973;0;JAMES BLUNT;N;;;;;;;O;S;;03:49;00:36;MF;2;;179;84;37;2007;2007;5;2007;;L:\AudioToscana\2007\James Blunt - 1973.wav;;;1
13620;6115;REC;;I'll Be Waiting;0;LENNY KRAVITZ;N;;;;;;;O;S;;03:51;00:14;SM;1;;148;94;48;2008;2007;5;2007;;L:\AudioToscana\2007\Lenny Kravitz - I'll Be Waiting.wav;;;1
13622;5950;REC;;Everything;0;MICHAEL BUBLE';N;;;;;;;O;S;;03:23;00:15;SS;2;;183;95;40;2007;2007;5;2007;;L:\AudioToscana\2007\Michael Buble' - Everything.wav;;;1
13627;6400;REC;;Goodbye Philadelphia;0;PETER CINCOTTI;N;;;;;;;O;S;;04:09;00:17;SS;1;;206;76;31;2007;2007;5;2007;;L:\AudioToscana\2007\Peter Cincotti - Goodbye Philadelphia.wav;;;1
13630;6250;REC;;How To Save A Life;0;THE FRAY;N;;;;;;;;S;;04:20;00:08;SF;1;;177;105;42;2005;2007;5;2007;;L:\AudioToscana\2007\The fray - How to save a life.wav;;;1
13632;7406;REC;;This Is The Life;0;AMY MACDONALD;N;Y;;;;;;;S;;02:54;00:12;FF;3;;83;33;15;2008;2008;5;2008;;L:\AudioToscana\2008\Amy Mac Donald - This is The Life.wav;;;2
13634;7291;REC;;If I Were A Boy;0;BEYONCE;N;;;;;;;O;S;;04:05;00:01;SS;1;;186;142;64;2008;2008;5;2008;;L:\AudioToscana\2008\beyonce - if i were a boy.wav;;;1
13639;6622;REC;;Carry You Home;0;JAMES BLUNT;N;;;;;;;O;S;;03:43;00:11;SS;1;;156;85;38;2008;2008;5;2008;;L:\AudioToscana\2008\James Blunt - Carry You Home.wav;;;1
13644;6697;REC;;Better In Time;0;LEONA LEWIS;;;;;;;;;S;;03:43;00:24;SM;2;;103;1;15;2007;2008;5;2008;;L:\AudioToscana\2008\Leona Lewis - Better in Time.wav;;;1
13650;7640;REC;;Halo;0;BEYONCE;N;;;;;;;O;S;;03:42;00:14;MM;1;;168;124;56;2009;2009;5;2009;;L:\AudioToscana\2009\beyonce - halo.wav;;;1
13654;4490;REC;;Wonderful;0;GARY GO;;;;;;;;;S;;03:24;00:16;FF;3;;113;37;13;2009;2009;5;2009;;L:\AudioToscana\2009\Gary Go - Wonderful.wav;;;1
13665;6933;REC;;Rolling In The Deep;0;ADELE;N;;;;;;;;S;;03:43;00:05;SM;3;;145;47;37;2010;2010;6;2010;;L:\AudioToscana\2010\Adele - Rolling In The Deep.wav;;;1
13668;1277;REC;;While My Guitar Gently Weeps;0;"CARLOS SANTANA FEAT INDIA ARIE & YO YO MA; SANTANA; THE BEATLES";N;;;;;;;O;S;;03:52;00:17;SS;2;;141;55;29;2010;2010;6;2010;;L:\AudioToscana\2010\Carlos Santana feat India arie & Yo Yo Ma - While My Guitar Gently Weeps.wav;;;1
13675;7070;REC;;Blue Skies;0;JAMIROQUAI;N;;;;;;;O;S;;03:46;00:03;SS;1;;163;139;58;2010;2010;6;2010;;L:\AudioToscana\2010\Jamiroquai - Blue Skies.wav;;;1
13687;8297;REC;;Someone Like You;1;ADELE;B;;;;;;;O;S;;04:28;00:14;SS;1;;238;204;60;2011;2011;6;2011;;L:\AudioToscana\2011\Adele - Someone like you.wav;;;1
13688;8053;REC;;Set Fire To The Rain;0;ADELE;N;;;;;;;O;S;;03:38;00:09;SM;1;;170;134;62;2011;2011;6;2011;;L:\AudioToscana\2011\Adele - Set Fire To The Rain.wav;;;1
13690;7631;REC;;Grenade;0;BRUNO MARS;N;;;;;;;;S;;03:33;00:05;MM;2;;48;25;22;2011;2011;6;2011;;L:\AudioToscana\2011\Bruno Mars - Grenade.wav;;;2
13694;8282;REC;;Paradise;0;COLDPLAY;N;;;;;;;;S;;03:56;00:41;SS;2;;104;91;57;2011;2011;6;2011;;L:\AudioToscana\2011\Coldplay - Paradise.wav;;;1
13697;8013;REC;;Anger Never Dies;0;HOOVERPHONIC;N;;;;;;;O;S;;03:21;00:27;MS;1;;174;159;62;2011;2011;6;2011;;L:\AudioToscana\2011\Hooverphonic - Anger Never Dies.wav;;;1
13704;7174;REC;;Nothing's Real But Love;0;REBECCA FERGUSON;N;;;;;;;O;S;;02:34;00:17;SS;2;;199;199;63;2011;2011;6;2011;;L:\AudioToscana\2011\REBECCA FERGUSON - Nothing's real but love.wav;;;1
13707;8502;REC;;Girl On Fire;0;ALICIA KEYS;N;;;;;;;;S;;03:34;00:00;SS;1;;147;147;66;2012;2012;6;2012;;L:\AudioToscana\2012\Alicia Keys - Girl On Fire.wav;;;1
13715;8463;REC;;We Are Young;0;FUN  FEAT. JANELLE MONAE;;Y;;;;;;;S;;03:49;00:02;SS;2;;60;40;14;2012;2012;6;2012;;L:\AudioToscana\2012\Fun  feat. Janelle Monae - We Are Young.wav;;;2
13716;8441;REC;;Somebody That I Used To Know;1;GOTYE FEAT. KIMBRA;B;;;;;;;O;S;;03:58;00:19;SM;2;;285;268;61;2012;2012;6;2012;;L:\AudioToscana\2012\Gotye Feat. Kimbra - Somebody That I Used To Know.wav;;;1
13721;5240;REC;;Try;0;PINK;N;;;;;;;;S;;03:38;00:23;MM;2;;170;170;60;2012;2012;6;2012;;L:\AudioToscana\2012\PINK - TRY.wav;;;1
13722;6720;REC;;Diamonds;0;RIHANNA;N;;;;;;;;S;;03:39;00:00;SM;1;;170;155;65;2012;2012;6;2012;;L:\AudioToscana\2012\Rihanna - Diamonds.wav;;;1
13731;5802;REC;;Pompeii;0;BASTILLE;N;Y;;;;;;;S;;03:29;00:19;SM;3;;81;29;21;2013;2013;6;2013;;L:\AudioToscana\2013\Bastille - Pompeii.mp3;;;2
13734;8580;REC;;When I Was Your Man;1;BRUNO MARS;B;;;;;;;O;S;;03:27;00:13;SS;1;;236;236;60;2013;2013;6;2013;;L:\AudioToscana\2013\BRUNO MARS - WHEN I WAS YOUR MAN.wav;;;1
13747;1242;REC;;Stardust;0;"MIKA FEAT. CHIARA; MIKA; CHIARA";N;;;;;;;;S;50;03:15;00:07;SS;2;;145;145;75;2013;2013;6;2013;;L:\AudioToscana\2013\MIKA Feat. Chiara  - STARDUST.wav;;;1
13748;5478;REC;;Wrecking Ball;0;MILEY CYRUS;N;;;;;;;;S;;03:32;00:08;SM;2;;176;176;60;2013;2013;6;2013;;L:\AudioToscana\2013\MILEY CYRUS - WRECKING BALL.wav;;;1
13749;8213;REC;;Let Her Go;0;PASSENGER;N;;;;;;;O;S;;03:53;00:26;SS;1;;178;178;56;2013;2013;6;2013;;L:\AudioToscana\2013\PASSENGER - LET HER GO.wav;;;1
13752;8593;REC;;Just Give Me A Reason;0;"PINK FEATURING NATE RUESS; PINK";N;;;;;;;O;S;;03:56;00:11;SS;1;;175;175;64;2013;2013;6;2013;;L:\AudioToscana\2013\Pink featuring Nate Ruess - Just Give Me A Reason.wav;;;1
13764;9048;REC;;Thinking Out Loud;0;ED SHEERAN;B;;;;;;;;S;;02:50;00:00;SS;1;;241;241;64;2014;2014;6;2014;;L:\AudioToscana\2014\ED SHEERAN - THINKING OUT LOUD.wav;;;1
13766;7684;REC;;Budapest;0;GEORGE EZRA;N;;;;;;;;S;;03:20;00:08;SS;2;;156;45;32;2014;2014;6;2014;;L:\AudioToscana\2014\GEORGE EZRA - BUDAPEST.wav;;;1
13767;6849;REC;;Demons;0;IMAGINE DRAGONS;N;;;;;;;;S;;02:52;00:00;SM;1;;161;161;69;2014;2014;6;2013;;L:\AudioToscana\2013\Imagine Dragon - Demons.wav;;;1
13779;8701;REC;;Stay With Me;0;"SAM SMITH FEAT MARY J BLIGE; SAM SMITH; MARY J BLIGE";N;;;;;;;O;S;;02:47;00:11;SS;1;;126;126;72;2014;2014;6;2014;;L:\AudioToscana\2014\SAM SMITH feat Mary J Blige - Stay With Me.wav;;;1
13781;8759;REC;;Chandelier;1;SIA;B;;;;;;;;S;50;03:29;00:00;MM;1;;284;284;60;2014;2014;6;2014;;L:\AudioToscana\2014\SIA- CHANDELIER.wav;;;1
13783;9416;REC;;Hello;0;ADELE;N;L;;;;;;O;S;;04:04;00:06;SS;1;;109;109;78;2015;2015;6;2015;;L:\AudioToscana\2015\ADELE - Hello.wav;;;1
13790;9234;REC;;Love Me Like You Do;0;ELLIE GOULDING;N;Y;;;;;;O;S;;03:39;00:07;SM;2;;171;74;34;2015;2015;6;2015;;L:\AudioToscana\2015\ELLIE GOULDING - Love Me Like You Do.wav;;;2
13793;9838;REC;;Take Me Home;0;JESS GLYNNE;N;Y;;;;;;O;S;;03:26;00:00;MM;1;;171;171;64;2015;2015;6;2015;;L:\AudioToscana\2015\Jess Glynne - Take Me Home.wav;;;1
13803;9872;REC;;Locked Away;0;"R.CITY FEAT. ADAM LEVINE; ADAM LEVINE; MAROON 5";N;Y;;;;;;;S;;03:42;00:00;SM;2;;117;117;71;2015;2015;6;2015;;L:\AudioToscana\2015\R.CITY feat. ADAM LEVINE - LOCKED AWAY.wav;;;1
13818;10093;REC;;WE DON'T TALK ANYMORE (Feat Selena Gomez);0;CHARLIE PUTH;;Y;;;;;;;S;;03:32;00:01;MM;3;;94;38;12;2016;2016;6;2016;;L:\AudioToscana\2016\CHARLIE PUTH - WE DON'T TALK ANYMORE ( feat Selena Gomez).wav;;;1
13822;9898;REC;;Hymn For The Weekend;0;"COLDPLAY FEAT BEYONCE; COLDPLAY; BEYONCE";N;;;;;;;O;S;;03:39;00:10;MM;2;;104;104;81;2016;2016;6;2016;;L:\AudioToscana\2016\COLDPLAY - HYMN FOR THE WEEKEND.wav;;;1
13831;5196;REC;;Million Reasons;0;LADY GAGA;B;;;;;;;O;S;;03:04;00:15;SS;1;;240;240;68;2016;2016;6;2016;;L:\AudioToscana\2016\LADY GAGA - Million Reasons.wav;;;1
13832;10125;REC;;Lost On You;0;LP;N;;;;;;;;S;;03:17;00:23;SM;1;;198;198;67;2016;2016;6;2016;;L:\AudioToscana\2016\LP - Lost On You.wav;;;1
13838;8853;REC;;Human;0;RAG'N'BONE MAN;N;;;;;;;;S;;03:14;00:14;MS;2;;160;160;70;2016;2016;6;2016;;L:\AudioToscana\2016\RAG'N'BONE MAN - HUMAN.wav;;;1
13839;7807;REC;;Love My Life;0;Robbie Williams;N;;;;;;;;S;;03:24;00:10;MM;2;;136;136;61;2016;2016;6;2016;;L:\AudioToscana\2016\ROBBIE WILLIAMS - LOVE MY LIFE.wav;;;1
13859;8380;REC;;Perfect;1;ED SHEERAN;B;;;;;;;O;S;40;04:13;00:03;SS;1;;287;287;67;2017;2017;6;2017;;L:\AudioToscana\2017\Ed Sheeran - Perfect.wav;;;1
13861;10189;REC;;Sign Of The Times;0;HARRY STYLES;B;;;;;;;O;S;;03:49;00:05;SM;1;;242;242;53;2017;2017;6;2017;;L:\AudioToscana\2017\HARRY STYLES - Sign Of The Times.wav;;;1
13877;10330;REC;;Leave A Light On;0;TOM WALKER;N;;;;;;;O;S;;03:02;00:01;SS;1;;168;168;62;2017;2017;6;2017;;L:\AudioToscana\2017\Tom Walker - Leave A Light On.wav;;;1
13928;11106;REC;;Birds;0;"IMAGINE DRAGONS FEAT. ELISA; IMAGINE DRAGONS; ELISA";N;;;;;;;O;S;;03:34;00:17;MM;2;;69;14;63;2019;2019;6;2019;;L:\AudioToscana\2019\IMAGINE DRAGONS Feat. ELISA - BIRDS.wav;;;1
13931;11044;REC;;Someone You Loved;1;LEWIS CAPALDI;B;;;;;;;O;S;;02:54;00:09;SS;1;;263;263;65;2019;2019;6;2019;;L:\AudioToscana\2019\lewis capaldi - someone you loved.wav;;;1
13936;11124;REC;;Memories;1;MAROON 5;B;;;;;;;;S;40;03:02;00:11;SM;2;;301;301;66;2019;2019;6;2019;;L:\AudioToscana\2019\MAROON 5 - MEMORIES.wav;;;1
13956;11239;REC;;Numb;0;DOTAN;B;;;;;;;O;S;;03:33;00:00;MM;1;;221;174;28;2020;2020;7;2020;;L:\AudioToscana\2020\Dotan - Numb.wav;;;2
13995;11530;REC;;Beautiful Mistakes;0;MAROON 5;;;;;;;;;S;;03:14;00:10;MM;2;;44;1;14;2021;2021;7;;;L:\AudioToscana\2021\Maroon 5 - Beautiful Mistakes.wav;;;2
14005;1922;REC;;Life For Rent;0;DIDO;N;;;;;;;O;S;;03:38;00:01;SS;1;;167;93;41;2003;STRA 2000;5;stra V;;L:\AudioToscana\stra V\Dido - Life For Rent.wav;;;1
14006;5574;REC;;Don't Think Of Me;0;DIDO;N;;;;;;;;S;;04:23;00:00;MS;2;;164;84;42;1999;STRA 2000;5;stra V;;L:\AudioToscana\stra V\DIDO - Don't Think of Me.wav;;;1
14011;2753;REC;;Somewhere Only We Know;0;KEANE;B;;;;;;;;S;;03:45;00:24;MM;2;;272;183;25;2004;STRA 2000;5;stra V;;L:\AudioToscana\stra V\Keane - Somewhere Only We Know.wav;;;1
14017;11289;REC;;16 Marzo (feat. Gow Tribe);0;ACHILLE LAURO;N;;;;;;;;I;;03:42;00:15;SM;1;;71;67;28;2020;2020;7;;;L:\AudioToscana\2020\Achille Lauro - 16 Marzo (feat. Gow Tribe).wav;;;2
14019;11742;REC;;Tutte Le Volte;0;ALESSANDRA AMOROSO;N;;;;;;;;I;;02:54;00:05;MM;2;;52;29;18;2021;2021;7;;;L:\AudioToscana\2021\Alessandra Amoroso - Tutte le volte.wav;;;2
14020;7073;REC;;Amore Puro;0;ALESSANDRA AMOROSO;N;;;;;;;O;I;;04:02;00:14;SM;1;;207;207;64;2013;2013;6;2013;;L:\AudioToscana\2013\ALESSANDRA AMOROSO - AMORE PURO.wav;;;1
14022;10065;REC;;Vivere A Colori;0;ALESSANDRA AMOROSO;N;;;;;;;;I;;04:02;00:17;SF;3;;61;31;17;2016;2016;6;2016;;L:\AudioToscana\2016\ALESSANDRA AMOROSO - VIVERE A COLORI.wav;;;2
14023;9925;REC;;Comunque Andare;0;ALESSANDRA AMOROSO;N;;;;;;;;I;;03:36;00:17;SM;3;;63;30;18;2016;2016;6;2016;;L:\AudioToscana\2016\ALESSANDRA AMOROSO - COMUNQUE ANDARE.wav;;;2
14034;7474;REC;;La Notte;1;ARISA;B;;;;;;;O;I;;03:44;00:14;SS;1;;307;307;58;2012;SANREMO 2012;6;SANREMO;;L:\AudioToscana\2012\SANREMO\Arisa - La Notte.wav;;;1
14038;5100;REC;;Pazzo Di Lei;0;BIAGIO ANTONACCI;N;;;;;;;O;I;;04:03;00:21;MM;1;;170;132;62;2005;ITA 2000;5;ita V;;L:\AudioToscana\ita V\Biagio Antonacci - Pazzo di lei.wav;;;1
14043;10974;REC;;Per Un Milione;0;BOOMDABASH;N;;;;;;;;I;;02:49;00:00;MM;2;;141;34;14;2019;SANREMO 2019;6;SANREMO;;L:\AudioToscana\2019\SANREMO\Boomdabash - Per un milione.wav;;;1
14050;6688;REC;;Dicono Di Me;0;CESARE CREMONINI;B;;;;;;;;I;;03:43;00:13;MF;3;;152;129;55;2008;2008;5;2008;;L:\AudioToscana\2008\Cesare Cremonini - Dicono Di Me.wav;;;1
14051;1320;REC;;Logico #1;0;CESARE CREMONINI;B;;;;;;;;I;;04:07;00:48;MM;2;;192;192;69;2014;2014;6;2014;;L:\AudioToscana\2014\CESARE CREMONINI - LOGICO #1.wav;;;1
14053;5707;REC;;Il Comico (sai Che Risate);0;CESARE CREMONINI;B;;;;;;;;I;;04:09;00:09;SM;2;;186;186;60;2012;2012;6;2012;;L:\AudioToscana\2012\Cesare Cremonini - Il Comico (Sai Che Risate).wav;;;1
14056;7501;REC;;Figlio Di Un Re;0;CESARE CREMONINI;B;;;;;;;;I;;04:10;00:27;MS;2;;199;164;59;2009;2009;5;2009;;L:\AudioToscana\2009\Cesare Cremonini - Figlio di un re.wav;;;1
14058;769;REC;;Maggese;0;CESARE CREMONINI;B;;;;;;;;I;;04:49;00:09;SF;3;;150;125;52;2005;ITA 2000;5;2005;;L:\AudioToscana\2005\Cesare Cremonini - Maggese.wav;;;1
14059;123;REC;;Latin Lover;0;CESARE CREMONINI;B;;;;;;;O;I;;03:30;00:35;SS;2;;213;126;42;2002;ITA 2000;5;ita V;;L:\AudioToscana\ita V\Cesare Cremonini - Latin Lover.wav;;;1
14060;9257;REC;;Buon Viaggio (share The Love);0;CESARE CREMONINI;B;;;;;;;;I;;03:17;00:14;SM;3;;149;149;58;2015;2015;6;2015;;L:\AudioToscana\2015\Cesare Cremonini - Buon Viaggio (Share the Love).wav;;;1
14061;9419;REC;;Poetica;1;CESARE CREMONINI;B;;;;;;;O;I;;04:39;00:21;SM;1;;178;178;63;2017;2017;6;2017;;L:\AudioToscana\2017\Cesare Cremonini - Poetica.wav;;;1
14062;1000;REC;;Le Tue Parole Fanno Male;0;CESARE CREMONINI;B;;;;;;;;I;;03:44;00:21;MS;1;;184;75;38;2005;2006;5;2006;;L:\AudioToscana\2006\CESARE CREMONINI - Le Tue Parole Fanno Male.wav;;;1
14063;7734;REC;;Hello;0;"CESARE CREMONINI - MALIKA AYANE; CESARE CREMONINI; MALIKA AYANE";B;;;;;;;O;I;;04:00;00:00;MM;1;;123;57;36;2010;2010;6;2010;;L:\AudioToscana\2010\Cesare Cremonini - Hello.wav;;;1
14064;6872;REC;;Mondo;0;"CESARE CREMONINI (FEAT. JOVANOTTI); CESARE CREMONINI; JOVANOTTI";N;;;;;;;;I;;04:44;00:18;SF;2;;49;41;63;2010;2010;6;2010;;L:\AudioToscana\2010\Cesare Cremonini - MONDO.wav;;;1
14067;1455;REC;;Due Respiri;0;CHIARA;N;;;;;;;O;I;;03:18;00:12;SS;1;;104;70;33;2012;2012;6;2012;;L:\AudioToscana\2012\CHIARA - DUE RESPIRI.wav;;;1
14073;11499;REC;;Musica Leggerissima;0;COLAPESCE, DIMARTINO;N;;;;;;;;I;;03:52;00:17;MM;2;;252;252;71;2021;2021;7;;;L:\AudioToscana\2021\SANREMO\Colapesce, Dimartino - Musica leggerissima.wav;;;1
14076;11225;REC;;Fai Rumore;1;DIODATO;B;;;;;;;O;I;;03:32;00:00;MM;1;;378;204;22;2020;SANREMO 2020;6;;;L:\AudioToscana\2020\sanremo\Diodato - Fai rumore.wav;;;1
14079;7058;REC;;L'anima Vola;0;ELISA;N;;;;;;;;I;;03:44;00:16;SS;2;;144;144;66;2013;2013;6;2013;;L:\AudioToscana\2013\ELISA - L' ANIMA VOLA.wav;;;1
14081;7647;REC;;Anche Se Non Trovi Le Parole;0;ELISA;B;;;;;;;;I;;03:45;00:24;SM;1;;206;197;53;2010;2010;6;2010;;L:\AudioToscana\2010\Elisa - Anche se non trovi le parole.wav;;;1
14082;9339;REC;;Anche Fragile;1;ELISA;B;;;;;;;O;I;;03:48;00:01;SM;1;;210;210;65;2019;2019;6;2019;;L:\AudioToscana\2019\Elisa - Anche fragile.wav;;;1
14083;11059;REC;;Tua Per Sempre;0;ELISA;B;;;;;;;O;I;;03:18;00:12;MM;1;;210;210;62;2019;2019;6;2019;;L:\AudioToscana\2019\Elisa - Tua per sempre.wav;;;1
14092;1963;REC;;Tutta Colpa Mia;0;ELODIE;N;;;;;;;;I;;03:13;00:12;MM;1;;190;190;59;2017;SANREMO 2017;6;2017;;L:\AudioToscana\2017\Elodie - Tutta colpa mia.wav;;;1
14096;10594;REC;;Mi Parli Piano;0;EMMA;N;;;;;;;O;I;;03:15;00:14;MM;2;;183;183;59;2018;2018;6;2018;;L:\AudioToscana\2018\EMMA - MI PARLI PIANO.wav;;;1
14099;4400;REC;;L'amore Non Mi Basta;0;EMMA;N;;;;;;;;I;;03:26;00:15;MM;2;;86;72;34;2013;2013;6;2013;;L:\AudioToscana\2013\Emma - L'amore non mi basta.wav;;;2
14100;8585;REC;;Amami;0;EMMA;N;;;;;;;;I;;03:37;00:08;MM;2;;193;193;60;2013;2013;6;2013;;L:\AudioToscana\2013\Emma - Amami.wav;;;1
14102;7359;REC;;Occhi Profondi;0;EMMA;N;;;;;;;O;I;;03:05;00:12;SM;2;;188;81;31;2015;2015;6;2015;;L:\AudioToscana\2015\Emma - Occhi profondi.wav;;;1
14104;9414;REC;;Arriverà L'amore;0;EMMA;N;;;;;;;O;I;;03:28;00:11;MM;2;;190;82;34;2015;2015;6;2015;;L:\AudioToscana\2015\EMMA - ARRIVERA' L'AMORE.wav;;;1
14106;1968;REC;;Vietato Morire;0;ERMAL META;N;;;;;;;;I;;03:26;00:22;MM;2;;224;224;67;2017;SANREMO 2017;6;2017;;L:\AudioToscana\2017\ERMAL META - VIETATO MORIRE.wav;;;1
14109;8317;REC;;Un Angelo Disteso Al Sole;0;EROS RAMAZZOTTI;N;;;;;;;;I;;03:16;00:00;SS;3;;81;23;22;2012;2012;6;2012;;L:\AudioToscana\2012\Eros Ramazzotti - Un Angelo Disteso Al Sole.wav;;;1
14111;10864;REC;;Vita Ce N'è;0;EROS RAMAZZOTTI;;;;;;;;;I;;02:54;00:20;MM;2;;54;;;2018;2018;6;2018;;L:\AudioToscana\2018\Eros Ramazzotti - Vita ce n'è.wav;;;2
14113;8524;REC;;Questa Nostra Stagione;0;EROS RAMAZZOTTI;B;;;;;;;O;I;;03:31;00:15;SS;1;;151;151;61;2013;2013;6;2013;;L:\AudioToscana\2013\EROS RAMAZZOTTI - QUESTA NOSTRA STAGIONE.wav;;;1
14121;9007;REC;;Magnifico;0;"FEDEZ FEAT. FRANCESCA MICHIELIN; FEDEZ; FRANCESCA MICHIELIN";N;;;;;;;;I;;03:09;00:11;SM;2;;197;197;65;2014;2014;6;2014;FEDEZ;L:\AudioToscana\2014\FEDEZ feat. FRANCESCA MICHIELIN - MAGNIFICO.wav;;;1
14124;1310;REC;;Distratto;0;FRANCESCA MICHIELIN;N;;;;;;;O;I;;04:01;00:15;SS;1;;207;207;64;2012;2012;6;2012;;L:\AudioToscana\2012\Francesca - Distratto.wav;;;1
14129;8294;REC;;Occidentali's Karma;0;FRANCESCO GABBANI;N;;;;;;;;I;;03:31;00:04;MF;3;;143;39;21;2017;SANREMO 2017;6;2017;;L:\AudioToscana\2017\FRANCESCO GABBANI - Occidentali's Karma.wav;;;1
14130;11254;REC;;Viceversa;0;FRANCESCO GABBANI;B;;;;;;;;I;;03:25;00:03;MM;2;;333;333;65;2020;SANREMO 2020;6;;;L:\AudioToscana\2020\sanremo\FRANCESCO GABBANI - Viceversa.wav;;;1
14133;2092;REC;;Ci Sarai;0;FRANCESCO RENGA;N;;;;;;;O;I;;04:05;00:29;SS;1;;195;113;47;2004;ITA 2000;5;ita V;;L:\AudioToscana\ita V\Francesco Renga - Ci Sarai.wav;;;1
14134;8555;REC;;Era Una Vita Che Ti Stavo Aspettando;0;FRANCESCO RENGA;N;;;;;;;O;I;;03:41;00:18;MS;1;;187;187;63;2015;2015;6;2015;;L:\AudioToscana\2015\FRANCESCO RENGA - ERA UNA VITA CHE TI STAVO ASPETTANDO.wav;;;1
14136;7612;REC;;Un Giorno Bellissimo;0;FRANCESCO RENGA;N;;;;;;;O;I;;03:06;00:05;SS;1;;188;130;60;2010;2010;6;2010;;L:\AudioToscana\2010\Francesco Renga - Un Giorno Bellissimo.wav;;;1
14138;8662;REC;;Il Mio Giorno Più Bello Nel Mondo;0;FRANCESCO RENGA;N;;;;;;;O;I;;03:26;00:13;SS;2;;213;81;42;2014;2014;6;2014;;L:\AudioToscana\2014\Francesco Renga - Il mio giorno più bello nel mondo.wav;;;1
14147;5965;REC;;Cammina Nel Sole;0;GIANLUCA GRIGNANI;N;;;;;;;O;I;;04:13;00:15;SS;1;;195;135;61;2008;SANREMO 2008;5;2008;;L:\AudioToscana\2008\Gianluca Grignani - Cammino Nel Sole.wav;;;1
14152;7991;REC;;Ti Voglio Tanto Bene;0;GIANNA NANNINI;N;;;;;;;O;I;;03:15;00:09;SS;1;;154;129;64;2011;2011;6;2011;;L:\AudioToscana\2011\Gianna Nannini - ti voglio tanto bene.wav;;;1
14153;6861;REC;;Ogni Tanto;0;GIANNA NANNINI;N;;;;;;;;I;;03:18;00:13;MM;2;;133;111;64;2010;2010;6;2010;;L:\AudioToscana\2010\Gianna Nannini - Ogni Tanto.wav;;;1
14154;7079;REC;;Salvami;0;"GIANNA NANNINI - GIORGIA; GIANNA NANNINI; GIORGIA";N;;;;;;;;I;;03:26;00:15;SM;1;;55;39;89;2009;2009;5;2009;;L:\AudioToscana\2009\Gianna Nannini & Giorgia - Salvami (edit).wav;;;1
14157;5131;REC;;Non Mi Ami;0;GIORGIA;B;;;;;;;;I;;03:35;00:11;SS;1;;170;170;67;2014;2014;6;2014;;L:\AudioToscana\2014\GIORGIA - NON MI AMI.wav;;;1
14158;10162;REC;;Scelgo Ancora Te;0;GIORGIA;B;;;;;;;O;I;;03:22;00:01;SM;1;;173;173;68;2017;2017;6;2017;;L:\AudioToscana\2017\Giorgia - Scelgo ancora te.wav;;;1
14163;8278;REC;;E' L'amore Che Conta;0;GIORGIA;B;;;;;;;O;I;;03:15;00:14;MS;2;;219;202;66;2011;2011;6;2011;;L:\AudioToscana\2011\Giorgia - E' l'amore che conta.wav;;;1
14164;8287;REC;;Quando Una Stella Muore;1;GIORGIA;B;;;;;;;;I;;03:13;00:08;SS;1;;185;82;36;2013;2013;6;2013;;L:\AudioToscana\2013\GIORGIA - QUANDO UNA STELLA MUORE.wav;;;1
14166;7861;REC;;Inevitabile;0;"GIORGIA FEAT EROS RAMAZZOTTI; GIORGIA; EROS RAMAZZOTTI";N;;;;;;;;I;;03:51;00:09;MM;2;;40;1;168;2011;2011;6;2011;;L:\AudioToscana\2011\Giorgia feat Eros Ramazzotti - Inevitabile.wav;;;1
14168;6779;REC;;Non Ti Scordar Mai Di Me;0;GIUSY FERRERI;N;;;;;;;O;I;;03:17;00:08;SM;2;;242;175;56;2008;2008;5;2008;;L:\AudioToscana\2008\giusy ferreri - non ti scordar mai di me.mp3;;;1
14177;658;REC;;Prima Di Partire Per Un Lungo Viaggio;0;IRENE GRANDI;N;;;;;;;;I;;03:38;00:10;SM;1;;160;123;63;2003;ITA 2000;5;ita V;;L:\AudioToscana\ita V\irene grandi - prima di partire per un lungo viaggio.wav;;;1
14179;6060;REC;;Bruci La Città;0;IRENE GRANDI;N;;;;;;;;I;;03:29;00:16;MM;3;;186;64;24;1994;2007;5;2007;;L:\AudioToscana\2007\Irene Grandi - Bruci la città.wav;;;1
14187;6313;REC;;Fango;0;JOVANOTTI;N;;;;;;;O;I;;04:30;00:13;SS;1;;120;67;36;2007;2007;5;2007;;L:\AudioToscana\2007\Jovanotti - Fango.mp3;;;1
14188;7449;REC;;Baciami Ancora;0;JOVANOTTI;B;;;;;;;O;I;;04:18;00:20;SS;2;;223;167;57;2010;2010;6;2010;;L:\AudioToscana\2010\Jovanotti - Baciami Ancora.wav;;;1
14189;7997;REC;;Le Tasche Piene Di Sassi;1;JOVANOTTI;B;;;;;;;O;I;;03:27;00:07;SS;1;;208;104;38;2011;2011;6;2011;;L:\AudioToscana\2011\Jovanotti - Le Tasche Piene di Sassi.wav;;;1
14196;10026;REC;;Ragazza Magica;0;JOVANOTTI;B;;;;;;;;I;;03:45;00:15;MM;2;;210;210;64;2016;2016;6;2016;;L:\AudioToscana\2016\Jovanotti - Ragazza Magica.wav;;;1
14197;8165;REC;;Il Più Grande Spettacolo Dopo Il Big Bang;0;JOVANOTTI;N;Y;;;;;;;I;;03:36;00:18;FM;3;;58;16;20;2011;2011;6;2011;;L:\AudioToscana\2011\Jovanotti - Il più grande spettacolo dopo il Big Bang.wav;;;1
14199;6875;REC;;Tutto L'amore Che Ho;0;JOVANOTTI;N;;;;;;;;I;;03:34;00:12;SM;2;;131;113;69;2010;2010;6;2010;;L:\AudioToscana\2010\Jovanotti - Tutto L'Amore Che Ho.wav;;;1
14201;7980;REC;;Eclissi Del Cuore;1;"L'AURA FEAT. NEK; L'AURA; NEK; BONNIE TYLER";B;;;;;;;O;I;;03:50;00:12;SS;1;;221;129;36;2011;2011;6;2011;;L:\AudioToscana\2011\L'Aura feat. Nek - Eclissi del cuore.wav;;;1
14203;7041;REC;;Invece No;0;LAURA PAUSINI;B;;;;;;;O;I;;03:47;00:13;SS;1;;222;140;43;2008;2008;5;2008;;L:\AudioToscana\2008\Laura Pausini - Invece no.wav;;;1
14204;9501;REC;;Simili;0;LAURA PAUSINI;B;;;;;;;;I;;03:22;00:03;SM;2;;221;221;61;2015;2015;6;2015;;L:\AudioToscana\2015\Laura Pausini - Simili.wav;;;1
14206;4858;REC;;Vivimi;0;LAURA PAUSINI;B;;;;;;;O;I;;03:44;00:04;SS;1;;238;89;36;2004;ITA 2000;5;ita V;;L:\AudioToscana\ita V\Laura Pausini - Vivemi.wav;;;1
14207;7420;REC;;Primavera In Anticipo;0;"LAURA PAUSINI E JAMES BLUNT; LAURA PAUSINI; JAMES BLUNT";B;;;;;;;;I;;03:25;00:11;MM;2;;174;136;60;2009;2009;5;2008;;L:\AudioToscana\2009\Laura Pausini - Primavera In Anticipo (Con James Blunt).wav;;;1
14213;11260;REC;;Tikibombom;0;LEVANTE;;;;;;;;;I;;03:22;00:11;MM;1;;11;2;5;2020;SANREMO 2020;6;;;L:\AudioToscana\2020\sanremo\LEVANTE - TIKIBOMBOM.wav;;;2
14215;6264;REC;;Ci Sei Sempre Stata;0;LIGABUE;N;;;;;;;O;I;;04:49;00:15;SM;1;;101;49;35;2010;2010;6;2010;;L:\AudioToscana\2010\Ligabue - Ci Sei Sempre Stata.wav;;;1
14217;11374;REC;;La Ragazza Dei Tuoi Sogni;0;LIGABUE;N;;;;;;;;I;;03:52;00:12;MM;2;;86;86;57;2020;2020;7;;;L:\AudioToscana\2020\LIGABUE - LA RAGAZZA DEI TUOI SOGNI.wav;;;1
14220;6353;REC;;Niente Paura;0;LIGABUE;B;;;;;;;O;I;;03:42;00:11;SM;1;;130;74;35;2007;2007;5;2007;;L:\AudioToscana\2007\Ligabue - Niente Paura.wav;;;1
14222;1301;REC;;Il Mio Pensiero;0;LIGABUE;B;;;;;;;O;I;;04:28;00:06;SS;1;;139;46;39;2008;2008;5;2008;;L:\AudioToscana\2008\Ligabue - Il Mio Pensiero.wav;;;1
14224;8322;REC;;Tu Sei Lei;0;LIGABUE;N;;;;;;;;I;;04:14;00:12;MM;2;;86;86;65;2013;2013;6;2013;;L:\AudioToscana\2013\LIGABUE - TU SEI LEI.wav;;;1
14226;737;REC;;L'amore Conta;0;LIGABUE;B;;;;;;;O;I;;04:04;00:14;MM;2;;155;99;43;2005;ITA 2000;5;2005;;L:\AudioToscana\2005\Ligabue - L'amore conta.wav;;;1
14229;1298;REC;;Cosa Vuoi Che Sia;0;LIGABUE;B;;;;;;;O;I;;03:25;00:12;SM;1;;141;43;29;2005;2006;5;2006;;L:\AudioToscana\2006\Ligabue - Cosa vuoi che sia.wav;;;1
14230;404;REC;;Eri Bellissima;0;LIGABUE;B;;;;;;;O;I;;03:46;00:10;MM;1;;150;54;44;2002;ITA 2000;5;ita V;;L:\AudioToscana\ita V\ligabue - eri bellissima.wav;;;1
14250;9203;REC;;Adesso E Qui (nostalgico Presente);0;MALIKA AYANE;N;;;;;;;O;I;;03:35;00:00;SS;1;;188;188;64;2015;2015;6;SANREMO;;L:\AudioToscana\2015\SANREMO\Malika Ayane - Adesso E Qui (nostalgico presente).wav;;;1
14252;7031;REC;;Ricomincio Da Qui;0;MALIKA AYANE;B;;;;;;;O;I;;03:14;00:01;SS;1;;296;166;32;2010;2010;6;2010;;L:\AudioToscana\2010\Malika Ayane - Ricomincio da qui.wav;;;1
14253;8642;REC;;E Se Poi;0;MALIKA AYANE;N;;;;;;;O;I;;03:44;00:02;SS;1;;184;184;64;2013;SANREMO 2013;6;SANREMO;;L:\AudioToscana\2013\SANREMO\Malika Ayane - E Se Poi.wav;;;1
14254;9287;REC;;Senza Fare Sul Serio;0;MALIKA AYANE;N;;;;;;;;I;;03:32;00:16;MM;3;;127;58;37;2015;2015;6;2015;;L:\AudioToscana\2015\Malika Ayane - Senza Fare Sul Serio.wav;;;2
14256;10832;REC;;Torna A Casa;0;"MANESKIN; Damiano David";B;;;;;;;O;I;;03:45;00:13;SS;1;;345;345;64;2018;2018;6;2018;;L:\AudioToscana\2018\Maneskin - Torna a casa.wav;;;1
14257;8295;REC;;Non Passerai;1;MARCO MENGONI;B;;;;;;;O;I;;03:31;00:10;SS;1;;275;275;62;2013;2013;6;2013;;L:\AudioToscana\2013\MARCO MENGONI - NON PASSERAI.wav;;;1
14260;9005;REC;;Guerriero;0;MARCO MENGONI;B;;;;;;;O;I;;03:21;00:05;SS;1;;257;257;65;2014;2014;6;2014;;L:\AudioToscana\2014\MARCO MENGONI - GUERRIERO.wav;;;1
14264;9246;REC;;Esseri Umani;0;MARCO MENGONI;B;;;;;;;O;I;;03:19;00:21;SM;1;;263;263;60;2015;2015;6;2015;;L:\AudioToscana\2015\MARCO MENGONI - ESSERI UMANI.wav;;;1
14265;8647;REC;;L'essenziale;1;MARCO MENGONI;B;;;;;;;O;I;;03:31;00:08;SS;1;;276;157;39;2013;SANREMO 2013;6;SANREMO;;L:\AudioToscana\2013\SANREMO\MARCO MENGONI - L'ESSENZIALE.wav;;;1
14266;11135;REC;;Duemila Volte;1;MARCO MENGONI;B;;;;;;;O;I;;03:15;00:12;MM;1;;259;259;68;2019;2019;6;2019;;L:\AudioToscana\2019\Marco Mengoni - duemila volte.wav;;;1
14267;10919;REC;;Hola (i Say);0;"MARCO MENGONI FEAT. TOM WALKER; MARCO MENGONI; TOM WALKER";B;;;;;;;O;I;;03:31;00:13;MM;1;;224;224;71;2018;2018;6;2018;;L:\AudioToscana\2018\MARCO MENGONI feat. TOM WALKER - HOLA (I SAY).wav;;;1
14268;10022;REC;;Ti Sembra Normale;0;MAX GAZZE';N;;;;;;MAX GAZZE';;I;;03:27;00:07;FF;3;;92;28;24;2016;2016;6;2016;;L:\AudioToscana\2016\Max Gazzè - Ti sembra normale.wav;;;1
14270;6937;REC;;Mentre Dormi;0;MAX GAZZE';B;;;;;;;O;I;50;03:55;00:19;SS;1;;359;341;64;2010;2010;6;2010;;L:\AudioToscana\2010\Max Gazzè - Mentre Dormi.wav;;;1
14271;1304;REC;;Il Solito Sesso;0;MAX GAZZE';N;;;;;;MAX GAZZE';;I;;03:16;00:11;MF;3;;129;27;23;2008;SANREMO 2008;5;2008;;L:\AudioToscana\2008\max gazze - il solito sesso.wav;;;1
14272;4302;REC;;Il Mondo Insieme A Te;0;MAX PEZZALI;N;;;;;;;O;I;;03:40;00:10;SM;2;;178;121;63;2004;ITA 2000;5;ita V;;L:\AudioToscana\ita V\max pezzali - Il mondo insieme a te.wav;;;1
14273;8540;REC;;L'universo Tranne Noi;1;MAX PEZZALI;B;;;;;;;O;I;;04:08;00:13;SS;1;;250;250;64;2013;2013;6;2013;;L:\AudioToscana\2013\MAX PEZZALI - L'UNIVERSO TRANNE NOI - RADIO-VERSION.wav;;;1
14276;7960;REC;;Arriverà (sanremo Big);0;"MODA' FEAT EMMA; MODA'; EMMA";B;;;;;;;O;I;;03:28;00:08;SM;1;;228;200;40;2011;SANREMO 2011;6;2011;;L:\AudioToscana\2011\Modà feat. Emma - Arriverà.wav;;;1
14277;8035;REC;;Come Un Pittore;1;"MODA' FEAT. JARABE DE PALO; MODA'; JARABE DE PALO";B;;;;;;;O;I;;03:49;00:12;SS;2;;297;297;64;2012;2012;6;2012;;L:\AudioToscana\2012\Modà feat. JarabeDePalo - Come un pittore - duet Ita.wav;;;1
14286;9315;REC;;Attenta;0;NEGRAMARO;N;;;;;;;O;I;;03:50;00:00;SM;1;;178;178;63;2015;2015;6;2015;;L:\AudioToscana\2015\Negramaro - Attenta.wav;;;1
14290;10458;REC;;La Prima Volta;1;NEGRAMARO;B;;;;;;;;I;;03:53;00:25;MM;1;;245;245;66;2018;2018;6;2018;;L:\AudioToscana\2018\Negramaro - La prima volta.wav;;;1
14291;6260;REC;;L'immenso;0;NEGRAMARO;B;;;;;;;O;I;;03:29;00:22;SM;2;;306;210;37;2007;2007;5;2007;;L:\AudioToscana\2007\Negramaro - L'immenso.wav;;;1
14293;6663;REC;;Un Passo Indietro;0;NEGRAMARO;N;;;;;;;O;I;;03:43;00:25;SS;2;;208;66;40;2008;2008;5;2008;;L:\AudioToscana\2008\NEGRAMARO - Un Passo Indietro.wav;;;1
14295;6454;REC;;Cade La Pioggia;0;"NEGRAMARO FEAT. JOVANOTTI; NEGRAMARO; JOVANOTTI";B;;;;;;;O;I;;04:28;00:15;SS;1;;103;64;42;2007;2007;5;2007;;L:\AudioToscana\2007\Negramaro - Cade la pioggia (con Jovanotti).wav;;;1
14301;2120;REC;;Lascia Che Io Sia;0;NEK;N;;;;;;;;I;;03:08;00:15;FF;2;;200;126;63;2005;ITA 2000;5;ita V;;L:\AudioToscana\2005\Nek - Lascia Che Io Sia.wav;;;1
14306;9202;REC;;Fatti Avanti Amore;0;NEK;N;;;;;;;;I;;03:20;00:15;MF;3;;86;35;19;2015;2015;6;SANREMO;;L:\AudioToscana\2015\SANREMO\Nek - FATTI AVANTI AMORE.wav;;;2
14307;616;REC;;Sei Solo Tu;0;"NEK - LAURA PAUSINI; NEK; LAURA PAUSINI";B;;;;;;;O;I;;03:10;00:10;SM;2;;188;86;41;2005;ITA 2000;5;ita V;;L:\AudioToscana\ita V\Nek - Sei Solo Tu.wav;;;1
14308;7419;REC;;L'uomo Che Amava Le Donne;0;NINA ZILLI;N;;;;;;NINA ZILLI;;I;;02:36;00:03;SS;2;;184;163;42;2010;2010;6;2010;;L:\AudioToscana\2010\Nina Zilli - L'Uomo che Amava le Donne.wav;;;1
14309;8421;REC;;Per Sempre;0;NINA ZILLI;N;;;;;;NINA ZILLI;;I;;03:19;00:14;SS;1;;191;191;69;2012;SANREMO 2012;6;SANREMO;;L:\AudioToscana\2012\SANREMO\Nina Zilli - Per Sempre.wav;;;1
14310;7473;REC;;Sono Solo Parole;0;NOEMI;N;;;;;;;O;I;;03:32;00:15;SS;1;;196;196;61;2012;SANREMO 2012;6;SANREMO;;L:\AudioToscana\2012\SANREMO\Noemi - Sono solo parole.wav;;;1
14311;11509;REC;;Glicine;0;NOEMI;N;;;1;;;;O;I;;03:31;00:14;SS;1;;252;152;59;2021;2021;7;2021;;L:\AudioToscana\2021\SANREMO\Noemi - Glicine.wav;;;1
14312;4904;REC;;Vuoto A Perdere;0;NOEMI;B;;;;;;;O;I;;03:58;00:11;SS;2;;321;321;63;2011;2011;6;2011;;L:\AudioToscana\2011\Noemi - Vuoto A Perdere.wav;;;1
14320;5158;REC;;Amore Immaginato;0;"PIERO PELU' E ANGGUN; PIERO PELU'; ANGGUN";N;;;;;;;;I;;04:04;00:14;MM;2;;213;105;54;2002;ITA 2000;5;ita V;;L:\AudioToscana\ita V\Piero Pelù - Amore immaginato.wav;;;1
14324;11255;REC;;Ringo Starr;0;PINGUINI TATTICI NUCLEARI;N;;;;;;;;I;;03:01;00:08;MM;3;;197;197;60;2020;SANREMO 2020;6;;;L:\AudioToscana\2020\sanremo\Pinguini Tattici Nucleari - Ringo Starr.wav;;;1
14326;8113;REC;;Un'emozione Inaspettata;1;RAF;B;;;;;;;O;I;;03:22;00:09;SS;1;;216;216;66;2011;2011;6;2011;;L:\AudioToscana\2011\Raf - Un'emozione inaspettata.wav;;;1
14327;7315;REC;;Non È Mai Un Errore;0;RAF;B;;;;;;;O;I;;04:20;00:13;SS;1;;212;151;57;2008;2008;5;2008;;L:\AudioToscana\2008\raf - non è mai un errore.wav;;;1
14334;9908;REC;;Un Giorno Mi Dirai;0;STADIO;N;;;;;;;;I;;03:57;00:05;SM;1;;165;81;44;2016;2016;6;SANREMO;;L:\AudioToscana\2016\SANREMO\Stadio - Un giorno mi dirai.wav;;;1
14340;11450;REC;;Venere E Marte;0;"TAKAGI & KETRA, MARCO MENGONI, FRAH QUINTALE; MARCO MENGONI";N;;;;;;;O;I;;03:36;00:03;SS;1;;164;130;61;2021;2021;7;2021;TAKAGI & KETRA;L:\AudioToscana\2021\Takagi & Ketra, Marco Mengoni, Frah Quintale - Venere e Marte.wav;;;1
14341;11008;REC;;Pensare Male;0;"THE KOLORS ELODIE; THE KOLORS; ELODIE";N;;;;;;;;I;;03:23;00:12;MM;2;;158;66;43;2019;2019;6;2019;;L:\AudioToscana\2019\The Kolors Elodie - Pensare male.wav;;;1
14343;10535;REC;;Questa Nostra Stupida Canzone Damore;1;THEGIORNALISTI;B;;;;;;;O;I;;04:03;00:12;SM;1;;296;296;62;2018;2018;6;2018;;L:\AudioToscana\2018\Thegiornalisti - Questa nostra stupida canzone damore.wav;;;1
14344;10752;REC;;New York;1;THEGIORNALISTI;B;;;;;;;;I;50;03:29;00:19;MM;2;;350;350;66;2018;2018;6;2018;;L:\AudioToscana\2018\thegiornalisti - new-york.wav;;;1
14347;4661;REC;;Per Me È Importante;0;TIROMANCINO;N;L;;;;;;O;I;;04:15;00:29;SS;1;;142;99;44;2002;ITA 2000;5;ita V;;L:\AudioToscana\ita V\Tiromancino - Per me è importante.wav;;;1
14349;4673;REC;;Amore Impossibile;0;TIROMANCINO;N;;;;;;;O;I;;03:50;00:11;MS;2;;193;120;51;2004;ITA 2000;5;ita V;;L:\AudioToscana\ita V\Tiromancino - Amore Impossibile.wav;;;1
14350;11387;REC;;Finchè Ti Va;0;TIROMANCINO;N;L;;;;;;O;I;;03:14;00:12;SS;1;;123;94;42;2021;2020;7;2020;;L:\AudioToscana\2020\Tiromancino - finchè ti va.wav;;;1
14360;6815;REC;;Incanto;0;TIZIANO FERRO;N;;;;;;;O;I;;03:22;00:12;MM;1;;141;141;58;2015;2015;6;2015;;L:\AudioToscana\2015\Tiziano Ferro - Incanto.wav;;;1
14365;8285;REC;;Potremmo Ritornare;0;TIZIANO FERRO;B;;;;;;;O;I;;03:13;00:14;SM;1;;200;200;59;2016;2016;6;2016;;L:\AudioToscana\2016\Tiziano Ferro - Potremmo ritornare.wav;;;1
14368;4960;REC;;Ti Scatterò Una Foto;0;TIZIANO FERRO;B;;;;;;;O;I;;04:26;00:00;SS;1;;232;102;44;2007;2007;5;2007;;L:\AudioToscana\2007\Tiziano Ferro - Ti Scatterò Una Foto.wav;;;1
14369;11110;REC;;Accetto Miracoli;0;TIZIANO FERRO;B;L;;;;;;O;I;;03:19;00:00;SS;1;;199;174;55;2019;2019;6;2019;;L:\AudioToscana\2019\Tiziano Ferro - Accetto miracoli.wav;;;1
14370;11188;REC;;In Mezzo A Questo Inverno;0;TIZIANO FERRO;N;;;;;;;O;I;;03:38;00:15;SM;1;;165;165;63;2019;2019;6;2019;;L:\AudioToscana\2019\Tiziano Ferro - In Mezzo A Questo Inverno.wav;;;1
14371;7805;REC;;Il Conforto;1;"TIZIANO FERRO FEAT CARMEN CONSOLI; TIZIANO FERRO; CARMEN CONSOLI";B;;;;;;;O;I;50;03:45;00:22;MM;2;;173;173;62;2017;2017;6;2017;;L:\AudioToscana\2017\Tiziano Ferro - Il conforto feat Carmen Consoli.wav;;;1
14373;11754;REC;;Magari No;0;TOMMASO PARADISO;N;;;;;;;;I;;03:42;00:14;SS;2;;267;155;50;2021;2021;7;2021;;L:\AudioToscana\2021\Tommaso Paradiso - Magari no.wav;;;1
14378;11207;REC;;Tutto Questo Sei Tu;1;ULTIMO;B;;;;;;;O;I;;03:58;00:03;MM;1;;301;301;63;2019;2019;6;2019;;L:\AudioToscana\2019\ULTIMO - Tutto questo sei tu.wav;;;1
14379;10970;REC;;I Tuoi Particolari;1;ULTIMO;B;;;;;;;O;I;;03:31;00:18;SS;1;;314;314;63;2019;SANREMO 2019;6;SANREMO;;L:\AudioToscana\2019\SANREMO\Ultimo - I tuoi particolari.wav;;;1
14384;7744;REC;;Colpa Del Whisky;0;VASCO ROSSI;B;;;;;;;;I;;03:15;00:14;SM;2;;73;49;36;2009;2009;5;2009;;L:\AudioToscana\2009\Vasco Rossi - Colpa Del Whisky.wav;;;1
14388;1940;REC;;Come Nelle Favole;0;VASCO ROSSI;B;;;;;;;O;I;;04:03;00:01;SM;2;;93;93;57;2017;2017;6;2017;;L:\AudioToscana\2017\Vasco Rossi - Come nelle favole.wav;;;1
14389;8433;REC;;Un Mondo Migliore;0;VASCO ROSSI;B;;;;;;;;I;;04:03;00:10;MM;2;;87;87;59;2016;2016;6;2016;;L:\AudioToscana\2016\Vasco Rossi - Un mondo migliore.wav;;;1
14390;2329;REC;;Come Stai;0;VASCO ROSSI;B;;;;;;;;I;;03:47;00:09;MF;2;;81;49;34;1990;ITA 2000;5;ita V;;L:\AudioToscana\ita V\Vasco Rossi - Come stai.wav;;;1
14391;8944;REC;;Come Vorrei;0;VASCO ROSSI;B;;;;;;;;I;;04:09;00:12;SS;2;;78;78;49;2014;2014;6;2014;;L:\AudioToscana\2014\Vasco Rossi - Come Vorrei.wav;;;1
14393;6632;REC;;Il Mondo Che Vorrei;1;VASCO ROSSI;B;;;;;;;O;I;;04:27;00:37;SM;1;;78;59;30;2008;2008;5;2008;;L:\AudioToscana\2008\Vasco rossi - Il mondo che vorrei.wav;;;1
14398;6700;REC;;Per Dimenticare;0;ZERO ASSOLUTO;N;;;;;;;;I;;03:18;00:10;MM;2;;54;51;24;2009;2009;;2009;;L:\AudioToscana\2009\Zero Assoluto - Per Dimenticare.wav;;;2
14401;5311;REC;;Occhi;0;ZUCCHERO;B;;;;;;;O;I;;03:35;00:14;SS;1;;196;140;45;2004;2006;5;2006;;L:\AudioToscana\2006\Zucchero - Occhi.wav;;;1
14402;5724;REC;;E' Delicato;0;ZUCCHERO;N;;;;;;;O;I;;03:08;00:17;SS;1;;131;84;41;2007;2007;5;2007;;L:\AudioToscana\2007\Zucchero - E' delicato.wav;;;1
14672;10322;REC;;Dusk Till Dawn;0;"ZAYN FEAT. SIA; ZAYN; SIA";N;;;;;;;O;S;;03:50;00:10;SM;1;;85;36;34;2017;2017;6;2017;;L:\AudioToscana\2017\Zayn feat. Sia - Dusk Till Dawn.wav;;;1
14720;11893;REC;;O Forse Sei Tu;0;ELISA;N;;;;;;;;I;;03:43;00:11;SS;1;;308;112;61;2022;2022;7;2022;;L:\AudioToscana\2022\Elisa - O forse sei tu.wav;;;1
14853;10531;REC;;Ovunque Sarai;0;IRAMA;N;;;;;;;;I;;03:09;00:07;SS;1;;361;164;55;2022;2022;7;2022;;L:\AudioToscana\2022\IRAMA - OVUNQUE SARAI.wav;;;1
14990;1953;REC;;You Know I'm No Good;0;AMY WINEHOUSE;N;;;;;;;O;S;;03:42;00:14;MM;2;;181;143;57;2006;2006;5;2006;;L:\AudioToscana\2006\Amy Winehouse - You Know I'm No Good.wav;;;1
15256;12122;REC;;Hold My Hand;0;LADY GAGA;B;;;1;;;;;S;;03:36;00:09;SS;1;;339;190;53;2022;2022;7;2022;;L:\AudioToscana\2022\Lady Gaga - Hold My Hand.wav;;;1
15720;12570;REC;;American Pie;0;MADONNA;N;;;;;;;;S;;04:19;00:00;MM;2;;61;33;42;2000;STRA 2000;5;stra V;;L:\AudioToscana\stra V\Madonna - American Pie.wav;;;1
15995;7665;REC;;Il Senso Di Ogni Cosa;0;FABRIZIO MORO;N;;;;;;;O;I;;03:35;00:24;;1;;105;40;18;2009;2009;5;2009;;L:\AudioToscana\2009\Fabrizio Moro - Il senso di ogni cosa.wav;;;1
16354;12892;REC;;Come Te Nessuno Mai;0;ELISA;B;;;1;;;;;I;;03:44;00:09;SM;1;;292;136;42;2022;2022;7;2022;;L:\AudioToscana\2022\Elisa - Come te nessuno mai.wav;;;2
16456;12996;REC;;Supereroi;0;MR.RAIN;B;;;1;;;;;I;;03:09;00:01;SM;2;;426;220;16;2023;2023;7;2023;;L:\AudioToscana\2023\MR.RAIN - SUPEREROI.wav;;;2
16457;12960;REC;;Due Vite;1;MARCO MENGONI;B;;;1;;;;;I;;03:37;00:04;SS;1;;349;154;34;2023;2023;7;2023;;L:\AudioToscana\2023\Marco Mengoni - Due Vite.wav;;;2
16604;13143;REC;;Flowers;0;MILEY CYRUS;;;;1;;;;;S;;03:08;00:08;SJ;3;;126;2;6;2023;2023;7;2023;;L:\AudioToscana\2023\MILEY CYRUS - FLOWERS.wav;;;2
16614;13154;REC;;Tango;0;TANANAI;B;;;1;;;;;I;;03:21;00:02;SS;2;;416;219;17;2023;2023;7;2023;;L:\AudioToscana\2023\TANANAI - TANGO.wav;;;2
16804;13333;REC;;Un Briciolo Di Allegria;0;"BLANCO E MINA; MINA; BLANCO";;;;1;;;;;I;;03:25;00:12;MS;2;;180;;;2023;2023;7;2023;;L:\AudioToscana\2023\BLANCO E MINA - UN BRICIOLO DI ALLEGRIA.wav;;;2
20829;18483;REC;;Capolavoro;0;IL VOLO;B;;;1;;;;;I;;03:11;00:13;;2;;290;184;22;2024;2024;7;;;L:\AudioToscana\2024\Il volo - capolavoro.wav;;;
21576;19702;REC;;Beautiful Things;0;Benson Boone;N;;;1;;;;;S;;02:56;00:06;SS;1;;306;31;22;2024;2024;7;;;L:\AudioToscana\2024\Benson Boone - Beautiful Things.wav;;;
21731;19941;REC;;STORIE BREVI;0;"TANANAI E ANNALISA; TANANAI; ANNALISA";N;;;1;;;;;I;;02:54;00:07;;3;;135;50;32;2024;2024;7;;;L:\AudioToscana\2024\TANANAI E ANNALISA - STORIE BREVI.wav;;;
21848;20129;REC;;Die With A Smile;0;"Lady Gaga & Bruno Mars; LADY GAGA; BRUNO MARS";B;;;2;;;;;S;;04:03;00:09;;1;;189;33;18;2024;2024;7;;;L:\AudioToscana\2024\Lady Gaga & Bruno Mars - Die With A Smile.wav;;;
22096;20545;REC;;Amore Disperato;0;ACHILLE LAURO;N;;;1;;;;;I;;03:00;00:00;;1;;319;31;21;2024;2024;7;;;L:\AudioToscana\2024\Achille Lauro - Amore Disperato.wav;;;
22097;20546;REC;;Il filo rosso;0;ALFA;N;;;1;;;;;I;;03:03;00:08;;2;;262;86;27;2024;2024;7;;;L:\AudioToscana\2024\ALFA - il filo rosso.wav;;;
22098;20547;REC;;Islanda;0;PINGUINI TATTICI NUCLEARI;N;;;1;;;;;I;;03:28;00:00;;2;;287;38;22;2024;2024;7;;;L:\AudioToscana\2024\Pinguini Tattici Nucleari - Islanda.wav;;;
22099;20548;REC;;NIENTE DI MALE;0;GIORGIA;N;;;1;;;;O;I;;03:28;00:15;;2;;94;18;23;2024;2024;7;;;L:\AudioToscana\2024\Giorgia - NIENTE DI MALE.wav;;;
22169;20656;REC;;Dillo Solo Al Buio;0;ELISA;N;;;1;;;;;I;;03:37;00:00;;2;;144;15;22;2024;2024;7;;;L:\AudioToscana\2024\Elisa - Dillo Solo Al Buio.wav;;;
22198;20707;REC;;Born With A Broken Heart;0;Damiano David;N;;;1;;;;;S;;03:20;00:04;;2;;202;29;23;2024;2024;7;;;L:\AudioToscana\2024\Damiano David - Born With A Broken Heart.wav;;;
22416;21080;REC;;Rossetto e Caffè;0;SAL DA VINCI;N;;;1;;;;;I;;03:04;00:11;;2;;277;46;22;2024;2024;7;;;L:\AudioToscana\2024\Sal Da Vinci - Rossetto e Caffè.wav;;;
22418;21082;REC;;VIVA LA VITA;0;FRANCESCO GABBANI;N;;;1;;;;;I;;03:28;00:11;;2;;247;36;20;2025;2025;7;;;L:\AudioToscana\2025\FRANCESCO GABBANI - VIVA LA VITA.wav;;;
22419;21083;REC;;LA CURA PER ME;0;GIORGIA;N;;;1;;;;;I;;03:32;00:01;;2;;89;14;16;2025;2025;7;;;L:\AudioToscana\2025\Giorgia - LA CURA PER ME.wav;;;
22420;21084;REC;;Volevo essere un duro;0;Lucio Corsi;N;;;1;;;;;I;;03:00;00:00;;2;;293;42;16;2025;2025;7;;;L:\AudioToscana\2025\Lucio Corsi - Volevo essere un duro.wav;;;
22421;21085;REC;;Balorda nostalgia;0;Olly;N;;;1;;;;;I;;03:13;00:09;;2;;256;40;16;2025;2025;7;;;L:\AudioToscana\2025\Olly - Balorda nostalgia.wav;;;
22483;21173;REC;;Un mondo a parte;0;JOVANOTTI;;;;1;;;;;I;;03:52;00:14;;1;;171;29;14;2025;2025;7;;;L:\AudioToscana\2025\JOVANOTTI - Un mondo a parrte.wav;;;
22603;21169;REC;;Messy;0;Lola Young;;;;1;;;;;S;;03:13;00:19;;2;;256;38;10;2025;2025;7;;;L:\AudioToscana\2025\Lola Young - Messy.wav;;;
22788;21696;REC;;Unstoppable;0;SIA;N;;;;;;;;S;;03:32;00:11;;2;;43;43;32;2016;2016;6;;;L:\AudioToscana\2016\SIA - Unstoppable.m4a;;;
22796;21706;REC;;Next Summer;0;Damiano David;N;;;1;;;;;S;;02:39;00:04;;2;;138;32;27;2025;2025;7;;;L:\AudioToscana\2025\Damiano David - Next Summer.wav;;;
22819;21746;REC;;AMOR;0;ACHILLE LAURO;;;;1;;;;;I;;02:53;00:00;;1;;265;45;12;2025;2025;7;;;L:\AudioToscana\2025\Achille Lauro - AMOR.wav;;;
22898;21868;REC;;Ordinary;0;Alex Warren;;;;2;;;;;S;;03:01;00:08;;1;;268;32;11;2025;2025;7;;;L:\AudioToscana\2025\Alex Warren - Ordinary.wav;;;
23240;22387;REC;;Dalla mia parte;0;FRANCESCO GABBANI;;;;2;;;;;I;;03:16;00:16;;2;;200;34;7;2025;2025;7;;;L:\AudioToscana\2025\Francesco Gabbani - Dalla mia parte.wav;;;
23309;22497;REC;;ANOTHER LOVE;0;TOM ODELL;N;;;;;;;;S;;03:59;00:21;;2;;40;40;20;2013;2013;6;;;L:\AudioToscana\2013\TOM ODELL - ANOTHER LOVE.mp3;;;
23494;22815;REC;;Per due come noi;0;"Olly, Angelina Mango, JVLI; Olly; Angelina Mango";N;;;;;;;;I;;03:25;00:09;;2;;26;26;18;2024;2024;7;;;L:\AudioToscana\2024\Olly, Angelina Mango, JVLI - Per due come noi.wav;;;
23617;23008;REC;;Bianca;0;NOEMI;;;;1;;;;;I;;03:13;00:06;;2;;141;21;5;2025;2025;7;;;L:\AudioToscana\2025\Noemi - Bianca.wav;;;
23716;23190;REC;;The Fate of Ophelia;0;TAYLOR SWIFT;;;;1;;;;;S;;03:42;00:00;;2;;84;19;14;2026;2025;7;;;L:\AudioToscana\2025\Taylor Swift - The Fate of Ophelia.wav;;;
23940;23509;REC;;I romantici;0;TOMMASO PARADISO;;;;1;;;;;;;03:40;00:28;;;;82;12;5;2026;2026;;;;L:\AudioToscana\2026\Tommaso Paradiso - I romantici.wav;;;
24131;23764;REC;;E poi ti ho visto cadere;0;MARCO MASINI;;;;1;;;;;;;02:39;00:12;;;;74;5;5;2026;2026;;;;L:\AudioToscana\2026\Marco Masini - E poi ti ho visto cadere.wav;;;
2909;4712;CLS;;Il Tempo Se Ne Va;0;ADRIANO CELENTANO;N;;;;;;;;I;;03:13;00:17;MF;2;;150;50;67;1980;ITA 80;3;ita V;;L:\AudioToscana\ita V\Adriano Celentano - Il tempo se ne va.wav;;;1
2914;32;CLS;;Una Carezza In Un Pugno;1;ADRIANO CELENTANO;B;;;;;;;O;I;;02:43;00:16;SM;2;;201;192;62;1983;ITA 60;1;ita V;;L:\AudioToscana\ita V\Adriano Celentano - Una carezza in un pugno - Adriano Celentano.wav;;;1
2915;4726;CLS;;Soli;0;ADRIANO CELENTANO;N;;;;;;;O;I;;03:42;00:08;SM;2;;173;77;52;1979;ITA 70;2;ita V;;L:\AudioToscana\ita V\Adriano Celentano - Soli.wav;;;1
2916;2334;CLS;;Ricominciamo;0;ADRIANO PAPPALARDO;N;;;;;;;;I;;03:37;00:17;MM;2;;163;67;62;1979;ITA 70;2;ita V;;L:\AudioToscana\ita V\Adriano Pappalardo - Ricominciamo.wav;;;1
2947;8467;CLS;;Per Elisa;0;ALICE;;;;;;;;;;;03:08;00:14;;;;25;2;29;;ITA 80;;ita V;;L:\AudioToscana\ita V\Alice - Per Elisa.wav;;;2
2972;929;CLS;;Ricordati Di Me;1;ANTONELLO VENDITTI;B;;;;;;;O;I;;04:03;00:29;SM;1;;230;56;63;1988;ITA 80;3;ita V;;L:\AudioToscana\ita V\Antonello Venditti - Ricordati di me.wav;;;1
2989;721;CLS;;Moby Dick;0;BANCO;N;;;;;;;;I;;04:07;00:20;SM;2;;196;90;56;1983;ITA 80;3;ita V;;L:\AudioToscana\ita V\Banco - Moby Dick.wav;;;1
3037;155;CLS;;Questo Piccolo Grande Amore;1;CLAUDIO BAGLIONI;B;;;;;;;O;I;;05:13;00:36;SS;1;;195;193;80;1972;ITA 70;2;ita V;;L:\AudioToscana\ita V\Claudio Baglioni - Questo piccolo grande amore.wav;;;1
3106;951;CLS;;Polvere;0;ENRICO RUGGERI;N;3;;;;;;;I;;03:10;00:31;;3;;67;23;41;1983;ITA 80;3;ita V;;L:\AudioToscana\ita V\Enrico Ruggeri - Polvere.wav;;;1
3142;209;CLS;;Extraterrestre;0;EUGENIO FINARDI;N;;;;;;;;I;;04:19;00:17;MF;2;;152;59;55;1978;ITA 70;2;ita V;;L:\AudioToscana\ita V\Eugenio Finardi - Extraterrestre.wav;;;1
3151;226;CLS;;Sexy Tango;0;FABIO CONCATO;N;;;;;;;;I;;03:21;00:18;JM;2;;118;22;34;1984;ITA 80;3;ita V;;L:\AudioToscana\ita V\Fabio Concato - Sexy tango.wav;;;1
3187;263;CLS;;Piano Bar;0;FRANCESCO DE GREGORI;N;;;;;;;;I;;02:23;00:13;MM;2;;119;41;53;1975;ITA 70;2;ita V;;L:\AudioToscana\ita V\Francesco De Gregori - Piano Bar.wav;;;1
3192;259;CLS;;La Leva Calcistica Della Classe '68;1;FRANCESCO DE GREGORI;B;;;;;;;;I;;03:49;00:29;SS;1;;182;182;74;2015;ITA 80;3;ita V;;L:\AudioToscana\ita V\Francesco De Gregori - La Leva Calcistica Della Classe '68.wav;;;1
3213;268;CLS;;Bandiera Bianca;0;FRANCO BATTIATO;N;;;;;;;;I;;04:32;00:19;MF;2;;146;24;39;1986;ITA 80;3;ita V;;L:\AudioToscana\ita V\Franco Battiato - Bandiera Bianca.wav;;;1
3218;279;CLS;;La Stagione Dell'amore;1;FRANCO BATTIATO;B;;;;;;;;I;;03:29;00:17;MF;2;;189;189;68;2008;ITA 80;3;ita V;;L:\AudioToscana\ita V\Franco Battiato - La Stagione Dell'amore.wav;;;1
3219;274;CLS;;I Treni Di Tozeur;1;"FRANCO BATTIATO - ALICE; FRANCO BATTIATO; ALICE";B;;;;;;;;I;;03:03;00:31;SS;1;;152;149;78;1984;ITA 80;3;ita V;;L:\AudioToscana\ita V\Franco Battiato e Alice - I treni di Tozeur.wav;;;1
3304;2242;CLS;;Panama;0;IVANO FOSSATI;N;;;;;;;;I;;04:07;00:24;MM;3;;99;39;43;1981;ITA 80;3;ita V;;L:\AudioToscana\ita V\Ivano Fossati - Panama - Ivano Fossati.wav;;;1
3375;1014;CLS;;Dedicato;0;LOREDANA BERTE';B;;;;;;;;I;;02:56;00:09;SF;2;;180;180;69;1979;ITA 70;2;ita V;;L:\AudioToscana\ita V\Loredana Betrè - Dedicato.wav;;;1
3389;466;CLS;;Emozioni;1;LUCIO BATTISTI;B;L;;;;;;O;I;;04:40;00:19;SS;1;;179;177;87;1970;ITA 70;2;ita V;;L:\AudioToscana\ita V\Lucio Battisti - Emozioni.wav;;;1
3396;462;CLS;;Dieci Ragazze;0;LUCIO BATTISTI;B;;;;;;;;I;;02:53;00:02;SF;3;;107;107;75;1969;ITA 60;1;ita V;;L:\AudioToscana\ita V\Lucio Battisti - Dieci ragazze.wav;;;1
3401;484;CLS;;Non È Francesca;0;LUCIO BATTISTI;B;;;;;;;;I;;02:43;00:01;SM;1;;104;103;64;1968;ITA 60;1;ita V;;L:\AudioToscana\ita V\Lucio Battisti - Non è Francesca.wav;;;1
3411;515;CLS;;Piazza Grande;0;LUCIO DALLA;B;;;;;;LUCIO DALLA;;I;;02:56;00:19;SM;1;;93;91;75;1994;ITA 70;2;ita V;;L:\AudioToscana\ita V\Lucio Dalla - Piazza Grande.wav;;;1
3413;333;CLS;;Vita;0;"LUCIO DALLA - GIANNI MORANDI; LUCIO DALLA; GIANNI MORANDI";B;;;;;;;;I;;03:38;00:32;MM;2;;94;21;90;1988;ITA 80;3;ita V;;L:\AudioToscana\ita V\Gianni Morandi - Vita.wav;;;1
3415;506;CLS;;Cosa Sarà;0;"LUCIO DALLA E FRANCESCO DE GREGORI; LUCIO DALLA; FRANCESCO DE GREGORI";N;;;;;;;;I;;03:42;00:23;MR;2;;34;5;17;1978;ITA 70;2;ita V;;L:\AudioToscana\ita V\Lucio Dalla - Cosa sarà.wav;;;1
3420;2260;CLS;;Lei Verrà;1;MANGO;B;;;;;;;O;I;;03:32;00:11;SM;1;;235;235;66;1986;ITA 80;3;ita V;;L:\AudioToscana\ita V\Mango - Lei verrà.wav;;;1
3448;556;CLS;;Mister Mandarino;0;MATIA BAZAR;B;;;;;;;;I;;03:15;00:14;MM;2;;61;25;39;1978;ITA 70;2;ita V;;L:\AudioToscana\ita V\Matia Bazar - Mister Mandarino.wav;;;1
3470;567;CLS;;Almeno Tu Nell'universo;0;MIA MARTINI;B;L;;;;;;O;I;;04:16;00:08;SM;1;;171;77;58;1989;ITA 80;3;ita V;;L:\AudioToscana\ita V\Mia Martini - Almeno Tu Nell'universo.wav;;;1
3541;6558;CLS;;Vai Valentina;0;ORNELLA VANONI;N;;;;;;;;I;;04:13;00:15;MM;3;;42;9;37;1981;ITA 80;3;ita V;;L:\AudioToscana\ita V\Ornella Vanoni - Vai, valentina.wav;;;1
3558;639;CLS;;Pescatore;0;"PIERANGELO BERTOLI - FIORELLA MANNOIA; PIERANGELO BERTOLI; FIORELLA MANNOIA";N;;;;;;;;I;;04:03;00:00;FF;2;;81;26;49;1980;ITA 80;3;ita V;;L:\AudioToscana\ita V\Pierangelo Bertoli - Pescatore.wav;;;1
3601;1107;CLS;;Un Uomo Da Bruciare;1;RENATO ZERO;B;;;;;;;;I;;03:07;00:14;SR;2;;121;118;58;1976;ITA 70;2;ita V;;L:\AudioToscana\ita V\Renato Zero - Un Uomo Da Bruciare.wav;;;1
3621;681;CLS;;Storie Di Tutti I Giorni;0;RICCARDO FOGLI;N;;;;;;;;I;;03:37;00:20;SF;2;;199;71;52;1982;ITA 80;3;ita V;;L:\AudioToscana\ita V\Riccardo Fogli - Storie di tutti i giorni.wav;;;1
3645;1125;CLS;;Joe Temerario;0;RON;N;;;;;;;;I;;03:36;00:00;JM;3;;96;43;46;1984;ITA 80;3;ita V;;L:\AudioToscana\ita V\Ron - Joe temerario.wav;;;2
3739;1179;CLS;;Cosa C'è;0;VASCO ROSSI;N;;;;;;;;I;;03:36;00:21;SR;2;;58;43;71;1985;ITA 80;3;ita V;;L:\AudioToscana\ita V\Vasco Rossi - Cosa C'è.wav;;;1
3763;1214;CLS;;Canzone Triste (canzone D'amore);0;ZUCCHERO;N;;;;;;;;I;;03:52;00:00;MM;2;;97;33;40;1986;ITA 80;3;ita V;;L:\AudioToscana\ita V\Zucchero - Canzone Triste (Canzone D'Amore).wav;;;1
4212;1671;CLS;;Kayleigh;0;MARILLION;N;2;;;;;;N;S;;03:26;00:27;;2;;164;53;30;1985;STRA 80;3;stra V;;L:\AudioToscana\stra V\Marillion - Kayleigh.wav;;;1
4446;1806;CLS;;Russians;0;STING;B;3;;;;;;N;S;;03:20;00:15;SS;1;;247;235;62;1985;STRA 80;3;stra V;;L:\AudioToscana\stra V\Sting - Russians - Sting.wav;;;1
4940;329;CLS;;Yes Sir I Can Boogie;0;BACCARA;N;2;;;;;;N;S;;04:18;00:40;SF;2;;244;124;60;1977;STRA 70;2;stra V;;L:\AudioToscana\stra V\Baccara - Yes sir I can boogie.wav;;;1
5900;5006;CLS;;Comment Te Dire Adieu;0;FRANCOISE HARDY;B;0;;;;;;N;S;;02:10;00:17;MF;3;;141;80;60;1969;STRA 60;1;stra V;;L:\AudioToscana\stra V\Françoise Hardy - Comment te dire adieu.wav;;;1
6725;2249;CLS;;Maledetta Primavera;0;LORETTA GOGGI;N;;;;;;;O;I;;03:54;00:05;SM;2;;203;62;50;1981;ITA 80;3;ita V;;L:\AudioToscana\ita V\Loretta Goggi - Maledetta Primavera.wav;;;1
6787;496;CLS;;04/03/1943;0;LUCIO DALLA;B;;;;;;LUCIO DALLA;;I;;03:28;00:14;SM;1;;88;87;83;1970;ITA 70;2;ita V;;L:\AudioToscana\ita V\Lucio Dalla - 4-3-1943.wav;;;1
6789;505;CLS;;Com'è Profondo Il Mare;0;LUCIO DALLA;B;;;;;;;;I;;04:54;00:28;SS;1;;114;61;64;2005;ITA 70;2;ita V;;L:\AudioToscana\ita V\Lucio Dalla - Com'è profondo il mare.wav;;;1
6796;260;CLS;;Ma Come Fanno I Marinai;0;"LUCIO DALLA E FRANCESCO DE GREGORI; LUCIO DALLA; FRANCESCO DE GREGORI";;;;;;;;;I;;03:21;00:16;MF;2;;20;10;27;1979;ITA 70;2;ita V;;L:\AudioToscana\ita V\Francesco De Gregori - Ma Come Fanno I Marinai.wav;;;1
7571;638;CLS;;A Muso Duro;0;PIERANGELO BERTOLI;N;;;;;;;;I;;03:59;00:16;FM;1;;138;52;71;1979;ITA 70;2;ita V;;L:\AudioToscana\ita V\Pierangelo Bertoli - A Muso Duro.wav;;;1
7945;3999;CLS;;Wonderful World;0;SAM COOKE;;;;;;;;;;;02:01;00:07;MF;;;26;26;30;1959;STRA 60;;stra V;;L:\AudioToscana\stra V\Sam Cooke - Wonderful World - Sam Cooke.wav;;;2
8406;4003;CLS;;Reach Out I'll Be There;0;"THE FOUR TOPS; GLORIA GAYNOR";B;;;;;;;;S;;02:54;00:16;MM;3;;72;72;56;1966;STRA 60;1;stra V;;L:\AudioToscana\stra V\The Four Tops - Reach Out I'll Be There.wav;;;2
8490;1855;CLS;;Don't Leave Me This Way;0;THELMA HOUSTON;N;;;;;;;;S;;03:40;00:00;MM;2;;111;70;48;1976;STRA 70;2;stra V;;L:\AudioToscana\stra V\Thelma Houston - Don't leave me this way.wav;;;2
8777;1901;CLS;;The Winner Takes It All;1;ABBA;B;2;;;;;;NO;S;;04:22;00:32;SF;1;;263;255;65;1980;STRA 80;3;stra V;;L:\AudioToscana\stra V\Abba - The winner takes it all.wav;;;1
8780;1895;CLS;;Fernando;0;ABBA;N;1;;;;;;N;S;;03:40;00:25;SF;2;;164;99;53;1976;STRA 70;2;stra V;;L:\AudioToscana\stra V\Abba - Fernando.wav;;;1
8782;1898;CLS;;S.o.s;0;ABBA;N;1;;;;;;N;S;;03:14;00:16;MS;2;;204;92;58;1975;STRA 70;2;stra V;;L:\AudioToscana\stra V\Abba - S.o.s..wav;;;1
8784;1896;CLS;;Gimme! Gimme! Gimme! (a Man After Midnight);0;ABBA;N;1;;;;;;N;S;;03:59;00:36;FF;3;;214;110;63;1979;STRA 70;2;stra V;;L:\AudioToscana\stra V\Abba - Gimme! gimme! gimme! (a man after midnight).wav;;;1
8786;3475;CLS;;Classic;1;ADRIAN GURVITZ;B;2;;;;;;NO;S;;03:25;00:00;SF;1;;293;256;55;1982;STRA 80;3;stra V;;L:\AudioToscana\stra V\Adrian Gurvitz - Classic.wav;;;1
8796;5586;CLS;;Friends;0;AMII STEWART;N;2;;;;;;NO;S;;04:08;00:41;SM;2;;206;66;74;1984;STRA 80;3;stra V;;L:\AudioToscana\stra V\Amii Stewart - Friends.wav;;;1
8805;7538;CLS;;(you Make Me Feel Like) A Natural Woman;0;ARETHA FRANKLIN;B;2;;;;;;N;S;;02:35;00:04;SM;1;;195;134;55;1968;STRA 60;1;stra V;;L:\AudioToscana\stra V\Aretha Franklin - (You Make Me Feel Like) A Natural Woman.wav;;;1
8806;5370;CLS;;I Say A Little Prayer For You;0;ARETHA FRANKLIN;B;2;;;;;;NO;S;;03:27;00:13;SM;2;;242;230;68;1984;STRA 60;1;stra V;;L:\AudioToscana\stra V\Aretha Franklin - I Say a Little Prayer.wav;;;1
8815;5590;CLS;;Mandy;1;BARRY MANILOW;B;3;;;;;;NO;S;;03:06;00:19;SM;1;;295;289;72;1974;STRA 70;2;stra V;;L:\AudioToscana\stra V\Barry Manilow - Mandy.wav;;;1
8816;6445;CLS;;Just The Way You Are;1;BARRY WHITE;B;3;;;;;;N;S;;03:40;01:20;SS;1;;219;219;70;1978;STRA 70;2;stra V;;L:\AudioToscana\stra V\Barry White - Just The Way You Are.wav;;;1
8817;1422;CLS;;Let The Music Play;0;BARRY WHITE;N;3;;;;;;N;S;;04:10;01:04;SM;2;;221;107;58;1976;STRA 70;2;stra V;;L:\AudioToscana\stra V\Barry White - Let the music play.wav;;;1
8821;2547;CLS;;Never Never Gonna Give You Up;0;BARRY WHITE;N;2;;;;;;N;S;;03:57;00:44;SM;2;;209;111;55;1973;STRA 70;2;stra V;;L:\AudioToscana\stra V\Barry White - Never Never Gonna Give Ya Up.wav;;;1
8828;2185;CLS;;I' Ve Gotta Get A Message To You;1;BEE GEES;B;2;;;;;;NO;S;;02:50;00:11;SF;1;;248;233;71;1968;STRA 60;1;stra V;;L:\AudioToscana\stra V\Bee Gees - I' ve Gotta Get A Message To You.wav;;;1
8832;1391;CLS;;To Love Somebody;0;BEE GEES;B;1;;;;;;NO;S;;02:42;00:11;SS;1;;233;214;66;1967;STRA 60;1;stra V;;L:\AudioToscana\stra V\Bee Gees - To Love Somebody.wav;;;1
8836;4196;CLS;;Stand By Me;1;BEN E. KING;B;2;;;;;;N;S;;02:54;00:16;SF;2;;267;256;57;1962;STRA 60;1;stra V;;L:\AudioToscana\stra V\Ben E. King - Stand By Me.wav;;;1
8838;4022;CLS;;Ain't No Sunshine;0;BILL WITHERS;B;3;;;;;;NO;S;;01:57;00:00;MM;1;;241;207;62;1971;STRA 70;2;stra V;;L:\AudioToscana\stra V\Bill Withers - Ain't No Sunshine.wav;;;1
8845;2392;CLS;;Like A Rolling Stone;0;BOB DYLAN;B;3;;;;;;N;S;;02:49;00:11;MF;2;;214;202;67;1965;STRA 60;1;stra V;;L:\AudioToscana\stra V\Bob Dylan - Like A Rolling Stone.wav;;;1
8847;6396;CLS;;Is This Love;0;BOB MARLEY;N;2;;;;;;N;S;;03:33;00:16;MF;2;;169;80;58;1978;STRA 70;2;stra V;;L:\AudioToscana\stra V\Bob Marley And The Wailers - Is This Love.wav;;;1
8850;4141;CLS;;Sunny;0;BOBBY HEBB;B;2;;;;;;N;S;;02:30;00:01;MM;2;;221;181;63;1966;STRA 60;1;stra V;;L:\AudioToscana\stra V\Bobby Hebb - Sunny.wav;;;1
8864;3027;CLS;;Streets Of Philadelphia;0;BRUCE SPRINGSTEEN;B;3;;;;;;N;S;;02:47;00:31;SM;1;;179;42;44;1990;STRA 90;3;stra V;;L:\AudioToscana\stra V\Bruce Springsteen - Streets Of Philadelphia.wav;;;1
8900;6693;CLS;;Love Is Love;0;"CULTURE CLUB; BOY GEORGE";B;2;;;;;;NO;S;;03:44;00:12;SS;2;;178;45;29;1984;STRA 80;3;stra V;;L:\AudioToscana\stra V\Culture Club - Love Is Love.wav;;;1
8902;3063;CLS;;Victims;1;"CULTURE CLUB; BOY GEORGE";B;2;;;;;;NO;S;;04:46;00:23;SS;1;;260;255;63;1983;STRA 80;3;stra V;;L:\AudioToscana\stra V\Culture Club - Victims.wav;;;1
8910;2422;CLS;;Space Oddity;0;DAVID BOWIE;B;3;;;;;;N;S;;03:41;00:30;SF;1;;220;214;75;2012;STRA 60;1;stra V;;L:\AudioToscana\stra V\David Bowie - Space Oddity - David Bowie.wav;;;1
8923;5722;CLS;;Theme From 'mahogany';1;DIANA ROSS;B;2;;;;;;N;S;;03:16;00:15;SS;1;;258;258;83;1975;STRA 70;2;stra V;;L:\AudioToscana\stra V\Diana Ross - Theme From Mahogany.wav;;;1
8926;1505;CLS;;I'll Never Love This Way Again;1;DIONNE WARWICK;B;2;;;;;;NO;S;;03:13;00:15;SM;1;;256;240;64;1979;STRA 70;2;stra V;;L:\AudioToscana\stra V\Dionne Warwick - I'll Never Love This Way Again.wav;;;1
8927;3061;CLS;;That's What Friends Are For;1;"DIONNE WARWICK - ELTON JOHN - STEVIE WONDER; DIONNE WARWICK; ELTON JOHN; STEVIE WONDER";B;2;;;;;;NO;S;;03:46;00:16;SS;1;;113;104;71;1985;STRA 80;3;stra V;;L:\AudioToscana\stra V\Dionne Warwick - That's What Friends Are For - Dionne Warwick.wav;;;1
8929;989;CLS;;She's Like The Wind (patrick Swayze);1;DIRTY DANCING;B;2;;;;;;NO;S;;03:36;00:16;SM;1;;232;114;55;1987;STRA 80;3;stra V;;L:\AudioToscana\stra V\Patrick Swayze - She's Like the Wind.wav;;;1
8953;2650;CLS;;Goodbye Yellow Brick Road;1;ELTON JOHN;B;3;;;;;;NO;S;;03:08;00:08;SS;1;;214;210;79;1973;STRA 70;2;stra V;;L:\AudioToscana\stra V\Elton John - Goodbye Yellow Brick Road.wav;;;1
8957;2646;CLS;;Don't Let The Sun Go Down On Me;0;ELTON JOHN;B;3;;;;;;NO;S;;05:29;00:15;SM;1;;218;216;77;1974;STRA 70;2;stra V;;L:\AudioToscana\stra V\Elton John - Don't Let The Sun Go Down On Me - Elton John.wav;;;1
8959;2668;CLS;;Sacrifice;1;ELTON JOHN;B;2;;;;;;NO;S;;04:25;00:17;SM;1;;184;62;80;1989;STRA 80;3;stra V;;L:\AudioToscana\stra V\Elton John - Sacrifice - Elton John.wav;;;1
8962;2637;CLS;;Candle In The Wind;1;ELTON JOHN;B;3;;;;;;N;S;;03:41;00:08;SM;1;;195;195;78;1984;STRA 70;2;stra V;;L:\AudioToscana\stra V\Elton John - Candle In The Wind - Elton John.wav;;;1
8963;2642;CLS;;Daniel;0;ELTON JOHN;B;2;;;;;;NO;S;;03:47;00:16;SM;1;;210;201;82;1973;STRA 70;2;stra V;;L:\AudioToscana\stra V\Elton John - Daniel - Elton John.wav;;;1
8966;2675;CLS;;Sorry Seems To Be The Hardest Word;1;ELTON JOHN;B;L3;;;;;;N;S;;03:33;00:20;SS;1;;230;230;82;1976;STRA 70;2;stra V;;L:\AudioToscana\stra V\Elton John - Sorry Seems To Be The Hardest Word - Elton John.wav;;;1
8967;2666;CLS;;Rocket Man;1;ELTON JOHN;B;3;;;;;;NO;S;;04:08;00:00;SS;1;;236;234;76;1972;STRA 70;2;stra V;;L:\AudioToscana\stra V\Elton John - Rocket Man (I Think It's Going To Be A Long, Long Time) - Elton John.wav;;;1
8970;5137;CLS;;Suspicious Minds;0;ELVIS PRESLEY;B;2;;;;;;NO;S;;03:19;00:05;SM;2;;241;233;69;1969;STRA 60;1;stra V;;L:\AudioToscana\stra V\Elvis Presley - Suspicious Minds.wav;;;1
8971;6684;CLS;;Always On My Mind;0;ELVIS PRESLEY;B;2;;;;;;NO;S;;03:17;00:07;SM;2;;225;202;70;1973;STRA 60;1;stra V;;L:\AudioToscana\stra V\Elvis Presley - Always On My Mind.wav;;;1
8997;1562;CLS;;Rock Your Baby;0;GEORGE MCCRAE;B;2;;;;;;N;S;;03:04;00:37;MF;2;;237;130;59;1974;STRA 70;2;stra V;;L:\AudioToscana\stra V\George McCrae - Rock your baby.wav;;;1
8999;1563;CLS;;Faith;0;GEORGE MICHAEL;N;2;;;;;;N;S;;02:35;00:36;MF;2;;156;44;48;1987;STRA 80;3;stra V;;L:\AudioToscana\stra V\George Michael - Faith - George Michael.wav;;;1
9004;4993;CLS;;Alone Again (naturally);0;GILBERT O'SULLIVAN;B;2;;;;;;NO;S;;03:34;00:12;SS;2;;247;122;52;1972;STRA 70;2;stra V;;L:\AudioToscana\stra V\Gilbert O'Sullivan - Alone Again (Naturally).wav;;;1
9010;1574;CLS;;Never Can Say Goodbye;0;GLORIA GAYNOR;;1;;;;;;N;S;;02:54;00:22;FF;3;;140;50;30;1975;STRA 70;2;stra V;;L:\AudioToscana\stra V\Gloria Gaynor - Never Can Say Goodbye.wav;;;1
9013;1578;CLS;;La Vie En Rose;1;GRACE JONES;B;2;;;;;;NO;S;;03:07;00:22;SM;1;;246;232;79;1977;STRA 70;2;stra V;;L:\AudioToscana\stra V\Grace Jones - La Vie En Rose.wav;;;1
9020;6202;CLS;;Without You;1;HARRY NILSSON;B;2;;;;;;NO;S;;02:44;00:07;SS;1;;224;184;63;1967;STRA 70;2;stra V;;L:\AudioToscana\stra V\Harry Nillson - Without You.wav;;;1
9036;2467;CLS;;It's A Man's Man's World;0;JAMES BROWN;;3;;;;;;N;S;;02:36;00:11;RR;;;117;42;45;1966;STRA 60;1;stra V;;L:\AudioToscana\stra V\James Brown - It's a man's man's world - James Brown.wav;;;1
9043;1608;CLS;;The Power Of Love;1;JENNIFER RUSH;B;2;;;;;;N;S;;04:10;00:00;SS;1;;248;244;68;1984;STRA 80;3;stra V;;L:\AudioToscana\stra V\Jennifer Rush - The power of love.wav;;;1
9045;1610;CLS;;I Should Have Known Better;1;JIM DIAMOND;B;2;;;;;;NO;S;;03:56;00:05;SS;1;;286;269;52;1984;STRA 80;3;stra V;;L:\AudioToscana\stra V\Jim Diamond - I Should Have Known Better.wav;;;1
9092;2479;CLS;;Say You Say Me;1;LIONEL RICHIE;B;2;;;;;;NO;S;;03:52;00:16;SS;1;;294;292;60;1985;STRA 80;3;stra V;;L:\AudioToscana\stra V\Lionel Richie - Say you say me.wav;;;1
9094;5011;CLS;;Endless Love;1;"LIONEL RICHIE - DIANA ROSS; LIONEL RICHIE; DIANA ROSS";B;2;;;;;;NO;S;;04:20;00:05;SS;1;;202;189;77;1981;STRA 80;3;stra V;;L:\AudioToscana\stra V\Lionel Richie - Endless Love.wav;;;1
9099;4069;CLS;;The Locomotion;0;LITTLE EVA;N;2;;;;;;N;S;;02:12;00:09;FF;3;;189;59;34;1962;STRA 60;1;stra V;;L:\AudioToscana\stra V\Little Eva - The Locomotion - Little Eva.wav;;;1
9102;2697;CLS;;What A Wonderful World;1;LOUIS ARMSTRONG;B;2;;;;;LOUIS ARMSTRONG;N;S;;02:13;00:06;SS;1;;128;124;61;1968;STRA 60;1;stra V;;L:\AudioToscana\stra V\Louis Armstrong - What A Wonderful World.wav;;;1
9103;5409;CLS;;We Have All The Time In The World;0;LOUIS ARMSTRONG;B;2;;;;;LOUIS ARMSTRONG;NO;S;;03:11;00:11;SS;2;;140;138;63;1969;STRA 70;2;stra V;;L:\AudioToscana\stra V\Louis Armstrong - We Have All The Time In The World.wav;;;1
9125;2960;CLS;;I Heard It Through The Grapewine;0;MARVIN GAYE;B;2;;;;;;N;S;;02:49;00:20;SF;2;;172;165;68;1969;STRA 60;1;stra V;;L:\AudioToscana\stra V\Marvin Gaye - I Heard It Through The Grapewine.wav;;I Heard It Through The Grapewine;1
9129;6961;CLS;;More Than I Can Bear;0;MATT BIANCO;B;2;;;;;;NO;S;;04:04;00:24;SS;2;;182;42;30;1984;STRA 80;3;stra V;;L:\AudioToscana\stra V\Matt Bianco - More Than I Can Bear.wav;;;1
9143;5048;CLS;;Human Nature;0;MICHAEL JACKSON;N;2;;;;;;NO;S;;03:48;00:10;SM;2;;203;43;44;1982;STRA 80;3;stra V;;L:\AudioToscana\stra V\Michael Jackson - Human Nature.wav;;;1
9161;1684;CLS;;Foreign Affair;0;MIKE OLDFIELD;;2;;;;;;N;S;;03:51;00:11;MS;3;;169;80;61;1983;STRA 80;3;stra V;;L:\AudioToscana\stra V\Mike Oldfield - Foreign affair.wav;;;1
9164;6453;CLS;;Pata Pata;0;MIRIAM MAKEBA;;1;;;;;;N;S;;02:52;00:00;SF;;;149;56;37;1989;STRA 60;1;stra V;;L:\AudioToscana\stra V\Miriam Makeba - Pata Pata.wav;;;1
9168;1693;CLS;;September Morn;0;NEIL DIAMOND;B;3;;;;;;NO;S;;03:46;00:09;SS;1;;266;248;71;1979;STRA 70;2;stra V;;L:\AudioToscana\stra V\Neil Diamond - September Morn.wav;;;1
9184;4251;CLS;;Hopelessly Devoted To You;1;OLIVIA NEWTON JOHN;B;2;;;;;;NO;S;;02:54;00:13;SM;2;;241;224;72;1978;STRA 70;2;stra V;;L:\AudioToscana\stra V\Olivia Newton-John - Hopelessly devoted to you.wav;;;1
9194;2860;CLS;;No More Lonely Nights;1;PAUL MCCARTNEY;B;2;;;;;;NO;S;;03:37;00:00;SS;2;;273;268;57;1984;STRA 80;3;stra V;;L:\AudioToscana\stra V\Paul McCartney - No More Lonely Nights.wav;;;1
9195;2861;CLS;;Once Upon A Long Ago;0;PAUL MCCARTNEY;N;2;;;;;;NO;S;;03:36;00:16;SM;1;;168;44;33;1987;STRA 80;3;stra V;;L:\AudioToscana\stra V\Paul McCartney - Once Upon A Long Ago.wav;;;1
9197;2794;CLS;;The Girl Is Mine;0;"PAUL MCCARTNEY - MICHAEL JACKSON; PAUL MCCARTNEY; MICHAEL JACKSON";B;2;;;;;;NO;S;;03:26;00:12;SM;2;;83;20;23;1982;STRA 80;3;stra V;;L:\AudioToscana\stra V\Michael Jackson - The Girl Is Mine - Michael Jackson.wav;;;1
9199;3517;CLS;;Ebony & Ivory;1;"PAUL MCCARTNEY - STEVIE WONDER; PAUL MCCARTNEY; STEVIE WONDER";B;3;;;;;;NO;S;;03:19;00:07;SM;2;;170;170;71;1982;STRA 80;3;stra V;;L:\AudioToscana\stra V\Stevie Wonder - Ebony & Ivory.wav;;;1
9203;4079;CLS;;When A Man Loves A Woman;1;PERCY SLEDGE;B;2;;;;;;N;S;;02:50;00:15;SM;1;;206;164;69;1966;STRA 60;1;stra V;;L:\AudioToscana\stra V\Percy Sledge - When A Man Loves A Woman - Percy Sledge.wav;;;1
9213;2523;CLS;;One More Night;0;PHIL COLLINS;B;3;;;;;;NO;S;;03:46;00:00;SM;1;;271;270;63;1985;STRA 80;3;stra V;;L:\AudioToscana\stra V\Phil Collins - One More Night - Phil Collins.wav;;;1
9219;5910;CLS;;Homburg;0;PROCOL HARUM;B;2;;;;;;NO;S;;03:32;00:14;SM;1;;199;141;71;1967;STRA 60;1;stra V;;L:\AudioToscana\stra V\Procol Harum - Homburg.mp3;;;1
9241;1753;CLS;;Reality;0;RICHARD SANDERSON;B;1;;;;;;NO;S;;04:38;00:13;SS;1;;296;278;58;1980;STRA 80;3;stra V;;L:\AudioToscana\stra V\Richard Sanderson - Reality.wav;;;1
9255;3307;CLS;;Your Love Is King;0;SADE;N;2;;;;;;NO;S;;03:30;00:22;SM;2;;166;49;33;1983;STRA 80;3;stra V;;L:\AudioToscana\stra V\Sade - Your Love Is King - Sade.wav;;;1
9275;5141;CLS;;The Boxer;0;SIMON AND GARFUNKEL;B;3;;;;;;N;S;;04:41;00:06;SM;2;;220;177;53;1970;STRA 60;1;stra V;;L:\AudioToscana\stra V\Simon and Garfunkel -  The Boxer.wav;;;1
9276;4331;CLS;;The Sound Of Silence;0;SIMON AND GARFUNKEL;B;3;;;;;;N;S;;03:00;00:03;SS;1;;260;260;72;1964;STRA 60;1;stra V;;L:\AudioToscana\stra V\Simon & Garfunkel - The Sound of Silence.wav;;;1
9277;4263;CLS;;Mrs. Robinson;0;SIMON AND GARFUNKEL;B;3;;;;;;N;S;;03:29;00:32;MF;3;;224;203;71;1968;STRA 60;1;stra V;;L:\AudioToscana\stra V\Simon & Garfunkel - Mrs. Robinson.wav;;;1
9281;3375;CLS;;Holding Back The Years;0;SIMPLY RED;N;2;;;;;;NO;S;;03:57;00:25;SS;1;;184;56;51;1985;STRA 80;3;stra V;;L:\AudioToscana\stra V\Simply Red - Holding Back The Years - Simply Red.wav;;;1
9285;3377;CLS;;If You Don't Know Me By Now;0;SIMPLY RED;N;2;;;;;;NO;S;;03:18;00:16;SS;1;;179;43;31;1989;STRA 80;3;stra V;;L:\AudioToscana\stra V\Simply Red - If You Don't Know Me By Now - Simply Red.wav;;;1
9301;3652;CLS;;How Many Lies;0;SPANDAU BALLET;N;2;;;;;;NO;S;;04:11;00:15;SM;2;;153;47;48;1986;STRA 80;3;stra V;;L:\AudioToscana\stra V\Spandau Ballet - How Many Lies.wav;;;1
9312;5019;CLS;;You Are The Sunshine Of My Life;1;STEVIE WONDER;B;2;;;;;;NO;S;;02:44;00:16;SM;2;;236;224;75;1972;STRA 70;2;stra V;;L:\AudioToscana\stra V\Stevie Wonder - You're the Sunshine of My Life.wav;;;1
9314;3522;CLS;;I Just Called To Say I Love You;1;STEVIE WONDER;B;2;;;;;;NO;S;;04:17;00:07;SM;2;;293;292;66;1984;STRA 80;3;stra V;;L:\AudioToscana\stra V\Stevie Wonder - I Just Called To Say I Love You.wav;;;1
9315;3422;CLS;;Mad About You;0;STING;;2;;;;;;N;S;;03:41;00:36;MF;;;102;37;38;1991;STRA 90;4;stra V;;L:\AudioToscana\stra V\Sting - Mad About You - Sting.wav;;;1
9334;2599;CLS;;The House Of The Rising Sun;1;THE ANIMALS;B;3;;;;;;N;S;;04:22;00:12;SF;1;;258;236;64;1964;STRA 60;1;stra V;;L:\AudioToscana\stra V\The Animals - The house of the rising sun.wav;;;1
9345;2551;CLS;;Michelle;1;"THE BEATLES; JOHN LENNON; PAUL MCCARTNEY; GEORGE HARRISON; RINGO STARR";B;2;;;;;;NO;S;;02:21;00:08;SS;1;;155;152;74;1965;STRA 60;1;stra V;;L:\AudioToscana\stra V\The Beatles - Michelle - The Beatles.wav;;;1
9347;4938;CLS;;We Can Work It Out;0;"THE BEATLES; JOHN LENNON; PAUL MCCARTNEY; GEORGE HARRISON; RINGO STARR";B;2;;;;;BEATLES;N;S;;02:09;00:01;FS;3;;30;26;62;1965;STRA 60;1;stra V;;L:\AudioToscana\stra V\The Beatles - We Can Work It Out - The Beatles.wav;;;1
9348;4947;CLS;;Love Me Do;0;"THE BEATLES; JOHN LENNON; PAUL MCCARTNEY; GEORGE HARRISON; RINGO STARR";B;2;;;;;BEATLES;N;S;;02:13;00:14;FF;3;;30;26;49;1962;STRA 60;1;stra V;;L:\AudioToscana\stra V\The Beatles - Love Me Do.wav;;;1
9349;2561;CLS;;Yesterday;1;"THE BEATLES; JOHN LENNON; PAUL MCCARTNEY; GEORGE HARRISON; RINGO STARR";B;2;;;;;;NO;S;;02:00;00:05;SS;1;;151;149;75;1965;STRA 60;1;stra V;;L:\AudioToscana\stra V\The Beatles - Yesterday.wav;;;1
9350;2557;CLS;;Something;1;"THE BEATLES; JOHN LENNON; PAUL MCCARTNEY; GEORGE HARRISON; RINGO STARR";B;3;;;;;;NO;S;;02:55;00:01;SS;1;;103;95;76;1969;STRA 60;1;stra V;;L:\AudioToscana\stra V\The Beatles - Something.wav;;;1
9351;2538;CLS;;All You Need Is Love;0;"THE BEATLES; JOHN LENNON; PAUL MCCARTNEY; GEORGE HARRISON; RINGO STARR";B;2;;;;;;N;S;;02:26;00:27;MM;3;;71;67;90;1967;STRA 60;1;stra V;;L:\AudioToscana\stra V\The Beatles - All You Need Is Love.wav;;;1
9357;4940;CLS;;Strawberry Fields Forever;0;"THE BEATLES; JOHN LENNON; PAUL MCCARTNEY; GEORGE HARRISON; RINGO STARR";B;3;;;;;;NO;S;;02:56;00:11;SM;1;;93;75;72;1967;STRA 60;1;stra V;;L:\AudioToscana\stra V\The Beatles - Strawberry Fields Forever.wav;;;1
9358;2549;CLS;;Let It Be;1;"THE BEATLES; JOHN LENNON; PAUL MCCARTNEY; GEORGE HARRISON; RINGO STARR";B;2;;;;;;NO;S;;03:44;00:13;SS;1;;163;162;81;1970;STRA 60;1;stra V;;L:\AudioToscana\stra V\The Beatles - Let It Be.wav;;;1
9359;4944;CLS;;While My Guitar Gently Weeps;0;"THE BEATLES; JOHN LENNON; PAUL MCCARTNEY; GEORGE HARRISON; RINGO STARR";B;2;;;;;;N;S;;03:37;00:17;SM;2;;102;99;78;1968;STRA 60;1;stra V;;L:\AudioToscana\stra V\The Beatles - While My Guitar Gently Weeps.wav;;;1
9360;2553;CLS;;Penny Lane;1;"THE BEATLES; JOHN LENNON; PAUL MCCARTNEY; GEORGE HARRISON; RINGO STARR";B;2;;;;;;N;S;;02:51;00:00;MM;2;;74;71;71;1967;STRA 60;1;stra V;;L:\AudioToscana\stra V\The Beatles - Penny Lane.wav;;;1
9361;4949;CLS;;I Want To Hold Your Hand;0;"THE BEATLES; JOHN LENNON; PAUL MCCARTNEY; GEORGE HARRISON; RINGO STARR";B;2;;;;;;N;S;;02:21;00:07;FM;3;;118;117;64;1963;STRA 60;1;stra V;;L:\AudioToscana\stra V\The Beatles - I Want To Hold Your Hand.wav;;;1
9364;2539;CLS;;And I Love Her;0;"THE BEATLES; JOHN LENNON; PAUL MCCARTNEY; GEORGE HARRISON; RINGO STARR";B;2;;;;;;NO;S;;02:24;00:10;MM;2;;98;88;56;1964;STRA 60;1;stra V;;L:\AudioToscana\stra V\The Beatles - And I Love Her.wav;;;1
9368;2545;CLS;;Help!;0;"THE BEATLES; JOHN LENNON; PAUL MCCARTNEY; GEORGE HARRISON; RINGO STARR";B;2;;;;;BEATLES;N;S;;02:13;00:01;FF;3;;32;28;41;1965;STRA 60;1;stra V;;L:\AudioToscana\stra V\The Beatles - Help! - The Beatles.wav;;;1
9384;4995;CLS;;Caravan Of Love;0;THE HOUSEMARTINS;N;2;;;;;;NO;S;;03:23;00:09;SM;1;;233;116;57;1986;STRA 80;3;stra V;;L:\AudioToscana\stra V\The Housemartins - Caravan of Love.wav;;;1
9389;5290;CLS;;You To Me Are Everything;0;THE REAL THING;N;2;;;;;;NO;S;;02:59;00:20;MF;3;;167;58;35;1976;STRA 80;3;stra V;;L:\AudioToscana\stra V\The Real Thing - You to Me Are Everything.wav;;;1
9390;2573;CLS;;Unchained Melody;0;THE RIGHTEOUS BROTHERS;B;2;;;;;;NO;S;;03:33;00:00;SF;1;;282;282;63;1988;STRA 60;1;stra V;;L:\AudioToscana\stra V\The Righteous Brothers - Unchained melody.wav;;;1
9393;1847;CLS;;You're The Best Thing;0;THE STYLE COUNCIL;;2;;;;;;NO;S;;04:04;00:32;MM;;;136;58;28;1984;STRA 80;3;stra V;;L:\AudioToscana\stra V\The Style Council - You're The Best Thing.wav;;;1
9397;6685;CLS;;Sunday Morning;0;THE VELVET UNDERGROUND;B;3;;;;;;N;S;;02:38;00:10;SS;2;;242;218;60;1966;STRA 60;1;stra V;;L:\AudioToscana\stra V\The Velvet Underground - Sunday Morning.wav;;;1
9399;1858;CLS;;I Love To Love;0;TINA CHARLES;N;1;;;;;;N;S;;02:54;00:09;MF;3;;184;62;35;1976;STRA 70;2;stra V;;L:\AudioToscana\stra V\Tina Charles - I love to love.wav;;;1
9422;1874;CLS;;5 O'clock In The Morning;0;VILLAGE PEOPLE;B;2;;;;;;NO;S;;04:39;00:23;SM;2;;271;264;70;1981;STRA 80;3;stra V;;L:\AudioToscana\stra V\Village People - 5 O'clock In The Morning.wav;;;1
9434;3986;CLS;;Where Do Broken Hearts Go;1;WHITNEY HOUSTON;B;2;;;;;;NO;S;;03:38;00:11;SS;1;;246;235;62;1987;STRA 80;3;stra V;;L:\AudioToscana\stra V\Whitney Houston - Where Do Broken Hearts Go.wav;;;1
9435;3629;CLS;;All At Once;1;WHITNEY HOUSTON;B;2;;;;;;NO;S;;03:56;00:22;SS;1;;268;256;68;1985;STRA 80;3;stra V;;L:\AudioToscana\stra V\Whitney Houston - All At Once - Whitney Houston.wav;;;1
9438;3630;CLS;;Greatest Love Of All;1;WHITNEY HOUSTON;B;2;;;;;;NO;S;;04:49;00:24;SS;1;;293;293;60;1985;STRA 80;3;stra V;;L:\AudioToscana\stra V\Whitney Houston - Greatest Love Of All - Whitney Houston.wav;;;1
9439;5587;CLS;;One Moment In Time;1;WHITNEY HOUSTON;B;2;;;;;;NO;S;;04:41;00:15;SM;1;;279;266;66;1988;STRA 80;3;stra V;;L:\AudioToscana\stra V\Whitney Houston - One Moment In Time.wav;;;1
9452;2609;CLS;;Year Of The Cat;0;AL STEWART;N;3;;;;;;NO;S;;04:30;01:07;MR;2;;219;113;58;2003;STRA 70;2;stra V;;L:\AudioToscana\stra V\Al Stewart - Year Of The Cat.wav;;;1
9457;4090;CLS;;Invisible;0;ALISON MOYET;;3;;;;;;N;S;;03:48;00:24;MR;2;;126;43;39;1985;STRA 80;3;stra V;;L:\AudioToscana\stra V\Alison Moyet - Invisible.wav;;;1
9459;2238;CLS;;Survival;0;AMERICA;B;2;;;;;;N;S;;02:48;00:14;SR;3;;270;261;61;1980;STRA 80;3;stra V;;L:\AudioToscana\stra V\America - Survival - America.wav;;;1
9460;4980;CLS;;A Horse With No Name;0;AMERICA;N;3;;;;;;N;S;;03:22;00:09;SR;2;;128;2;24;1972;STRA 70;2;stra V;;L:\AudioToscana\stra V\America - A Horse With No Name.wav;;;1
9461;2237;CLS;;You Can Do Magic;0;AMERICA;N;3;;;;;;N;S;;03:34;00:14;MR;2;;195;40;37;1982;STRA 80;3;stra V;;L:\AudioToscana\stra V\America - You Can Do Magic - America.wav;;;1
9463;5068;CLS;;It's Five O'clock;0;APHRODITE'S CHILD;B;2;;;;;;NO;S;;03:19;00:15;SR;2;;253;212;55;1969;STRA 70;2;stra V;;L:\AudioToscana\stra V\Aphrodite's Child -  It's Five O'Clock.wav;;;1
9470;5711;CLS;;Honesty;1;BILLY JOEL;B;3;;;;;;N;S;;03:42;00:07;SS;1;;260;259;69;1978;STRA 70;2;stra V;;L:\AudioToscana\stra V\Billy Joel - Honesty.wav;;;1
9471;2616;CLS;;Just The Way You Are;1;BILLY JOEL;B;3;;;;;;N;S;;04:20;00:08;SS;1;;188;168;79;1977;STRA 70;2;stra V;;L:\AudioToscana\stra V\Billy Joel - Just The Way You Are.wav;;;1
9480;5599;CLS;;No Woman No Cry;0;BOB MARLEY;B;2;;;;;;N;S;;03:29;00:14;SM;2;;250;241;78;1975;STRA 70;2;stra V;;L:\AudioToscana\stra V\Bob Marley And The Wailers - No Woman No Cry (Live).wav;;;1
9484;5060;CLS;;Wanted Dead Or Alive;0;BON JOVI;N;R3;;;;;;N;S;;04:35;00:48;SR;1;;193;77;65;1986;STRA 80;3;stra V;;L:\AudioToscana\stra V\Bon Jovi - Wanted Dead Or Alive - Bon Jovi.wav;;;1
9486;7674;CLS;;It's A Heartache;0;BONNIE TYLER;;3;;;;;;N;S;;03:20;00:08;SR;2;;126;52;36;1976;STRA 70;2;stra V;;L:\AudioToscana\stra V\Bonnie Tyler - It's A Heartache.wav;;;1
9487;1438;CLS;;Have You Ever Seen The Rain;0;BONNIE TYLER;B;3;;;;;;N;S;;03:36;00:24;MR;2;;256;242;57;1983;STRA 80;3;stra V;;L:\AudioToscana\stra V\Bonnie Tyler - Have You Ever Seen The Rain.wav;;;1
9489;5714;CLS;;More Than A Feeling;0;BOSTON;B;3;;;;;;N;S;;04:19;00:18;SR;2;;246;239;74;1976;STRA 70;2;stra V;;L:\AudioToscana\stra V\Boston - More than a feeling.wav;;;1
9513;3037;CLS;;Morning Has Broken;0;CAT STEVENS;N;3;;;;;;NO;S;;03:09;00:13;SR;1;;199;115;55;1971;STRA 70;2;stra V;;L:\AudioToscana\stra V\Cat Stevens - Morning Has Broken - Cat Stevens.wav;;;1
9516;5272;CLS;;If I Could Turn Back Time;0;CHER;N;2;;;;;;N;S;;03:43;00:08;SR;2;;238;86;74;1989;STRA 80;3;stra V;;L:\AudioToscana\stra V\Cher - If I Could Turn Back Time.wav;;;1
9517;2407;CLS;;Baby What A Big Surprise;0;CHICAGO;N;3;;;;;;NO;S;;02:48;00:14;SR;1;;190;123;60;1977;STRA 70;2;stra V;;L:\AudioToscana\stra V\Chicago - Baby What A Big Surprise.wav;;;1
9519;2408;CLS;;If You Leave Me Now;1;CHICAGO;B;3;;;;;;NO;S;;03:40;00:09;SR;1;;263;260;79;1976;STRA 70;2;stra V;;L:\AudioToscana\stra V\Chicago - If You Leave Me Now.wav;;;1
9525;2857;CLS;;Sailing;1;CHRISTOPHER CROSS;B;2;;;;;;NO;S;;04:02;00:37;SS;1;;262;254;59;1979;STRA 80;3;stra V;;L:\AudioToscana\stra V\Christopher Cross - Sailing.wav;;;1
9532;7690;CLS;;Starman;0;DAVID BOWIE;B;R3;;;;;;N;S;;03:34;00:20;SM;2;;214;213;83;1972;STRA 70;2;stra V;;L:\AudioToscana\stra V\David Bowie - Starman.wav;;;1
9536;6668;CLS;;Life On Mars;0;DAVID BOWIE;B;R3;;;;;;NO;S;;03:28;00:00;SS;1;;245;240;84;1971;STRA 70;2;stra V;;L:\AudioToscana\stra V\David Bowie - Life On Mars.wav;;;1
9538;2420;CLS;;Heroes;0;DAVID BOWIE;B;R3;;;;;;N;S;;03:05;00:17;FF;2;;228;227;79;1977;STRA 70;2;stra V;;L:\AudioToscana\stra V\David Bowie - Heroes - David Bowie.wav;;;1
9550;5668;CLS;;Your Latest Trick;0;DIRE STRAITS;B;3;;;;;;NO;S;;04:50;01:44;SR;2;;258;246;58;1985;STRA 80;3;stra V;;L:\AudioToscana\stra V\Dire Straits - Your Latest Trick.wav;;;1
9574;4954;CLS;;All By Myself;1;ERIC CARMEN;B;3;;;;;;NO;S;;04:42;00:08;SS;1;;273;269;80;1986;STRA 70;2;stra V;;L:\AudioToscana\stra V\Eric Carmen - All by myself.wav;;;1
9576;2462;CLS;;Wonderful Tonight;0;ERIC CLAPTON;B;3;;;;;;NO;S;;03:33;00:21;SS;1;;247;244;72;1977;STRA 70;2;stra V;;L:\AudioToscana\stra V\Eric Clapton - Wonderful Tonight - Eric Clapton.wav;;;1
9596;5333;CLS;;Follow You Follow Me;0;"GENESIS; PHIL COLLINS; PETER GABRIEL";B;3;;;;;;N;S;;03:25;00:20;SF;1;;160;160;81;1978;STRA 70;2;stra V;;L:\AudioToscana\stra V\Genesis - Follow you Follow me.wav;;;1
9598;5353;CLS;;Many Too Many;0;"GENESIS; PHIL COLLINS; PETER GABRIEL";B;3;;;;;;NO;S;;03:02;00:09;SR;1;;170;151;72;2004;STRA 70;2;stra V;;L:\AudioToscana\stra V\Genesis - Many Too Many.wav;;;1
9608;4989;CLS;;Aquarius;0;HAIR;B;2;;;;;;NO;S;;03:43;00:23;SR;2;;253;194;59;1979;STRA 70;2;stra V;;L:\AudioToscana\stra V\HAIR - Aquarius.wav;;;1
9615;4228;CLS;;Everybody's Talkin';0;HARRY NILSSON;;3;;;;;;NO;S;;02:33;00:09;SR;2;;131;54;30;1969;STRA 70;2;stra V;;L:\AudioToscana\stra V\Harry Nilsson - Everybody's Talkin'.wav;;;1
9623;2466;CLS;;Stay;0;JACKSON BROWNE;B;3;;;;;;NO;S;;02:43;00:00;SR;2;;232;207;79;1977;STRA 70;2;stra V;;L:\AudioToscana\stra V\Jackson Browne - Stay.wav;;;1
9626;3491;CLS;;You've Got A Friend;0;JAMES TAYLOR;B;3;;;;;;N;S;;04:23;00:10;SS;1;;240;191;54;1970;STRA 70;2;stra V;;L:\AudioToscana\stra V\James Taylor - You've Got A Friend.wav;;;1
9631;1617;CLS;;You Are So Beautiful;0;JOE COCKER;B;3;;;;;;NO;S;;02:34;00:18;SS;1;;223;167;68;1974;STRA 70;2;stra V;;L:\AudioToscana\stra V\Joe Cocker - You Are So Beautiful.wav;;;1
9633;4496;CLS;;Up Where We Belong (con Jennifer Warnes);1;JOE COCKER;B;3;;;;;;NO;S;;03:33;00:14;SR;1;;280;278;62;1982;STRA 80;3;stra V;;L:\AudioToscana\stra V\Joe Cocker & Jennifer Warnes - Up Where We Belong.wav;;;1
9638;2745;CLS;;Jealous Guy;1;JOHN LENNON;B;3;;;;;;NO;S;;04:05;00:15;SS;1;;243;239;76;1971;STRA 70;2;stra V;;L:\AudioToscana\stra V\John Lennon - Jealous Guy.wav;;;1
9640;2743;CLS;;Imagine;1;JOHN LENNON;B;3;;;;;;N;S;;02:56;00:15;SS;1;;251;251;82;1971;STRA 70;2;stra V;;L:\AudioToscana\stra V\John Lennon - Imagine.wav;;;1
9642;2746;CLS;;Mind Games;0;JOHN LENNON;B;3;;;;;;NO;S;;03:51;00:15;SS;2;;220;196;74;1973;STRA 70;2;stra V;;L:\AudioToscana\stra V\John Lennon - Mind Games.wav;;;1
9647;1619;CLS;;Music;1;JOHN MILES;B;3;;;;;;N;S;;05:43;00:07;SR;2;;286;267;66;1976;STRA 70;2;stra V;;L:\AudioToscana\stra V\John Miles - Music.wav;;;1
9652;1631;CLS;;Wuthering Heights;1;KATE BUSH;B;3;;;;;;NO;S;;04:09;00:08;SS;1;;260;256;69;1978;STRA 70;2;stra V;;L:\AudioToscana\stra V\Kate Bush - Wuthering Heights.wav;;;1
9654;4238;CLS;;I'm Easy;0;KEITH CARRADINE;B;3;;;;;;NO;S;;02:58;00:08;SS;1;;267;213;65;1975;STRA 70;2;stra V;;L:\AudioToscana\stra V\Keith Carradine - I'm Easy.wav;;;1
9661;4155;CLS;;Perfect Day;0;LOU REED;;3;;;;;;NO;S;;03:34;00:12;SS;;;131;54;33;1972;STRA 70;2;stra V;;L:\AudioToscana\stra V\Lou Reed - Perfect Day.wav;;;1
9666;5070;CLS;;Frederick;0;PATTI SMITH;N;3;;;;;;N;S;;02:48;00:09;MR;2;;219;113;52;1979;STRA 70;2;stra V;;L:\AudioToscana\stra V\Patti Smith  - Frederick.wav;;;1
9668;1718;CLS;;Because The Night;0;PATTI SMITH;B;3;;;;;;N;S;;03:01;00:09;SF;1;;259;258;68;1978;STRA 70;2;stra V;;L:\AudioToscana\stra V\Patti Smith - Because The Night.wav;;;1
9669;979;CLS;;Live And Let Die;0;PAUL MCCARTNEY;N;3;;;;;;N;S;;02:59;00:00;SR;2;;215;113;71;1973;STRA 70;2;stra V;;L:\AudioToscana\stra V\Paul McCartney - Live And Let Die.wav;;;1
9670;2859;CLS;;My Love;1;PAUL MCCARTNEY;B;3;;;;;;NO;S;;03:55;00:06;SS;1;;232;217;76;1973;STRA 70;2;stra V;;L:\AudioToscana\stra V\Paul McCartney - My Love.wav;;;1
9673;2591;CLS;;Baby I Love Your Way;0;PETER FRAMPTON;N;3;;;;;;N;S;;04:38;00:15;MR;2;;189;106;39;1975;STRA 70;2;stra V;;L:\AudioToscana\stra V\Peter Frampton - Baby i love your way.wav;;;1
9686;4958;CLS;;Comfortably Numb;0;PINK FLOYD;N;R3;;;;;;NO;S;;06:01;00:41;SR;2;;209;112;54;1979;STRA 70;2;stra V;;L:\AudioToscana\stra V\Pink Floyd - Comfortably Numb.wav;;;1
9688;5051;CLS;;Wish You Were Here;1;PINK FLOYD;B;R3;;;;;;N;S;;03:09;01:29;SM;1;;257;257;68;1975;STRA 70;2;stra V;;L:\AudioToscana\stra V\Pink Floyd - Wish You Were Here.wav;;;1
9694;3185;CLS;;Purple Rain;1;PRINCE;B;R3;;;;;;N;S;;03:46;00:19;SF;1;;278;277;68;1984;STRA 80;3;stra V;;L:\AudioToscana\stra V\Prince - Purple Rain.wav;;;1
9698;3232;CLS;;We Are The Champions;1;"QUEEN; FREDDIE MERCURY";B;3;;;;;;N;S;;02:54;00:00;SR;2;;220;218;82;1977;STRA 70;2;stra V;;L:\AudioToscana\stra V\Queen - We Are The Champions.wav;;;1
9699;1747;CLS;;Who Wants To Live Forever;1;"QUEEN; FREDDIE MERCURY";B;3;;;;;;NO;S;;03:35;00:09;SS;1;;236;232;63;1986;STRA 80;3;stra V;;L:\AudioToscana\stra V\Queen - Who wants to live forever.wav;;;1
9703;1744;CLS;;Friends Will Be Friends;0;"QUEEN; FREDDIE MERCURY";B;3;;;;;;N;S;;03:26;00:10;MR;2;;200;190;73;1986;STRA 80;3;stra V;;L:\AudioToscana\stra V\Queen - Friends will be friends.wav;;;1
9709;2912;CLS;;Love Of My Life;1;"QUEEN; FREDDIE MERCURY";B;3;;;;;;NO;S;;03:10;00:21;SS;1;;165;148;56;1975;STRA 70;2;stra V;;L:\AudioToscana\stra V\Queen - Love of My Life.wav;;;1
9711;3216;CLS;;Play The Game;0;"QUEEN; FREDDIE MERCURY";B;3;;;;;;N;S;;02:56;00:17;SR;2;;177;156;61;1980;STRA 80;3;stra V;;L:\AudioToscana\stra V\Queen - Play The Game.wav;;;1
9719;3194;CLS;;Bohemian Rhapsody;1;"QUEEN; FREDDIE MERCURY";B;R3;;;;;;N;S;;05:50;00:00;SS;1;NO MASTI;145;143;40;1975;STRA 70;2;stra V;;L:\AudioToscana\stra V\Queen - Bohemian Rhapsody.wav;;;1
9723;3274;CLS;;Sailing;1;ROD STEWART;B;3;;;;;;NO;S;;03:40;00:14;SS;1;;192;175;80;1982;STRA 70;2;stra V;;L:\AudioToscana\stra V\Rod Stewart - Sailing.wav;;;1
9728;4987;CLS;;Angie;1;ROLLING STONES;B;3;;;;;;NO;S;;04:08;00:18;SS;1;;255;253;72;1973;STRA 70;2;stra V;;L:\AudioToscana\stra V\Rolling Stones - Angie.wav;;;1
9729;2595;CLS;;Avalon;0;ROXY MUSIC;N;3;;;;;;NO;S;;03:48;00:17;SR;2;;150;53;37;1982;STRA 80;3;stra V;;L:\AudioToscana\stra V\Roxy Music - Avalon.wav;;;1
9737;3363;CLS;;Mandela Day;0;SIMPLE MINDS;N;3;;;;;;NO;S;;04:37;00:45;MS;2;;134;53;32;1989;STRA 80;3;stra V;;L:\AudioToscana\stra V\Simple Minds - Mandela Day - Simple Minds.wav;;;1
9745;6898;CLS;;The Joker;0;STEVE MILLER BAND;N;3;;;;;;N;S;;03:38;00:01;SR;2;;141;55;31;1978;STRA 70;2;stra V;;L:\AudioToscana\stra V\Steve Miller Band - The Joker.wav;;;1
9755;1807;CLS;;The Logical Song;1;SUPERTRAMP;B;3;;;;;;N;S;;02:57;00:09;SF;1;;254;254;69;1979;STRA 70;2;stra V;;L:\AudioToscana\stra V\Supertramp - The Logical Song.wav;;;1
9756;4997;CLS;;Goodbye Stranger;1;SUPERTRAMP;B;3;;;;;;N;S;;04:30;00:08;SR;2;;254;249;76;1979;STRA 70;2;stra V;;L:\AudioToscana\stra V\Supertramp - Goodbye Stranger.wav;;;1
9783;2563;CLS;;Drive;1;THE CARS;B;3;;;;;;NO;S;;03:45;00:23;MM;1;;304;304;58;1984;STRA 80;3;stra V;;L:\AudioToscana\stra V\The Cars - Drive.wav;;;1
9790;2806;CLS;;Hotel California;1;THE EAGLES;B;3;;;;;;NO;S;;04:45;00:51;SR;2;;259;257;76;1976;STRA 70;2;stra V;;L:\AudioToscana\stra V\The Eagles - Hotel California.wav;;;1
9793;2804;CLS;;Desperado;0;THE EAGLES;N;L3;;;;;;NO;S;;03:26;00:20;SS;1;;203;103;52;1973;STRA 70;2;stra V;;L:\AudioToscana\stra V\The Eagles - Desperado.wav;;;1
9799;3450;CLS;;Walking On The Moon;0;"THE POLICE; STING";N;2;;;;;POLICE;N;S;;03:12;00:31;SR;2;;83;12;38;1979;STRA 70;2;stra V;;L:\AudioToscana\stra V\The Police - Walking on the Moon - The Police.wav;;;1
9811;6458;CLS;;Please Please Please Let Me Ge;0;THE SMITHS;N;3;;;;;;NO;S;;01:41;00:00;SS;;;199;129;51;1984;STRA 80;3;stra V;;L:\AudioToscana\stra V\The Smiths - Please Please Please Let Me Ge.wav;;;1
9812;4015;CLS;;Shout To The Top!;0;THE STYLE COUNCIL;;2;;;;;;N;S;;03:31;00:43;FR;;;152;60;31;1985;STRA 80;3;stra V;;L:\AudioToscana\stra V\The Style Council - Shout To The Top! - The Style Council.wav;;;1
9822;3581;CLS;;I'll Be Over You;0;TOTO;B;3;;;;;;NO;S;;03:31;00:01;SR;1;;235;112;53;1986;STRA 80;3;stra V;;L:\AudioToscana\stra V\Toto - I'll Be Over You - Toto.wav;;;1
9825;2578;CLS;;Rosanna;0;TOTO;B;3;;;;;;N;S;;04:29;00:17;MF;2;;245;245;62;1982;STRA 80;3;stra V;;L:\AudioToscana\stra V\Toto - Rosanna.wav;;;1
9844;7463;CLS;;Is This Love;1;WHITESNAKE;B;3;;;;;;NO;S;;03:49;00:34;SR;2;;242;223;63;1987;STRA 80;3;stra V;;L:\AudioToscana\stra V\Whitesnake - Is This Love.wav;;;1
9874;4315;CLS;;Non So Che Darei;0;ALAN SORRENTI;N;;;;;;;O;I;;03:00;00:18;SF;2;;175;87;51;1980;ITA 70;2;ita V;;L:\AudioToscana\ita V\Alan Sorrenti - Non so che darei.wav;;;1
9913;69;CLS;;A Lei;0;ANNA OXA;N;;;;;;;O;I;;03:19;00:23;MF;2;;183;74;58;1985;ITA 80;3;ita V;;L:\AudioToscana\ita V\Anna Oxa - A Lei.wav;;;1
9915;77;CLS;;Senza Di Me;0;ANNA OXA;N;;;;;;;O;I;;03:17;00:13;SS;2;;185;68;56;1989;ITA 80;3;ita V;;L:\AudioToscana\ita V\Anna Oxa - Senza Di Me.wav;;;1
9922;5693;CLS;;Ti Lascerò;1;"ANNA OXA - FAUSTO LEALI; ANNA OXA; FAUSTO LEALI";B;;;;;;;O;I;;03:53;00:20;SS;1;;166;155;72;1997;ITA 80;3;ita V;;L:\AudioToscana\ita V\Anna Oxa - Ti lascerò (Fausto Leali).wav;;;1
9928;931;CLS;;Settembre;0;ANTONELLO VENDITTI;B;;;;;;;O;I;;03:17;00:28;SM;1;;120;41;46;1986;ITA 80;3;ita V;;L:\AudioToscana\ita V\Antonello Venditti - Settembre.wav;;;1
9990;934;CLS;;Insieme A Te Non Ci Sto Più;0;CATERINA CASELLI;B;;;;;;;O;I;;02:40;00:09;SF;1;;135;121;72;1968;ITA 60;1;ita V;;L:\AudioToscana\ita V\Caterina Caselli - Insieme a te non ci sto più.wav;;Insieme a te non ci sto più;1
9998;141;CLS;;Io Me Ne Andrei;0;CLAUDIO BAGLIONI;B;L;;;;;;O;I;;04:22;00:37;SS;1;;142;130;56;1973;ITA 70;2;ita V;;L:\AudioToscana\ita V\Claudio Baglioni - Io me ne andrei.wav;;;1
10000;127;CLS;;Amore Bello;1;CLAUDIO BAGLIONI;B;;;;;;;O;I;;05:39;00:17;SS;1;;177;175;68;1973;ITA 70;2;ita V;;L:\AudioToscana\ita V\Claudio Baglioni - Amore bello.wav;;;1
10005;159;CLS;;Signora Lia;0;CLAUDIO BAGLIONI;B;;;;;;;O;I;;02:56;00:08;SS;2;;139;130;74;1970;ITA 70;2;ita V;;L:\AudioToscana\ita V\Claudio Baglioni - Signora Lia.wav;;;1
10009;160;CLS;;Solo;0;CLAUDIO BAGLIONI;B;;;;;;;O;I;;04:26;00:15;SS;1;;140;132;74;1977;ITA 70;2;ita V;;L:\AudioToscana\ita V\Claudio Baglioni - Solo.wav;;;1
10014;158;CLS;;Sabato Pomeriggio;0;CLAUDIO BAGLIONI;B;L;;;;;;O;I;;04:53;00:00;SS;1;;127;26;36;1975;ITA 70;2;ita V;;L:\AudioToscana\ita V\Claudio Baglioni - Sabato pomeriggio.wav;;;1
10017;135;CLS;;E Tu Come Stai;1;CLAUDIO BAGLIONI;B;;;;;;;O;I;;04:17;00:14;SF;1;;184;181;75;1978;ITA 70;2;ita V;;L:\AudioToscana\ita V\Claudio Baglioni - E tu come stai-.wav;;;1
10042;939;CLS;;Senza Luce (a Whiter Shade Of Pale);0;"DIK DIK; PROCOL HARUM";B;;;;;;;O;I;;03:56;00:27;SS;1;;75;55;51;1967;ITA 60;1;ita V;;L:\AudioToscana\ita V\Dik Dik - Senza Luce (A Whiter Shade Of Pale) - Dik Dik.wav;;;1
10053;8477;CLS;;E' Stata Tua La Colpa;0;EDOARDO BENNATO;N;;;;;;;O;I;;04:22;00:47;SM;1;;152;75;54;1977;ITA 70;2;ita V;;L:\AudioToscana\ita V\Edoardo Bennato - E' Stata Tua la Colpa.wav;;;1
10059;942;CLS;;Ancora;1;EDUARDO DE CRESCENZO;B;;;;;;;O;I;;03:11;00:02;SM;1;;249;240;58;1981;ITA 80;3;ita V;;L:\AudioToscana\ita V\Eduardo De Crescenzo - Ancora.wav;;;1
10094;778;CLS;;Ti Sposerò Perchè;0;EROS RAMAZZOTTI;B;;;;;;;O;I;;03:56;00:18;SS;1;;172;75;61;1988;ITA 80;3;ita V;;L:\AudioToscana\ita V\Eros Ramazzotti - Ti Sposero' Perche'.wav;;;1
10114;2212;CLS;;Patrizia;0;EUGENIO FINARDI;;;;;;;;O;I;;02:44;00:16;MS;2;;137;48;60;1981;ITA 80;3;ita V;;L:\AudioToscana\ita V\Eugenio Finardi - Patrizia.wav;;;1
10123;218;CLS;;Domenica Bestiale;1;FABIO CONCATO;B;;;;;;;O;I;;03:48;00:14;SS;1;;233;231;67;1982;ITA 80;3;ita V;;L:\AudioToscana\ita V\Fabio Concato - Domenica Bestiale.wav;;;1
10129;228;CLS;;Ti Ricordo Ancora;0;FABIO CONCATO;B;;;;;;;O;I;;03:43;00:13;SS;1;;195;65;57;1984;ITA 80;3;ita V;;L:\AudioToscana\ita V\Fabio Concato - Ti ricordo ancora.wav;;;1
10137;235;CLS;;Come Si Cambia;0;FIORELLA MANNOIA;B;;;;;;;O;I;;03:43;00:12;SS;1;;184;82;62;1984;ITA 80;3;ita V;;L:\AudioToscana\ita V\Fiorella Mannoia - Come si cambia.wav;;;1
10155;240;CLS;;L'aiuola;0;FIORELLA MANNOIA;N;;;;;;;O;I;;03:13;00:17;SF;2;;164;80;49;1985;ITA 80;3;ita V;;L:\AudioToscana\ita V\Fiorella Mannoia - L'aiuola.wav;;;1
10163;251;CLS;;Alice;0;FRANCESCO DE GREGORI;B;;;;;;;O;I;;03:38;00:00;SS;1;;165;69;45;2014;ITA 70;2;ita V;;L:\AudioToscana\ita V\Francesco De Gregori - Alice.wav;;;1
10165;253;CLS;;Buonanotte Fiorellino;0;FRANCESCO DE GREGORI;B;;;;;;;O;I;;01:56;00:04;SS;1;;187;76;58;1975;ITA 70;2;ita V;;L:\AudioToscana\ita V\Francesco De Gregori - Buonanotte Fiorellino.wav;;;1
10188;280;CLS;;Sentimiento Nuevo;0;FRANCO BATTIATO;N;;;;;;;O;I;;03:52;00:31;MF;2;;120;22;35;1981;ITA 80;3;ita V;;L:\AudioToscana\ita V\Franco Battiato - Sentimiento Nuevo.wav;;;1
10193;272;CLS;;E Ti Vengo A Cercare;1;FRANCO BATTIATO;B;;;;;;;O;I;;03:21;00:13;SS;1;;222;220;64;1988;ITA 80;3;ita V;;L:\AudioToscana\ita V\Franco Battiato - E Ti Vengo A Cercare.wav;;;1
10199;6535;CLS;;Tutto Il Resto E' Noia;0;FRANCO CALIFANO;;;;;;;;O;I;;04:23;00:15;SS;1;;134;72;65;1977;ITA 70;2;ita V;;L:\AudioToscana\ita V\Franco Califano - Tutto Il Resto E' Noia.wav;;;1
10232;306;CLS;;Profumo;0;GIANNA NANNINI;B;;;;;;;O;I;;03:27;00:18;MF;1;;205;81;53;1986;ITA 80;3;ita V;;L:\AudioToscana\ita V\Gianna Nannini - Profumo - Gianna Nannini.wav;;;1
10244;318;CLS;;Grazie Perchè;0;"GIANNI MORANDI - AMII STEWART; GIANNI MORANDI; AMII STEWART";N;;;;;;;O;I;;03:38;00:15;SS;1;;120;28;58;1994;ITA 80;3;ita V;;L:\AudioToscana\ita V\Gianni Morandi - Grazie perchè.wav;;;1
10248;314;CLS;;Canzoni Stonate;0;GIANNI MORANDI;N;;;;;;;O;I;;03:49;00:00;SM;1;;159;57;63;1981;ITA 80;3;ita V;;L:\AudioToscana\ita V\Gianni Morandi - Canzoni stonate.wav;;;1
10258;5893;CLS;;Una Lunga Storia D'amore;1;GINO PAOLI;B;;;;;;;O;I;;02:56;00:24;SS;1;;233;224;61;2013;ITA 80;3;ita V;;L:\AudioToscana\ita V\Gino Paoli - Una Lunga Storia D'Amore.wav;;;1
10299;372;CLS;;Firenze (canzone Triste);1;IVAN GRAZIANI;B;;;;;;;O;I;;04:50;00:00;SM;1;;207;195;50;1980;ITA 80;3;ita V;;L:\AudioToscana\ita V\Ivan Graziani - Firenze Canzone Triste - Ivan Graziani.wav;;;1
10300;371;CLS;;Agnese;0;IVAN GRAZIANI;N;;;;;;;O;I;;03:33;00:19;SS;1;;130;70;64;1979;ITA 70;2;ita V;;L:\AudioToscana\ita V\Ivan Graziani - Agnese - Ivan Graziani.wav;;;1
10301;374;CLS;;Lugano Addio;1;IVAN GRAZIANI;B;;;;;;;O;I;;04:31;00:37;SS;1;;193;184;74;1977;ITA 70;2;ita V;;L:\AudioToscana\ita V\Ivan Graziani - Lugano Addio.wav;;;1
10386;434;CLS;;Sei Bellissima;0;LOREDANA BERTE';B;;;;;;;O;I;;04:28;00:26;SS;1;;198;196;87;1983;ITA 70;2;ita V;;L:\AudioToscana\ita V\Loredana Bertè - Sei bellissima.wav;;;1
10397;438;CLS;;Farfallina;1;LUCA CARBONI;B;;;;;;;O;I;;04:06;00:19;SM;1;;235;66;61;1987;ITA 80;3;ita V;;L:\AudioToscana\ita V\Luca Carboni - farfallina.wav;;;1
10400;459;CLS;;Balla Linda;0;LUCIO BATTISTI;B;;;;;;;O;I;;02:46;00:03;MF;2;;116;101;54;1968;ITA 60;1;ita V;;L:\AudioToscana\ita V\Lucio Battisti - Balla Linda.wav;;;1
10401;458;CLS;;Aver Paura D'innamorarsi Troppo;0;LUCIO BATTISTI;B;;;;;;;O;I;;04:31;00:31;SF;2;;107;47;62;1978;ITA 70;2;ita V;;L:\AudioToscana\ita V\Lucio Battisti - Aver paura d'innamorarsi troppo.wav;;;1
10406;454;CLS;;Anche Per Te;0;LUCIO BATTISTI;B;;;;;;;O;I;;04:24;00:21;SS;1;;135;131;76;1971;ITA 70;2;ita V;;L:\AudioToscana\ita V\Lucio Battisti - Anche per te.wav;;;1
10407;473;CLS;;Innocenti Evasioni;0;LUCIO BATTISTI;N;;;;;;;O;I;;03:10;00:33;MF;2;;144;73;63;1972;ITA 70;2;ita V;;L:\AudioToscana\ita V\Lucio Battisti - Innocenti evasioni.wav;;;1
10410;486;CLS;;Pensieri E Parole;0;LUCIO BATTISTI;B;;;;;;;O;I;;03:41;00:00;SS;1;;146;141;68;1971;ITA 70;2;ita V;;L:\AudioToscana\ita V\Lucio Battisti - Pensieri e parole.wav;;;1
10417;476;CLS;;Io Vorrei... Non Vorrei... Ma Se Vuoi;1;LUCIO BATTISTI;B;L;;;;;;O;I;;04:11;00:00;SM;1;;183;182;86;1972;ITA 70;2;ita V;;L:\AudioToscana\ita V\Lucio Battisti - Io vorrei... Non vorrei... Ma se vuoi.wav;;;1
10422;465;CLS;;E Penso A Te;0;LUCIO BATTISTI;B;L;;;;;;O;I;;04:07;00:20;SS;1;;120;117;67;1972;ITA 60;1;ita V;;L:\AudioToscana\ita V\Lucio Battisti - E penso a te.wav;;;1
10423;478;CLS;;La Collina Dei Ciliegi;0;LUCIO BATTISTI;B;;;;;;;O;I;;04:46;00:00;SS;2;;147;146;67;1973;ITA 70;2;ita V;;L:\AudioToscana\ita V\Lucio Battisti - La collina dei ciliegi.wav;;;1
10424;453;CLS;;Amarsi Un Po';1;LUCIO BATTISTI;B;;;;;;;O;I;;04:14;00:38;SF;1;;146;145;79;1977;ITA 70;2;ita V;;L:\AudioToscana\ita V\Lucio Battisti - Amarsi un pò.wav;;;1
10425;477;CLS;;La Canzone Del Sole;1;LUCIO BATTISTI;B;;;;;;;O;I;;05:13;00:10;MF;2;;194;194;76;1971;ITA 70;2;ita V;;L:\AudioToscana\ita V\Lucio Battisti - La canzone del sole.wav;;;1
10426;471;CLS;;Il Nostro Caro Angelo;0;LUCIO BATTISTI;B;;;;;;;O;I;;03:58;00:24;SS;1;;124;34;30;1973;ITA 70;2;ita V;;L:\AudioToscana\ita V\Lucio Battisti - Il nostro caro angelo.wav;;;1
10431;503;CLS;;Caruso;0;LUCIO DALLA;B;L;;;;;;O;I;;05:06;00:25;SS;1;;196;193;68;1986;ITA 80;3;ita V;;L:\AudioToscana\ita V\Lucio Dalla - Caruso.wav;;;1
10434;516;CLS;;Stella Di Mare;0;LUCIO DALLA;B;;;;;;;O;I;;04:35;00:20;SF;2;;168;166;74;1979;ITA 70;2;ita V;;L:\AudioToscana\ita V\Lucio Dalla - Stella di mare.wav;;;1
10455;4448;CLS;;Montagne Verdi;0;MARCELLA BELLA;N;;;;;;;O;I;;03:08;00:16;SS;2;;185;94;64;1972;ITA 70;2;ita V;;L:\AudioToscana\ita V\Marcella Bella - Montagne verdi.wav;;;1
10458;536;CLS;;Teorema;0;MARCO FERRADINI;N;;;;;;;O;I;;03:34;00:16;SF;2;NO DOMENICA MATTINA;199;63;38;2005;ITA 80;3;ita V;;L:\AudioToscana\ita V\Marco Ferradini - Teorema.wav;;;1
10481;5422;CLS;;Perdere L'amore;0;MASSIMO RANIERI;B;L;;;;;;O;I;;04:05;00:07;SS;1;;207;198;62;1988;ITA 80;3;ita V;;L:\AudioToscana\ita V\Massimo Ranieri - Perdere l'amore.wav;;;1
10489;561;CLS;;Stasera Che Sera;1;MATIA BAZAR;B;;;;;;;O;I;;03:09;00:02;SF;2;;170;161;76;1976;ITA 70;2;ita V;;L:\AudioToscana\ita V\Matia Bazar - Stasera Che Sera.wav;;;1
10493;551;CLS;;C'e Tutto Un Mondo Intorno;0;MATIA BAZAR;B;;;;;;;O;I;;03:37;00:38;SF;2;;169;160;66;1979;ITA 80;3;ita V;;L:\AudioToscana\ita V\Matia Bazar - C'e Tutto Un Mondo Intorno.wav;;;1
10518;583;CLS;;Ancora Ancora Ancora;0;MINA;N;;;;;;;O;I;;03:45;00:21;SS;1;;159;74;55;1976;ITA 70;2;ita V;;L:\AudioToscana\ita V\Mina - Ancora Ancora Ancora.wav;;;1
10523;4321;CLS;;Parole Parole;0;MINA;B;;;;;;;O;I;;03:53;00:01;SM;2;;173;166;83;1973;ITA 70;2;ita V;;L:\AudioToscana\ita V\Mina - Parole Parole.wav;;;1
10524;581;CLS;;Amor Mio;1;MINA;B;;;;;;;O;I;;04:16;00:30;MF;2;;188;187;78;1971;ITA 70;2;ita V;;L:\AudioToscana\ita V\Mina - Amor Mio.wav;;;1
10528;589;CLS;;E Poi...;1;MINA;N;;;;;;;O;I;;04:03;00:37;MS;1;;160;71;58;1973;ITA 70;2;ita V;;L:\AudioToscana\ita V\Mina - E poi....wav;;;1
10529;580;CLS;;Insieme;0;MINA;B;;;;;;;O;I;;04:02;00:14;SS;1;;139;104;62;1971;ITA 70;2;ita V;;L:\AudioToscana\ita V\Mina -  Insieme.wav;;;1
10538;603;CLS;;Se Telefonando;0;MINA;B;;;;;;;O;I;;02:47;00:18;SF;2;;157;152;70;1966;ITA 60;1;ita V;;L:\AudioToscana\ita V\Mina - Se telefonando.wav;;;1
10541;582;CLS;;Anche Un Uomo;0;MINA;N;;;;;;;O;I;;04:43;00:25;SS;1;;155;76;56;1979;ITA 70;2;ita V;;L:\AudioToscana\ita V\Mina - Anche un uomo.wav;;;1
10575;1029;CLS;;Aldebaran;0;NEW TROLLS;N;;;;;;;O;I;;03:32;00:14;MM;2;;161;90;52;1978;ITA 70;2;ita V;;L:\AudioToscana\ita V\New Trolls - Aldebaran - New Trolls.wav;;;1
10576;2279;CLS;;Quella Carezza Della Sera;0;NEW TROLLS;N;;;;;;;O;I;;04:01;00:17;MM;1;;199;91;67;1978;ITA 70;2;ita V;;L:\AudioToscana\ita V\New Trolls - Quella Carezza Della Sera.wav;;;1
10587;633;CLS;;Un Pugno Di Sabbia;0;NOMADI;B;;;;;;;O;I;;02:53;00:17;SM;1;;170;159;69;1971;ITA 70;2;ita V;;L:\AudioToscana\ita V\Nomadi - Un pugno di sabbia.wav;;;1
10594;632;CLS;;Un Giorno Insieme;1;NOMADI;B;;;;;;;O;I;;02:53;00:15;SM;1;;184;177;75;1968;ITA 70;2;ita V;;L:\AudioToscana\ita V\Nomadi - Un Giorno Insieme.wav;;;1
10598;2285;CLS;;L'appuntamento;0;ORNELLA VANONI;;;;;;;;O;I;;03:45;00:18;SS;1;;111;21;46;1970;ITA 60;1;ita V;;L:\AudioToscana\ita V\Ornella Vanoni - L'appuntamento.wav;;;1
10615;2291;CLS;;Pazza Idea;0;PATTY PRAVO;B;;;;;;;O;I;;04:29;00:15;SS;1;;197;190;68;1973;ITA 70;2;ita V;;L:\AudioToscana\ita V\Patti Pravo - Pazza Idea.wav;;;1
10626;650;CLS;;Napule È;1;PINO DANIELE;B;;;;;;;O;I;;03:33;00:31;SM;1;;209;209;69;1977;ITA 70;2;ita V;;L:\AudioToscana\ita V\Pino Daniele - Napule è.wav;;;1
10644;2297;CLS;;Pensiero;0;POOH;B;;;;;;;O;I;;03:30;00:17;SM;1;;177;167;79;2015;ITA 70;2;ita V;;L:\AudioToscana\ita V\Pooh - Pensiero.wav;;;1
10648;1058;CLS;;Notte A Sorpresa;0;POOH;N;;;;;;;O;I;;02:54;00:13;SF;2;;156;82;46;1978;ITA 70;2;ita V;;L:\AudioToscana\ita V\Pooh - Notte A Sorpresa - Pooh.wav;;;1
10685;5348;CLS;;Sogni Di Latta;1;RENATO ZERO;B;;;;;;;O;I;;04:15;00:15;MM;2;;154;146;78;1978;ITA 70;2;ita V;;L:\AudioToscana\ita V\Renato Zero - Sogni Di Latta.wav;;;1
10689;1091;CLS;;Il Cielo;0;RENATO ZERO;B;;;;;;;O;I;;03:34;00:13;SS;1;;188;188;85;1988;ITA 70;2;ita V;;L:\AudioToscana\ita V\Renato Zero - Il Cielo.wav;;;1
10699;6128;CLS;;Spalle Al Muro;0;RENATO ZERO;B;;;;;;;O;I;;04:38;00:27;SS;1;;203;68;52;1991;ITA 90;4;ita V;;L:\AudioToscana\ita V\Renato Zero - Spalle al muro.wav;;;1
10700;1100;CLS;;Motel ( Grand Hotel );0;RENATO ZERO;B;;;;;;;O;I;;03:58;00:34;SS;1;;117;59;49;1976;ITA 70;2;ita V;;L:\AudioToscana\ita V\Renato Zero - Motel ( Grand Hotel ).wav;;;1
10708;661;CLS;;Bella Senz'anima;1;RICCARDO COCCIANTE;B;L;;;;;;O;I;;03:53;00:34;SM;1;;179;175;74;1974;ITA 70;2;ita V;;L:\AudioToscana\ita V\Riccardo Cocciante - Bella senz'anima.wav;;;1
10718;677;CLS;;Un Nuovo Amico;0;RICCARDO COCCIANTE;N;;;;;;;O;I;;03:24;00:12;SS;1;;155;53;48;1982;ITA 80;3;ita V;;L:\AudioToscana\ita V\Riccardo Cocciante - Un nuovo amico.wav;;;1
10725;5521;CLS;;A Mano A Mano;1;"RINO GAETANO; RICCARDO COCCIANTE";B;;;;;;;O;I;;03:19;00:22;MM;2;;192;184;53;1981;ITA 80;3;ita V;;L:\AudioToscana\ita V\Rino Gaetano - A Mano a Mano (Q Concert).wav;;;1
10741;5716;CLS;;Una Città Per Cantare;0;"RON - LUCIO DALLA - FRANCESCO DE GREGORI; RON; LUCIO DALLA; FRANCESCO DE GREGORI";N;;;;;;;O;I;;03:51;00:26;SM;1;;79;16;151;1980;ITA 80;3;ita V;;L:\AudioToscana\ita V\Ron - Una città per cantare.wav;;;1
10767;6107;CLS;;Bella Più Che Mai;0;STADIO;N;;;;;;;O;I;;03:43;00:14;SM;1;;156;89;54;1993;ITA 80;3;ita V;;L:\AudioToscana\ita V\Stadio - Bella Più Che Mai.wav;;;1
10781;1154;CLS;;Vorrei;0;STADIO;B;;;;;;;O;I;;04:25;00:10;SM;1;;142;69;77;1984;ITA 80;3;ita V;;L:\AudioToscana\ita V\Stadio - Vorrei.wav;;;1
10787;1143;CLS;;C'è;1;STADIO;B;;;;;;;O;I;;04:15;00:15;SM;1;;181;84;59;1984;ITA 80;3;ita V;;L:\AudioToscana\ita V\Stadio - C'e'.wav;;;1
10822;1166;CLS;;Qualcosa Qualcuno;0;UMBERTO TOZZI;N;;;;;;;O;I;;04:06;00:20;SM;2;;170;70;63;1979;ITA 80;3;ita V;;L:\AudioToscana\ita V\Umberto Tozzi - Qualcosa Qualcuno - Umberto Tozzi.wav;;;1
10825;2128;CLS;;Donna Amante Mia;0;UMBERTO TOZZI;N;;;;;;;O;I;;04:15;00:08;SS;1;;145;57;46;2012;ITA 70;2;ita V;;L:\AudioToscana\ita V\Umberto Tozzi - Donna amante mia.wav;;;1
10835;1201;CLS;;Toffee;0;VASCO ROSSI;B;;;;;;;O;I;;04:15;00:34;SF;1;;115;61;64;1985;ITA 80;3;ita V;;L:\AudioToscana\ita V\Vasco Rossi - Toffee.wav;;;1
10838;1204;CLS;;Va Bene, Va Bene Cosi;0;VASCO ROSSI;N;;;;;;;O;I;;03:32;00:25;SF;1;;68;51;67;1990;ITA 80;3;ita V;;L:\AudioToscana\ita V\Vasco Rossi - Va Bene, Va Bena Cosi.wav;;;1
10841;1182;CLS;;Dormi, Dormi;0;VASCO ROSSI;B;;;;;;;O;I;;03:29;00:27;SS;1;;118;72;56;1985;ITA 80;3;ita V;;L:\AudioToscana\ita V\Vasco Rossi - Dormi, Dormi.wav;;;1
10843;2246;CLS;;Giocala;0;VASCO ROSSI;N;;;;;;;O;I;;04:09;00:29;MF;2;;33;15;31;1983;ITA 80;3;ita V;;L:\AudioToscana\ita V\Vasco Rossi - Giocala.wav;;;1
10847;5748;CLS;;Canzone;0;VASCO ROSSI;B;;;;;;;O;I;;04:06;00:13;SS;1;;81;53;58;1982;ITA 80;3;ita V;;L:\AudioToscana\ita V\Vasco Rossi - Canzone.wav;;;1
10858;1175;CLS;;Brava;0;VASCO ROSSI;N;;;;;;;O;I;;03:40;00:17;MF;2;;129;69;48;1981;ITA 80;3;ita V;;L:\AudioToscana\ita V\Vasco Rossi - Brava.wav;;;1
10860;4731;CLS;;Un Corpo E Un'anima;0;WESS E DORI GHEZZI;N;;;;;;;O;I;;03:34;00:14;SS;2;;170;99;52;1975;ITA 70;2;ita V;;L:\AudioToscana\ita V\Wess & Dori Ghezzi - Un Corpo E Un'anima.wav;;;1
10883;1216;CLS;;Come Il Sole All'improvviso;0;ZUCCHERO;N;;;;;;;O;I;;03:50;00:01;SS;2;;165;72;62;1986;ITA 80;3;ita V;;L:\AudioToscana\ita V\Zucchero - Come Il Sole All'Improvviso.wav;;;1
10928;4146;CLS;;Rain And Tears;0;APHRODITE'S CHILD;B;2;;;;;;NO;S;;03:02;00:27;SS;1;;242;223;64;1968;STRA 60;1;stra V;;L:\AudioToscana\stra V\Aphrodite's Child - Rain And Tears.wav;;;1
10946;1074;CLS;;Too Much Heaven;1;BEE GEES;B;1;;;;;;NO;S;;04:29;00:18;SS;2;;251;244;81;1978;STRA 70;2;stra V;;L:\AudioToscana\stra V\Bee Gees - Too Much Heaven.wav;;;1
11075;1516;CLS;;The Captain Of Her Heart;0;DOUBLE;B;2;;;;;;NO;S;;04:17;00:21;MM;2;;252;88;54;1985;STRA 80;3;stra V;;L:\AudioToscana\stra V\Double - The Captain Of Her Heart.wav;;;1
11090;2633;CLS;;Blue Eyes;0;ELTON JOHN;N;2;;;;;;NO;S;;03:16;00:01;SS;1;;151;41;38;1982;STRA 80;3;stra V;;L:\AudioToscana\stra V\Elton John - Blue Eyes - Elton John.wav;;;1
11367;1738;CLS;;Paradise;0;PHOEBE CATES;B;1;;;;;;NO;S;;03:44;00:04;SS;2;;178;49;32;1982;STRA 80;3;stra V;;L:\AudioToscana\stra V\Phoebe Cates - Paradise.wav;;;1
11411;5943;CLS;;Killing Me Softly (with This Song);0;ROBERTA FLACK;B;;;;;;;O;S;;04:14;00:01;SS;1;;143;135;68;1973;STRA 70;2;stra V;;L:\AudioToscana\stra V\Roberta Flack - Killing Me Softly With His Song.wav;;Killing Me Softly;1
11416;3278;CLS;;Tonight's The Night;0;ROD STEWART;;3;;;;;;O;S;;03:13;00:18;;;;70;42;36;1976;STRA 70;;stra V;;L:\AudioToscana\stra V\Rod Stewart - Tonight's The Night.wav;;;1
11440;3311;CLS;;Europa;0;SANTANA;;;;;;;;O;S;;04:06;00:01;;;;74;34;36;1976;STRA 70;;stra V;;L:\AudioToscana\stra V\Santana - Europa(Earth's Cry Heaven's Smile).wav;;;1
11485;3529;CLS;;My Cherie Amour;0;STEVIE WONDER;B;2;;;;;;NO;S;;02:42;00:10;MR;2;;221;198;66;1967;STRA 70;2;stra V;;L:\AudioToscana\stra V\Stevie Wonder - My Cherie Amour.wav;;;1
11492;5334;CLS;;You Make Me Feel Brand New;0;STYLISTICS;B;;;;;;;O;S;;05:10;00:38;SM;1;;152;86;52;1973;STRA 70;2;stra V;;L:\AudioToscana\stra V\The Stylistics - You Make Me Feel Brand New.wav;;;1
11509;5132;CLS;;Limelight;0;THE ALAN PARSONS PROJECT;B;;;;;;;O;S;;04:33;00:00;SS;2;;142;121;62;1984;STRA 80;3;stra V;;L:\AudioToscana\stra V\Alan Parson Project - Limelight.wav;;;1
11515;2558;CLS;;The Long And Winding Road;1;"THE BEATLES; JOHN LENNON; PAUL MCCARTNEY; GEORGE HARRISON; RINGO STARR";B;3;;;;;;NO;S;;03:34;00:00;SS;1;;123;119;73;1970;STRA 70;2;stra V;;L:\AudioToscana\stra V\The Beatles - The Long And Winding Road.wav;;;1
11516;2544;CLS;;Girl;0;"THE BEATLES; JOHN LENNON; PAUL MCCARTNEY; GEORGE HARRISON; RINGO STARR";B;;;;;;;NO;S;;02:23;00:00;SM;1;;103;99;66;1966;STRA 60;1;stra V;;L:\AudioToscana\stra V\The Beatles - Girl - The Beatles.wav;;;1
11544;6014;CLS;;Smoke Gets In Your Eyes;1;THE PLATTERS;B;;;;;;;O;S;;02:34;00:09;SS;1;;187;154;63;1958;STRA 60;1;stra V;;L:\AudioToscana\stra V\The Platters - Smoke Gets In Your Eyes.wav;;;1
11545;4932;CLS;;Only You;0;THE PLATTERS;B;;;;;;;O;S;;02:34;00:05;SS;2;;155;135;67;1955;STRA 60;1;stra V;;L:\AudioToscana\stra V\The Platters - Only You (And You Alone).wav;;;1
11591;4703;CLS;;I Have Nothing;0;WHITNEY HOUSTON;B;;;;;;;O;S;;04:40;00:21;SS;1;;215;53;58;1992;STRA 90;3;stra V;;L:\AudioToscana\stra V\Whitney Houston - I Have Nothing.wav;;;1
12675;452;CLS;;Acqua Azzurra, Acqua Chiara;0;LUCIO BATTISTI;B;;;;;;;;I;;03:25;00:26;MF;2;;128;127;74;1969;ITA 60;1;ita V;;L:\AudioToscana\ita V\Lucio Battisti - Acqua azzurra, acqua chiara.wav;;;1
12676;480;CLS;;Mi Ritorni In Mente;1;LUCIO BATTISTI;B;;;;;;;O;I;;03:32;00:15;SS;2;;181;180;68;1969;ITA 60;1;ita V;;L:\AudioToscana\ita V\Lucio Battisti - Mi ritorni in mente - Lucio Battisti.wav;;;1
12677;492;CLS;;Un'avventura;0;LUCIO BATTISTI;B;;;;;;;O;I;;03:00;00:18;SF;2;;164;161;58;1969;ITA 60;1;ita V;;L:\AudioToscana\ita V\Lucio Battisti - Un'avventura.wav;;;1
12678;467;CLS;;Fiori Rosa, Fiori Di Pesco;0;LUCIO BATTISTI;B;;;;;;;O;I;;02:52;00:09;SF;1;;156;153;66;1970;ITA 60;1;ita V;;L:\AudioToscana\ita V\Lucio Battisti - Fiori rosa, fiori di pesco.wav;;;1
12679;1798;CLS;;Tu Sei L'unica Donna Per Me;1;ALAN SORRENTI;B;;;;;;;;I;;03:20;00:25;FF;2;;170;62;72;1979;ITA 70;2;ita V;;L:\AudioToscana\ita V\Alan Sorrenti - Tu sei l'unica donna per me.wav;;;1
12680;913;CLS;;Figli Delle Stelle;0;ALAN SORRENTI;N;;;;;;;;I;;03:12;00:59;FF;3;;161;64;51;1977;ITA 70;2;ita V;;L:\AudioToscana\ita V\Alan Sorrenti - Figli delle stelle.wav;;;1
12681;82;CLS;;Un'emozione Da Poco;0;ANNA OXA;B;;;;;;;;I;;03:59;00:17;FF;2;;183;183;79;1978;ITA 70;2;ita V;;L:\AudioToscana\ita V\Anna Oxa - Un'emozione da poco.wav;;;1
12682;930;CLS;;Sara;0;ANTONELLO VENDITTI;B;;;;;;;;I;;03:15;00:26;MF;2;;110;110;101;1978;ITA 70;2;ita V;;L:\AudioToscana\ita V\Antonello Venditti - Sara.wav;;;1
12683;917;CLS;;Bomba O Non Bomba;0;ANTONELLO VENDITTI;N;;;;;;;;I;;04:47;00:16;MM;2;;98;41;48;1978;ITA 70;2;ita V;;L:\AudioToscana\ita V\Antonello Venditti - Bomba o non bomba.wav;;;1
12684;932;CLS;;Sotto Il Segno Dei Pesci;1;ANTONELLO VENDITTI;B;;;;;;;O;I;;05:08;00:30;SF;2;;190;190;82;1978;ITA 70;2;ita V;;L:\AudioToscana\ita V\Antonello Venditti - Sotto Il Segno Dei Pesci.wav;;;1
12685;5435;CLS;;Buona Domenica;0;ANTONELLO VENDITTI;B;;;;;;;;I;;03:49;00:38;SF;2;;152;152;80;1979;ITA 70;2;ita V;;L:\AudioToscana\ita V\Antonello Venditti - Buona domenica.wav;;;1
12686;136;CLS;;E Tu...;1;CLAUDIO BAGLIONI;B;;;;;;;O;I;;04:25;00:16;MF;1;;203;203;84;1971;ITA 70;2;ita V;;L:\AudioToscana\ita V\Claudio Baglioni - E tu....wav;;;1
12688;182;CLS;;Il Gatto E La Volpe;0;EDOARDO BENNATO;B;;;;;;;;I;;02:55;00:00;FF;3;;83;25;48;1977;ITA 70;2;ita V;;L:\AudioToscana\ita V\Edoardo Bennato - Il gatto e la volpe.wav;;;1
12689;264;CLS;;Rimmel;1;FRANCESCO DE GREGORI;B;;;;;;;O;I;;03:22;00:12;SS;1;;213;213;81;2017;ITA 70;2;ita V;;L:\AudioToscana\ita V\Francesco De Gregori - Rimmel.wav;;;1
12690;255;CLS;;Generale;1;FRANCESCO DE GREGORI;B;;;;;;;;I;;03:55;00:17;SM;1;;158;158;87;2014;ITA 70;2;ita V;;L:\AudioToscana\ita V\Francesco De Gregori - Generale.wav;;;1
12691;2241;CLS;;La Mia Banda Suona Il Rock;0;IVANO FOSSATI;N;;;;;;;;I;;03:40;00:17;FF;3;;104;24;50;1979;ITA 70;2;ita V;;L:\AudioToscana\ita V\Ivano Fossati - La mia banda suona il rock.wav;;;1
12692;426;CLS;;E La Luna Bussò;0;LOREDANA BERTE';B;;;;;;;;I;;04:30;00:16;SM;2;;184;184;80;1979;ITA 70;2;ita V;;L:\AudioToscana\ita V\Loredana Bertè - ...E La Luna Busso`.wav;;;1
12693;470;CLS;;Il Mio Canto Libero;1;LUCIO BATTISTI;B;;;;;;;O;I;;05:00;00:16;SS;1;;167;164;85;1972;ITA 70;2;ita V;;L:\AudioToscana\ita V\Lucio Battisti - Il mio canto libero.wav;;;1
12694;493;CLS;;Una Donna Per Amico;0;LUCIO BATTISTI;B;;;;;;;;I;;03:54;00:20;FF;3;;88;16;40;1985;ITA 70;2;ita V;;L:\AudioToscana\ita V\Lucio Battisti - Una donna per amico.wav;;;1
12695;483;CLS;;Nessun Dolore;0;LUCIO BATTISTI;B;;;;;;;;I;;04:14;00:23;MF;2;;115;45;50;1978;ITA 70;2;ita V;;L:\AudioToscana\ita V\Lucio Battisti - Nessun dolore.wav;;;1
12696;488;CLS;;Prendila Così;0;LUCIO BATTISTI;B;;;;;;;O;I;;05:09;00:47;MM;1;;163;162;73;1978;ITA 70;2;ita V;;L:\AudioToscana\ita V\Lucio Battisti - Prendila CosI.wav;;;1
12697;490;CLS;;Si Viaggiare;0;LUCIO BATTISTI;B;;;;;;;;I;;04:24;00:34;FF;2;;137;137;74;1977;ITA 70;2;ita V;;L:\AudioToscana\ita V\Lucio Battisti - Si Viaggiare.wav;;;1
12698;455;CLS;;Ancora Tu;0;LUCIO BATTISTI;N;;;;;;;;I;;04:16;00:17;FF;2;;118;39;59;1976;ITA 70;2;ita V;;L:\AudioToscana\ita V\Lucio Battisti - Ancora tu.wav;;;1
12699;497;CLS;;Anna E Marco;1;LUCIO DALLA;B;;;;;;;O;I;;03:33;00:08;SS;1;;208;208;71;1979;ITA 70;2;ita V;;L:\AudioToscana\ita V\Lucio Dalla - Anna e Marco.wav;;;1
12700;510;CLS;;L'anno Che Verrà;1;LUCIO DALLA;B;;;;;;;;I;;03:49;00:16;SF;2;;148;148;76;1979;ITA 70;2;ita V;;L:\AudioToscana\ita V\Lucio Dalla - L'anno che verrà.wav;;;1
12701;559;CLS;;Solo Tu;1;MATIA BAZAR;B;;;;;;;;I;;03:25;00:13;MF;2;;145;140;67;1996;ITA 70;2;ita V;;L:\AudioToscana\ita V\Matia Bazar - Solo Tu.wav;;;1
12702;558;CLS;;Per Un'ora D'amore;1;MATIA BAZAR;B;;;;;;;O;I;;03:43;00:16;MF;2;;175;164;78;1976;ITA 70;2;ita V;;L:\AudioToscana\ita V\Matia Bazar - Per Un'ora D'amore.wav;;;1
12703;573;CLS;;Piccolo Uomo;0;MIA MARTINI;B;;;;;;;O;I;;04:01;00:21;SF;1;;196;196;72;1972;ITA 70;2;ita V;;L:\AudioToscana\ita V\Mia Martini - Piccolo uomo.wav;;;1
12704;593;CLS;;Grande, Grande, Grande;1;MINA;B;;;;;;;O;I;;03:39;00:15;MF;1;;192;189;87;1963;ITA 70;2;ita V;;L:\AudioToscana\ita V\Mina - Grande, Grande, Grande.wav;;;1
12705;4299;CLS;;Io Vagabondo;1;NOMADI;B;;;;;;;;I;;03:25;00:15;SS;2;;212;212;87;1972;ITA 70;2;ita V;;L:\AudioToscana\ita V\Nomadi - Io vagabondo.wav;;;1
12706;1040;CLS;;Pensiero Stupendo;0;PATTY PRAVO;B;;;;;;;O;I;;04:04;00:11;SM;1;;210;210;86;1978;ITA 70;2;ita V;;L:\AudioToscana\ita V\Patty Pravo - Pensiero stupendo.wav;;;1
12708;1050;CLS;;Dammi Solo Un Minuto;1;POOH;B;;;;;;;O;I;;03:54;00:27;SM;1;;216;216;78;1977;ITA 70;2;ita V;;L:\AudioToscana\ita V\Pooh - Dammi Solo Un Minuto.wav;;;1
12709;1049;CLS;;Ci Penserò Domani;1;POOH;B;;;;;;;O;I;;04:02;00:18;SS;1;;181;173;69;1978;ITA 70;2;ita V;;L:\AudioToscana\ita V\Pooh - Ci Penserò Domani.wav;;;1
12710;1092;CLS;;La Favola Mia;1;RENATO ZERO;B;;;;;;;O;I;;04:08;00:21;SM;2;;182;177;84;1978;ITA 70;2;ita V;;L:\AudioToscana\ita V\Renato Zero - La Favola Mia.wav;;;1
12711;1096;CLS;;Madame;0;RENATO ZERO;N;;;;;;;;I;;02:38;00:26;FF;3;;102;56;57;1988;ITA 70;2;ita V;;L:\AudioToscana\ita V\Renato Zero - Madame.wav;;;1
12714;666;CLS;;Io Canto;0;RICCARDO COCCIANTE;N;;;;;;;;I;;03:52;00:33;FF;2;;116;29;37;1979;ITA 70;2;ita V;;L:\AudioToscana\ita V\Riccardo Cocciante - Io canto.wav;;;1
12715;667;CLS;;Margherita;0;RICCARDO COCCIANTE;B;L;;;;;;O;I;;04:25;00:19;SS;1;;168;160;76;1976;ITA 70;2;ita V;;L:\AudioToscana\ita V\Riccardo Cocciante - Margherita.wav;;;1
12716;685;CLS;;Ma Il Cielo È Sempre Più Blu;0;RINO GAETANO;B;;;;;;;;I;;04:00;00:14;FF;2;;193;193;77;1975;ITA 70;2;ita V;;L:\AudioToscana\ita V\Rino Gaetano - Ma il cielo è sempre più blu.wav;;;1
12719;1160;CLS;;Gloria;0;UMBERTO TOZZI;N;;;;;;;;I;;04:08;00:22;FF;3;;135;75;63;1979;ITA 70;2;ita V;;L:\AudioToscana\ita V\Umberto Tozzi - Gloria - Umberto Tozzi.wav;;;1
12720;1169;CLS;;Tu;0;UMBERTO TOZZI;N;;;;;;;;I;;03:46;00:21;FF;3;;150;65;62;1978;ITA 70;2;ita V;;L:\AudioToscana\ita V\Umberto Tozzi - Tu - Umberto Tozzi.wav;;;1
12721;4918;CLS;;Ti Amo;1;UMBERTO TOZZI;B;;;;;;;O;I;;03:43;00:21;SF;1;;239;238;70;1977;ITA 70;2;ita V;;L:\AudioToscana\ita V\Umberto Tozzi - Ti amo.wav;;;1
12722;1171;CLS;;Albachiara;1;VASCO ROSSI;B;;;;;;;O;I;;04:01;00:18;SF;1;;178;178;90;1979;ITA 70;2;ita V;;L:\AudioToscana\ita V\Vasco Rossi - Albachiara.wav;;;1
12723;1191;CLS;;Non L'hai Mica Capito;0;VASCO ROSSI;N;;;;;;;;I;;03:24;00:14;MM;2;;91;32;78;1980;ITA 70;2;ita V;;L:\AudioToscana\ita V\Vasco Rossi - Non L'Hai Mica Capito.wav;;;1
12724;1187;CLS;;La Nostra Relazione;0;VASCO ROSSI;N;;;;;;;O;I;;02:55;00:30;SM;1;;111;72;50;1985;ITA 70;2;ita V;;L:\AudioToscana\ita V\Vasco Rossi - La Nostra Relazione.wav;;;1
12727;76;CLS;;Quando Nasce Un Amore;1;ANNA OXA;B;;;;;;;O;I;;03:53;00:19;SS;1;;225;75;63;1988;ITA 80;3;ita V;;L:\AudioToscana\ita V\Anna Oxa - Quando Nasce Un Amore.wav;;;1
12728;925;CLS;;Notte Prima Degli Esami;1;ANTONELLO VENDITTI;B;;;;;;;O;I;;04:38;00:28;SS;1;;225;225;65;1984;ITA 80;3;ita V;;L:\AudioToscana\ita V\Antonello Venditti - Notte prima degli esami.wav;;;1
12729;920;CLS;;Ci Vorrebbe Un Amico;1;ANTONELLO VENDITTI;B;;;;;;;;I;;03:37;00:23;SF;1;;198;198;76;1984;ITA 80;3;ita V;;L:\AudioToscana\ita V\Antonello Venditti - Ci vorrebbe un amico.wav;;;1
12730;8261;CLS;;Segreti;0;ANTONELLO VENDITTI;N;;;;;;;;I;;04:04;00:24;MM;2;;57;17;43;1986;ITA 80;3;ita V;;L:\AudioToscana\ita V\ANTONELLO VENDITTI - SEGRETI.wav;;;1
12732;924;CLS;;In Questo Mondo Di Ladri;0;ANTONELLO VENDITTI;N;;;;;;;;I;;04:49;00:27;FF;3;;114;19;32;1988;ITA 80;3;ita V;;L:\AudioToscana\ita V\Antonello Venditti - In Questo Mondo Di Ladri.wav;;;1
12734;162;CLS;;Strada Facendo;0;CLAUDIO BAGLIONI;B;;;;;;;;I;;05:14;00:18;SF;2;;196;196;66;1981;ITA 80;3;ita V;;L:\AudioToscana\ita V\Claudio Baglioni - Strada Facendo.wav;;;1
12735;168;CLS;;Via;0;CLAUDIO BAGLIONI;N;;;;;;;;I;;05:10;00:21;FF;2;;106;15;44;1981;ITA 80;3;ita V;;L:\AudioToscana\ita V\Claudio Baglioni - Via.wav;;;1
12736;144;CLS;;La Vita È Adesso;0;CLAUDIO BAGLIONI;B;;;;;;;O;I;;04:46;00:32;SF;2;;146;51;52;2016;ITA 80;3;ita V;;L:\AudioToscana\ita V\Claudio Baglioni - La vita è adesso.wav;;LA VITA E' ADESSO.wav;1
12737;2184;CLS;;Avrai;0;CLAUDIO BAGLIONI;B;;;;;;;O;I;;04:31;00:00;SM;1;;200;200;65;1982;ITA 80;3;ita V;;L:\AudioToscana\ita V\Claudio Baglioni - Avrai.wav;;;1
12738;166;CLS;;Un Nuovo Giorno O Un Giorno Nuovo;0;CLAUDIO BAGLIONI;N;;;;;;;;I;;03:35;00:12;SF;2;;92;28;33;1985;ITA 80;3;ita V;;L:\AudioToscana\ita V\Claudio Baglioni - Un nuovo giorno o un giorno nuovo.wav;;;1
12741;185;CLS;;L'isola Che Non C'è;1;EDOARDO BENNATO;B;;;;;;;O;I;;03:55;00:14;SS;1;;246;246;68;1980;ITA 80;3;ita V;;L:\AudioToscana\ita V\Edoardo Bennato - L'isola che non c'è.wav;;;1
12742;5620;CLS;;Viva La Mamma;0;EDOARDO BENNATO;B;;;;;;;;I;;03:24;00:00;SF;3;;141;31;86;1989;ITA 80;3;ita V;;L:\AudioToscana\ita V\Edoardo Bennato - Viva La Mamma.wav;;;1
12744;976;CLS;;Un Cuore Con Le Ali;0;EROS RAMAZZOTTI;N;;;;;;;O;I;;03:46;00:12;MM;2;;116;43;36;1986;ITA 80;3;ita V;;L:\AudioToscana\ita V\Eros Ramazzotti - Un Cuore Con Le Ali.wav;;;1
12747;957;CLS;;Adesso Tu;1;EROS RAMAZZOTTI;B;;;;;;;O;I;;04:12;00:53;SS;1;;225;224;68;1984;ITA 80;3;ita V;;L:\AudioToscana\ita V\Eros Ramazzotti - Adesso Tu.wav;;;1
12748;220;CLS;;Fiore Di Maggio;1;FABIO CONCATO;B;;;;;;;O;I;;03:47;00:15;MS;1;;237;237;56;1984;ITA 80;3;ita V;;L:\AudioToscana\ita V\Fabio Concato - Fiore di maggio.wav;;;1
12749;5595;CLS;;Io Amo;0;FAUSTO LEALI;N;L;;;;;;O;I;;03:47;00:14;SS;1;;175;35;38;1987;ITA 80;3;ita V;;L:\AudioToscana\ita V\FAUSTO LEALI - Io Amo.wav;;;1
12751;247;CLS;;Quello Che Le Donne Non Dicono;1;FIORELLA MANNOIA;B;;;;;;;O;I;;03:53;00:26;SS;1;;252;252;66;1988;ITA 80;3;ita V;;L:\AudioToscana\ita V\Fiorella Mannoia - Quello che le donne non dicono.wav;;;1
12752;242;CLS;;Le Notti Di Maggio;1;FIORELLA MANNOIA;B;;;;;;;O;I;;03:31;00:18;SS;1;;185;77;50;1988;ITA 80;3;ita V;;L:\AudioToscana\ita V\Fiorella Mannoia - Le notti di maggio.wav;;;1
12754;239;CLS;;Il Tempo Non Torna Più;0;FIORELLA MANNOIA;B;;;;;;;;I;;04:21;00:19;MF;2;;145;45;56;1988;ITA 80;3;ita V;;L:\AudioToscana\ita V\Fiorella Mannoia - Il tempo non torna più.wav;;;2
12756;265;CLS;;Titanic;0;FRANCESCO DE GREGORI;B;;;;;;;;I;;04:15;00:24;FF;2;;186;63;66;1982;ITA 80;3;ita V;;L:\AudioToscana\ita V\Francesco De Gregori - Titanic.wav;;;1
12757;258;CLS;;La Donna Cannone;1;FRANCESCO DE GREGORI;B;;;;;;;O;I;;04:32;00:30;SS;1;;227;227;65;2014;ITA 80;3;ita V;;L:\AudioToscana\ita V\Francesco De Gregori - La Donna Cannone.wav;;;1
12759;269;CLS;;Centro Di Gravità Permanente;0;FRANCO BATTIATO;B;;;;;;;;I;;03:07;00:16;MF;2;;197;197;66;1981;ITA 80;3;ita V;;L:\AudioToscana\ita V\Franco Battiato - Centro Di Gravità Permanente.wav;;;1
12760;283;CLS;;Voglio Vederti Danzare;0;FRANCO BATTIATO;B;;;;;;;;I;;03:21;00:12;FM;2;;211;211;69;1982;ITA 80;3;ita V;;L:\AudioToscana\ita V\Franco Battiato - Voglio Vederti Danzare.wav;;;1
12761;300;CLS;;Fotoromanza;1;GIANNA NANNINI;B;;;;;;;;I;;04:12;00:12;FF;2;;200;70;39;1984;ITA 80;3;ita V;;L:\AudioToscana\ita V\Gianna Nannini - Fotoromanza - Gianna Nannini.wav;;;1
12762;5173;CLS;;Bello E Impossibile;0;GIANNA NANNINI;N;;;;;;;;I;;04:22;00:00;MM;2;;183;65;79;1986;ITA 80;3;ita V;;L:\AudioToscana\ita V\Gianna Nannini - Bello E Impossibile - Gianna Nannini.wav;;;1
12764;5205;CLS;;I Maschi;0;GIANNA NANNINI;B;;;;;;;O;I;;04:02;00:14;SM;2;;201;84;61;1987;ITA 80;3;ita V;;L:\AudioToscana\ita V\Gianna Nannini - I maschi.wav;;;1
12765;331;CLS;;Uno Su Mille;1;GIANNI MORANDI;B;;;;;;;O;I;;03:59;00:25;SS;1;;234;228;61;1985;ITA 80;3;ita V;;L:\AudioToscana\ita V\Gianni Morandi - Uno su mille.wav;;;1
12766;994;CLS;;Luna;0;GIANNI TOGNI;B;;;;;;;O;I;;03:35;00:20;MF;3;;223;79;53;1996;ITA 80;3;ita V;;L:\AudioToscana\ita V\Gianni Togni - Luna.wav;;;1
12767;993;CLS;;Giulia;0;GIANNI TOGNI;N;;;;;;;O;I;;04:24;00:14;MF;2;;202;68;58;1984;ITA 80;3;ita V;;L:\AudioToscana\ita V\Gianni Togni - Giulia.wav;;;1
12770;383;CLS;;La Musica Che Gira Intorno;0;IVANO FOSSATI;N;;;;;;;;I;;03:48;00:26;FS;1;;166;51;57;1983;ITA 80;3;ita V;;L:\AudioToscana\ita V\Ivano Fossati - La Musica Che Gira Intorno.wav;;;1
12771;432;CLS;;Non Sono Una Signora;0;LOREDANA BERTE';B;;;;;;;;I;;03:13;00:15;MF;2;;192;192;70;1982;ITA 80;3;ita V;;L:\AudioToscana\ita V\Loredana Bertè - Non sono una signora.wav;;;1
12772;2247;CLS;;Il Mare D'inverno;0;LOREDANA BERTE';B;;;;;;;O;I;;03:57;00:18;SF;2;;237;237;62;1983;ITA 80;3;ita V;;L:\AudioToscana\ita V\Loredana Bertè - Il mare d'inverno.wav;;;1
12775;494;CLS;;Una Giornata Uggiosa;0;LUCIO BATTISTI;B;;;;;;;;I;;04:04;00:41;FF;2;;151;151;74;1980;ITA 80;3;ita V;;L:\AudioToscana\ita V\Lucio Battisti - Una giornata uggiosa.wav;;;1
12776;461;CLS;;Con Il Nastro Rosa;1;LUCIO BATTISTI;B;;;;;;;O;I;;03:41;00:31;MF;2;;201;201;65;1980;ITA 80;3;ita V;;L:\AudioToscana\ita V\Lucio Battisti - Con il nastro rosa.wav;;;1
12777;502;CLS;;Cara;1;LUCIO DALLA;B;;;;;;;O;I;;05:00;00:23;SF;1;;229;220;49;1980;ITA 80;3;ita V;;L:\AudioToscana\ita V\Lucio Dalla - Cara.wav;;;1
12778;2255;CLS;;Se Io Fossi Un'angelo;0;LUCIO DALLA;B;;;;;;;;I;;04:32;00:17;SF;2;;152;44;69;1985;ITA 80;3;ita V;;L:\AudioToscana\ita V\Lucio Dalla - Se io fossi un'angelo.wav;;;1
12779;508;CLS;;Futura;1;LUCIO DALLA;B;;;;;;;O;I;;04:37;00:17;SS;2;;233;233;75;1980;ITA 80;3;ita V;;L:\AudioToscana\ita V\Lucio Dalla - Futura.wav;;;1
12780;500;CLS;;Balla Balla Ballerino;0;LUCIO DALLA;B;;;;;;;;I;;05:13;00:52;MF;2;;146;44;43;1980;ITA 80;3;ita V;;L:\AudioToscana\ita V\Lucio Dalla - Balla balla ballerino.wav;;;1
12781;2261;CLS;;Oro;1;MANGO;B;;;;;;;O;I;;04:01;00:00;SM;1;;235;235;61;1984;ITA 80;3;ita V;;L:\AudioToscana\ita V\Mango - Oro.wav;;;1
12783;2262;CLS;;Nell'aria;0;MARCELLA BELLA;N;;;;;;;O;I;;03:43;00:19;FF;2;;207;78;56;1983;ITA 80;3;ita V;;L:\AudioToscana\ita V\Marcella - Nell'Aria.wav;;;1
12784;563;CLS;;Ti Sento;1;MATIA BAZAR;B;;;;;;;;I;;03:41;00:15;FF;2;;187;114;54;1985;ITA 80;3;ita V;;L:\AudioToscana\ita V\Matia Bazar - Ti Sento.wav;;;1
12786;564;CLS;;Vacanze Romane;0;MATIA BAZAR;B;;;;;;;O;I;;03:58;00:09;MM;2;;184;176;72;1983;ITA 80;3;ita V;;L:\AudioToscana\ita V\Matia Bazar - Vacanze Romane.wav;;;1
12788;1025;CLS;;La Notte Dei Pensieri;1;MICHELE ZARRILLO;B;;;;;;;O;I;;04:08;00:49;MS;2;;219;71;56;1997;ITA 80;3;ita V;;L:\AudioToscana\ita V\Michele Zarrillo - La Notte Dei Pensieri - Michele Zarrillo.wav;;;1
12789;2277;CLS;;Amore Disperato;0;NADA;N;;;;;;;;I;;03:39;00:14;FF;3;;172;45;79;1983;ITA 80;3;ita V;;L:\AudioToscana\ita V\Nada - Amore disperato.wav;;;1
12790;653;CLS;;Quanno Chiove;1;PINO DANIELE;B;;;;;;;O;I;;04:07;00:16;SS;1;;245;241;65;1980;ITA 80;3;ita V;;L:\AudioToscana\ita V\Pino Daniele - Quanno chiove.wav;;;1
12792;1048;CLS;;Chi Fermerà La Musica;0;POOH;B;;;;;;;;I;;04:43;00:17;FF;2;;196;195;77;1981;ITA 80;3;ita V;;L:\AudioToscana\ita V\Pooh - Chi Fermerà La Musica - Pooh.wav;;;1
12793;2300;CLS;;Cosa Resterà Degli Anni 80;1;RAF;B;;;;;;;;I;;04:12;00:21;SF;1;;229;37;54;1989;ITA 80;3;ita V;;L:\AudioToscana\ita V\Raf - Cosa resterà degli anni 80.wav;;;1
12796;5206;CLS;;Amico;1;RENATO ZERO;B;;;;;;;O;I;;04:28;00:07;SM;1;;212;212;66;1980;ITA 80;3;ita V;;L:\AudioToscana\ita V\Renato Zero - Amico.wav;;;1
12797;4427;CLS;;Spiagge;0;RENATO ZERO;B;;;;;;;O;I;;03:52;00:18;SS;2;;222;218;71;1983;ITA 80;3;ita V;;L:\AudioToscana\ita V\renato zero - spiagge.wav;;;1
12798;5204;CLS;;Più Su;1;RENATO ZERO;B;;;;;;;O;I;;04:40;00:07;SM;2;;225;225;65;1981;ITA 80;3;ita V;;L:\AudioToscana\ita V\Renato Zero - Più' Sù.mp3;;;1
12800;662;CLS;;Celeste Nostalgia;0;RICCARDO COCCIANTE;N;;;;;;;O;I;;03:41;00:09;SF;2;;200;70;79;1982;ITA 80;3;ita V;;L:\AudioToscana\ita V\Riccardo Cocciante - Celeste nostalgia.wav;;;1
12801;665;CLS;;In Bicicletta;0;RICCARDO COCCIANTE;N;;;;;;;;I;;03:47;00:08;SF;2;;133;26;42;1982;ITA 80;3;ita V;;L:\AudioToscana\ita V\Riccardo Cocciante - In bicicletta.wav;;;1
12802;670;CLS;;Questione Di Feeling;1;"RICCARDO COCCIANTE - MINA; RICCARDO COCCIANTE; MINA";B;;;;;;;O;I;;03:48;00:07;SF;1;;119;118;66;1985;ITA 80;3;ita V;;L:\AudioToscana\ita V\Riccardo Cocciante - Questione di feeling.wav;;;1
12804;710;CLS;;Un Sabato Italiano;0;SERGIO CAPUTO;N;;;;;;;;I;;03:15;00:10;MM;2;;137;25;109;1983;ITA 80;3;ita V;;L:\AudioToscana\ita V\Sergio Caputo - Un Sabato Italiano.wav;;;1
12806;1140;CLS;;Acqua E Sapone;0;STADIO;B;;;;;;;;I;;03:29;00:35;SF;2;;205;205;62;1984;ITA 80;3;ita V;;L:\AudioToscana\ita V\Stadio - Acqua e sapone.wav;;;1
12807;1145;CLS;;Chiedi Chi Erano I Beatles;0;STADIO;N;;;;;;;;I;;04:20;00:22;SM;2;;114;16;30;1988;ITA 80;3;ita V;;L:\AudioToscana\ita V\Stadio - Chiedi chi erano i beatles.wav;;;1
12808;1144;CLS;;Chi Te L'ha Detto!;0;STADIO;B;;;;;;;;I;;04:10;00:19;SF;2;;168;164;71;1981;ITA 80;3;ita V;;L:\AudioToscana\ita V\Stadio - Chi te l'ha detto!.wav;;;1
12810;1161;CLS;;Immensamente;0;UMBERTO TOZZI;N;;;;;;;;I;;03:56;00:00;MS;2;;78;17;33;1987;ITA 80;3;ita V;;L:\AudioToscana\ita V\Umberto Tozzi - Immensamente - Umberto Tozzi.wav;;;1
12812;1168;CLS;;Stella Stai;0;UMBERTO TOZZI;N;;;;;;;;I;;03:37;00:18;FF;3;;132;34;67;1979;ITA 80;3;ita V;;L:\AudioToscana\ita V\Umberto Tozzi - Stella Stai - Umberto Tozzi.wav;;;1
12813;1167;CLS;;Si Può Dare Di Più;1;"UMBERTO TOZZI - ENRICO RUGGERI - GIANNI MORANDI; UMBERTO TOZZI; ENRICO RUGGERI; GIANNI MORANDI";B;;;;;;;;I;;04:17;00:12;SS;2;;115;115;88;1987;ITA 80;3;ita V;;L:\AudioToscana\ita V\Umberto Tozzi - Si Può Dare Di Più - Umberto Tozzi.wav;;;1
12814;1158;CLS;;Gente Di Mare;1;"UMBERTO TOZZI & RAF; UMBERTO TOZZI; RAF";B;;;;;;;;I;;03:49;00:07;SS;1;;105;105;76;1987;ITA 80;3;ita V;;L:\AudioToscana\ita V\Umberto Tozzi - Gente Di Mare - Umberto Tozzi.wav;;;1
12817;1198;CLS;;Splendida Giornata;0;VASCO ROSSI;N;;;;;;;;I;;03:50;00:16;MF;3;;78;38;39;1982;ITA 80;3;ita V;;L:\AudioToscana\ita V\Vasco Rossi - Splendida Giornata.wav;;;1
12818;1180;CLS;;Cosa Succede In Città;0;VASCO ROSSI;;;;;;;;;I;;03:41;00:18;MM;2;;76;29;29;1985;ITA 80;3;ita V;;L:\AudioToscana\ita V\Vasco Rossi - Cosa Succede In Città.wav;;;1
12819;1195;CLS;;Ridere Di Te;1;VASCO ROSSI;B;;;;;;;O;I;;05:11;00:13;SM;1;;157;72;50;1987;ITA 80;3;ita V;;L:\AudioToscana\ita V\Vasco Rossi - Ridere Di Te.wav;;;1
12820;1205;CLS;;Vita Spericolata;1;VASCO ROSSI;B;;;;;;;;I;;04:32;00:19;SF;1;;142;141;78;1983;ITA 80;3;ita V;;L:\AudioToscana\ita V\Vasco Rossi - Vita Spericolata.wav;;;1
12821;1208;CLS;;Vivere Una Favola;1;VASCO ROSSI;B;;;;;;;O;I;;04:30;00:27;SF;1;;175;175;69;1987;ITA 80;3;ita V;;L:\AudioToscana\ita V\Vasco Rossi - Vivere Una Favola.wav;;;1
12822;1202;CLS;;Una Canzone Per Te;1;VASCO ROSSI;B;;;;;;;O;I;50;03:05;00:01;SS;1;;193;193;66;1983;ITA 80;3;ita V;;L:\AudioToscana\ita V\Vasco Rossi - Una Canzone Per Te.wav;;;1
12824;1189;CLS;;Liberi Liberi;1;VASCO ROSSI;B;;;;;;;O;I;;05:13;00:29;SM;1;;172;88;52;1989;ITA 80;3;ita V;;L:\AudioToscana\ita V\Vasco Rossi - Liberi... Liberi.wav;;;1
12825;1178;CLS;;Ciao;1;VASCO ROSSI;B;;;;;;;O;I;;04:16;00:16;SM;1;;149;63;58;1985;ITA 80;3;ita V;;L:\AudioToscana\ita V\Vasco Rossi - Ciao.wav;;;1
12826;1177;CLS;;C'è Chi Dice No;0;VASCO ROSSI;B;;;;;;;;I;;04:06;00:20;MF;1;;128;128;78;1987;ITA 80;3;ita V;;L:\AudioToscana\ita V\Vasco Rossi - C'e' Chi Dice No.wav;;;1
12829;1224;CLS;;Donne;1;ZUCCHERO;B;;;;;;;O;I;;03:06;00:15;MS;2;;224;224;74;1985;ITA 80;3;ita V;;L:\AudioToscana\ita V\Zucchero - Donne - Zucchero.wav;;;1
12830;1221;CLS;;Diamante;1;ZUCCHERO;B;;;;;;;O;I;;05:21;00:53;SS;1;;206;91;69;1989;ITA 80;3;ita V;;L:\AudioToscana\ita V\Zucchero - Diamante - Zucchero.wav;;;1
12832;1218;CLS;;Con Le Mani;0;ZUCCHERO;N;;;;;;;;I;;03:27;00:36;FF;3;;155;51;49;1987;ITA 80;3;ita V;;L:\AudioToscana\ita V\Zucchero - Con Le Mani (CUT).wav;;;1
12835;1240;CLS;;Senza Una Donna;1;ZUCCHERO;B;;;;;;;O;I;;04:19;00:17;SS;1;;214;214;73;1987;ITA 80;3;ita V;;L:\AudioToscana\ita V\Zucchero - Senza Una Donna - Zucchero.wav;;;1
12851;4314;CLS;;Alta Marea;1;ANTONELLO VENDITTI;B;;;;;;;O;I;;04:33;00:51;SF;1;;255;30;45;1991;ITA 90;4;ita V;;L:\AudioToscana\ita V\Antonello Venditti - Alta Marea.wav;;;1
12852;4313;CLS;;Amici Mai;1;ANTONELLO VENDITTI;B;;;;;;;O;I;;04:42;00:28;SS;1;;263;22;31;1991;ITA 90;4;ita V;;L:\AudioToscana\ita V\Antonello Venditti - Amici Mai.wav;;;1
12864;146;CLS;;Mille Giorni Di Te E Di Me;1;CLAUDIO BAGLIONI;B;;;;;;;O;I;;04:49;00:25;MS;1;;275;30;84;1990;ITA 90;4;ita V;;L:\AudioToscana\ita V\Claudio Baglioni - Mille giorni di te e di me.wav;;;1
12869;969;CLS;;Più Bella Cosa;1;EROS RAMAZZOTTI;B;;;;;;;O;I;;04:19;00:19;MF;3;;264;;;1990;ITA 90;4;ita V;;L:\AudioToscana\ita V\Eros Ramazzotti - Più bella cosa.wav;;;1
12871;4968;CLS;;Cose Della Vita;1;EROS RAMAZZOTTI;B;;;;;;cose della vita;O;I;;04:43;00:35;MM;2;;147;;;1993;ITA 90;4;ita V;;L:\AudioToscana\ita V\Eros Ramazotti - Cose Della Vita.wav;;;1
12874;959;CLS;;Cose Della Vita;0;"EROS RAMAZZOTTI - TINA TURNER; EROS RAMAZZOTTI; TINA TURNER";B;;;;;;cose della vita;;I;;04:37;00:32;MM;2;;126;;;1997;ITA 90;4;ita V;;L:\AudioToscana\ita V\Eros Ramazzotti - Cose della vita - Can't Stop Thinking Of You (Duetto Con Tina Turner).wav;;;1
12974;1890;CLS;;I'm Not In Love;1;10CC;B;3;;;;;;N;S;;04:42;00:33;SS;1;;287;287;70;1975;STRA 70;2;stra V;;L:\AudioToscana\stra V\10cc - I` M Not In Love .wav;;;1
12976;1908;CLS;;Take On Me;0;A HA;N;1;;;;;;N;S;;03:30;00:34;FF;3;;213;64;74;1985;STRA 80;3;stra V;;L:\AudioToscana\stra V\a-Ha - Take On Me.wav;;;1
12977;1897;CLS;;Mamma Mia;0;ABBA;B;1;;;;;;N;S;;03:13;00:14;MF;3;;243;243;80;1975;STRA 70;2;stra V;;L:\AudioToscana\stra V\Abba - Mamma mia.wav;;;1
12978;1894;CLS;;Dancing Queen;1;ABBA;B;1;;;;;;N;S;;03:30;00:20;FF;3;;245;245;75;1976;STRA 70;2;stra V;;L:\AudioToscana\stra V\Abba - Dancing Queen.wav;;;1
12991;1913;CLS;;Forever Young;1;ALPHAVILLE;B;2;;;;;;N;S;;03:20;00:15;SM;1;;290;290;60;1984;STRA 80;3;stra V;;L:\AudioToscana\stra V\Alphaville - Forever young.wav;;;1
13018;5004;CLS;;Woman In Love;1;BARBRA STREISAND;B;3;;;;;;N;S;;03:26;00:23;SM;1;;306;306;53;1980;STRA 80;3;stra V;;L:\AudioToscana\stra V\Barbra Streisand - Woman In Love.wav;;;1
13019;1423;CLS;;You're The First The Last My Everything;0;BARRY WHITE;B;2;;;;;;N;S;;03:12;00:08;FF;3;;242;242;73;1974;STRA 70;2;stra V;;L:\AudioToscana\stra V\Barry White - You're the first the last my everything.wav;;;1
13020;1420;CLS;;Can't Get Enough Of Your Love Babe;0;BARRY WHITE;B;2;;;;;;N;S;;03:15;00:00;MM;2;;266;266;75;1974;STRA 70;2;stra V;;L:\AudioToscana\stra V\Barry White - Can't get enough of your love babe.wav;;;1
13023;2176;CLS;;More Than A Woman;0;BEE GEES;B;1;;;;;;N;S;;02:59;00:09;SM;2;;220;220;90;1977;STRA 70;2;stra V;;L:\AudioToscana\stra V\Bee Gees - More Than A Woman.wav;;;1
13024;2186;CLS;;How Deep Is Your Love;1;BEE GEES;B;2;;;;;;N;S;;03:36;00:18;SS;1;;249;249;79;1977;STRA 70;2;stra V;;L:\AudioToscana\stra V\Bee Gees - How Deep Is Your Love.wav;;;1
13025;1059;CLS;;Tragedy;0;BEE GEES;N;1;;;;;;N;S;;04:11;00:29;FF;2;;195;99;59;1979;STRA 70;2;stra V;;L:\AudioToscana\stra V\Bee Gees - Tragedy.wav;;;1
13026;2175;CLS;;Night Fever;0;BEE GEES;B;1;;;;;;N;S;;03:10;00:19;FF;3;;246;246;76;1977;STRA 70;2;stra V;;L:\AudioToscana\stra V\Bee Gees - Night Fever.wav;;;1
13027;1612;CLS;;Stayin' Alive;0;BEE GEES;B;1;;;;;;N;S;;03:28;00:13;FF;3;;229;229;75;1977;STRA 70;2;stra V;;L:\AudioToscana\stra V\Bee Gees - Stayin' Alive.wav;;;1
13028;1425;CLS;;Heaven Is A Place On Earth;0;BELINDA CARLISLE;N;2;;;;;;N;S;;03:49;00:00;MF;2;;220;52;32;1987;STRA 80;3;stra V;;L:\AudioToscana\stra V\Belinda Carlisle - Heaven is a place on heart.wav;;;1
13030;428;CLS;;Take My Breath Away;1;BERLIN;B;2;;;;;;N;S;;03:59;00:11;SM;1;;329;329;54;1986;STRA 80;3;stra V;;L:\AudioToscana\stra V\Berlin - Take my breath away.wav;;;1
13034;1428;CLS;;Eyes Without A Face;1;BILLY IDOL;B;3;;;;;;N;S;;04:44;00:23;SM;2;;289;289;59;1983;STRA 80;3;stra V;;L:\AudioToscana\stra V\Billy Idol - Eyes without a face.wav;;;1
13035;5461;CLS;;Uptown Girl;0;BILLY JOEL;N;2;;;;;;N;S;;02:57;00:00;FF;3;;199;54;49;1983;STRA 80;3;stra V;;L:\AudioToscana\stra V\Billy Joel - Uptown Girl.wav;;;1
13038;1429;CLS;;Wonderful Life;0;BLACK;B;2;;;;;;N;S;;04:43;00:30;SS;1;;226;56;32;1987;STRA 80;3;stra V;;L:\AudioToscana\stra V\Black - Wonderful life.wav;;;1
13041;1434;CLS;;Heart Of Glass;1;BLONDIE;B;2;;;;;;N;S;;03:48;00:08;FF;2;;268;268;74;1978;STRA 70;2;stra V;;L:\AudioToscana\stra V\Blondie - Heart of glass.wav;;;1
13042;1433;CLS;;Call Me;0;BLONDIE;B;2;;;;;;N;S;;03:17;00:15;FF;3;;249;249;61;1981;STRA 80;3;stra V;;L:\AudioToscana\stra V\Blondie - Call me.wav;;;1
13045;5371;CLS;;Could You Be Loved;0;BOB MARLEY;N;2;;;;;;N;S;;03:12;00:15;MF;3;;188;38;49;1980;STRA 80;3;stra V;;L:\AudioToscana\stra V\Bob Marley And The Wailers - Could You Be Loved.wav;;;1
13048;2989;CLS;;Don't Worry Be Happy;0;BOBBY MCFERRIN;N;1;;;;;;N;S;;03:24;00:29;MF;3;;254;110;65;1988;STRA 80;3;stra V;;L:\AudioToscana\stra V\Bobby McFerrin - Don't Worry Be Happy.wav;;;1
13053;5133;CLS;;Never Say Goodbye;0;BON JOVI;B;3;;;;;;NO;S;;04:16;00:16;SM;2;;253;98;59;1986;STRA 80;3;stra V;;L:\AudioToscana\stra V\Bon Jovi - Never Say Goodbye.wav;;;1
13055;2438;CLS;;Total Eclipse Of The Hearth;1;BONNIE TYLER;B;3;;;;;;N;S;;04:14;00:08;SS;1;;286;286;62;1981;STRA 80;3;stra V;;L:\AudioToscana\stra V\Bonnie Tyler - Total eclipse of the hearth.wav;;;1
13058;1442;CLS;;Smalltown Boy;0;"BRONSKI BEAT; Jimmy Somerville";B;2;;;;;;N;S;;04:17;00:58;SF;2;;276;276;64;1984;STRA 80;3;stra V;;L:\AudioToscana\stra V\Bronski Beat - Smalltown boy.wav;;;1
13059;3011;CLS;;Dancing In The Dark;0;BRUCE SPRINGSTEEN;B;3;;;;;;N;S;;03:23;00:14;FF;2;;270;270;63;1984;STRA 80;3;stra V;;L:\AudioToscana\stra V\Bruce Springsteen - Dancing In The Dark.wav;;;1
13060;3006;CLS;;Born In The U.s.a;0;BRUCE SPRINGSTEEN;B;3;;;;;;N;S;;04:00;00:17;MF;2;;271;271;68;1984;STRA 80;3;stra V;;L:\AudioToscana\stra V\Bruce Springsteen - Born In The U.S.A.wav;;;1
13061;3016;CLS;;Hungry Heart;0;BRUCE SPRINGSTEEN;N;R3;;;;;;N;S;;02:39;00:19;MF;2;;170;40;37;1980;STRA 80;3;stra V;;L:\AudioToscana\stra V\Bruce Springsteen - Hungry Heart.wav;;;1
13063;5374;CLS;;Heaven;1;BRYAN ADAMS;B;3;;;;;;N;S;;03:43;00:16;SM;1;;276;276;66;1984;STRA 80;3;stra V;;L:\AudioToscana\stra V\Bryan Adams - Heaven.wav;;;1
13067;6231;CLS;;Slave To Love;1;BRYAN FERRY;B;3;;;;;;N;S;;03:41;00:40;SM;2;;286;286;58;1985;STRA 80;3;stra V;;L:\AudioToscana\stra V\Bryan Ferry - Slave to Love.wav;;;1
13068;5005;CLS;;Coming Around Again;1;CARLY SIMON;B;3;;;;;;N;S;;03:27;00:16;SM;1;;295;295;64;1986;STRA 80;3;stra V;;L:\AudioToscana\stra V\Carly Simon - Coming Around Again.wav;;;1
13069;5090;CLS;;You're So Vain;1;CARLY SIMON;B;3;;;;;;N;S;;03:39;00:18;SF;1;;263;263;81;1972;STRA 70;2;stra V;;L:\AudioToscana\stra V\Carly Simon - You're So Vain.wav;;;1
13071;1453;CLS;;Father & Son;1;CAT STEVENS;B;3;;;;;;N;S;;03:32;00:15;SS;1;;274;274;80;1970;STRA 70;2;stra V;;L:\AudioToscana\stra V\Cat Stevens - Father & Son.wav;;;1
13072;3041;CLS;;Wild World;1;CAT STEVENS;B;3;;;;;;NO;S;;03:13;00:14;MS;2;;256;245;70;1970;STRA 70;2;stra V;;L:\AudioToscana\stra V\Cat Stevens - Wild World.wav;;;1
13080;4934;CLS;;Hard To Say Im Sorry;1;CHICAGO;B;3;;;;;;N;S;;03:29;00:21;SS;1;;304;304;57;1982;STRA 80;3;stra V;;L:\AudioToscana\stra V\Chicago - Hard to Say I'm Sorry.wav;;;1
13082;4628;CLS;;Josephine (remix);0;CHRIS REA;N;2;;;;;;N;S;;03:06;00:33;FF;2;;224;47;40;1987;STRA 80;3;stra V;;L:\AudioToscana\stra V\Chris Rea - Josephine (remix).wav;;;1
13085;1460;CLS;;Arthur's Theme;1;CHRISTOPHER CROSS;B;2;;;;;;N;S;;03:31;00:14;SF;1;;280;280;55;1981;STRA 80;3;stra V;;L:\AudioToscana\stra V\Christopher Cross - Arthur's Theme.wav;;;1
13090;5153;CLS;;We Don't Talk Anymore;0;CLIFF RICHARD;B;2;;;;;;N;S;;03:53;00:18;MF;2;;297;297;57;1981;STRA 80;3;stra V;;L:\AudioToscana\stra V\Cliff Richard - We Don't Talk Anymore.wav;;;1
13092;4036;CLS;;Just Around The Corner;0;COCK ROBIN;N;2;;;;;;N;S;;03:23;00:17;FF;2;;174;48;29;1987;STRA 80;3;stra V;;L:\AudioToscana\stra V\Cock Robin - Just Around The Corner - Cock Robin.wav;;;1
13093;1462;CLS;;The Promise You Made;0;COCK ROBIN;N;2;;;;;;N;S;;03:47;00:20;MF;2;;193;57;33;1985;STRA 80;3;stra V;;L:\AudioToscana\stra V\Cock Robin - The promise you made.wav;;;1
13101;1468;CLS;;Do You Really Want To Hurt Me;1;"CULTURE CLUB; BOY GEORGE";B;1;;;;;;N;S;;04:13;00:00;MS;3;;265;265;66;1982;STRA 80;3;stra V;;L:\AudioToscana\stra V\Culture club - Do you really want to hurt me.wav;;;1
13104;1471;CLS;;(I Just) Died In Your Arms;0;CUTTING CREW;N;2;;;;;;N;S;;03:54;00:15;SF;3;;263;92;60;1986;STRA 80;3;stra V;;L:\AudioToscana\stra V\Cutting Crew - (I Just) Died in your arms tonight.wav;;;1
13105;1472;CLS;;Girls Just Want To Have Fun;0;CYNDI LAUPER;N;1;;;;;;N;S;;03:23;00:17;FF;3;;204;43;35;1983;STRA 80;3;stra V;;L:\AudioToscana\stra V\Cyndi Lauper - Girls just want to have fun.wav;;;1
13106;1473;CLS;;Time After Time;1;CYNDI LAUPER;B;2;;;;;;N;S;;03:45;00:15;SS;2;;282;282;65;1984;STRA 80;3;stra V;;L:\AudioToscana\stra V\Cyndi Lauper - Time after time.wav;;;1
13107;1474;CLS;;True Colors;1;CYNDI LAUPER;B;2;;;;;;N;S;;03:31;00:15;SS;1;;283;283;68;1986;STRA 80;3;stra V;;L:\AudioToscana\stra V\Cyndi Lauper - True colors.wav;;;1
13113;1491;CLS;;Enjoy The Silence;0;DEPECHE MODE;N;3;;;;;;N;S;;03:09;00:26;FF;2;;215;50;38;1990;STRA 80;3;stra V;;L:\AudioToscana\stra V\Depeche Mode - Enjoy The Silence.wav;;;1
13116;1504;CLS;;Upside Down;0;DIANA ROSS;N;2;;;;;;N;S;;03:19;00:10;FF;2;;208;46;42;1980;STRA 80;3;stra V;;L:\AudioToscana\stra V\Diana Ross - Upside down.wav;;;1
13120;2427;CLS;;Heartbreacker;1;DIONNE WARWICK;B;2;;;;;;N;S;;03:46;00:22;MM;1;;297;297;64;1982;STRA 80;3;stra V;;L:\AudioToscana\stra V\Dionne Warwick - Heartbreacker.wav;;;1
13121;1507;CLS;;Tunnel Of Love;0;DIRE STRAITS;N;R3;;;;;;N;S;;05:39;00:41;FS;2;;190;42;36;1980;STRA 80;3;stra V;;L:\AudioToscana\stra V\Dire Straits - Tunnel of love.wav;;;1
13123;2443;CLS;;Walk Of Life;0;DIRE STRAITS;N;2;;;;;;N;S;;03:31;00:57;MF;3;;185;32;34;1985;STRA 80;3;stra V;;L:\AudioToscana\stra V\Dire Straits - Walk Of Life - Dire Straits.wav;;;1
13124;2436;CLS;;Romeo And Juliet;0;DIRE STRAITS;B;3;;;;;;N;S;;05:07;00:23;SS;2;;266;266;70;1980;STRA 80;3;stra V;;L:\AudioToscana\stra V\Dire Straits - Romeo And Juliet - Dire Straits.wav;;;1
13125;2437;CLS;;Sultans Of Swing;0;DIRE STRAITS;N;R3;;;;;;N;S;;05:37;00:13;FF;2;;167;43;44;1978;STRA 70;2;stra V;;L:\AudioToscana\stra V\Dire Straits - Sultans Of Swing - Dire Straits.wav;;;1
13126;5685;CLS;;(I've Had) The Time of My Life;1;DIRTY DANCING;B;1;;;;;;N;S;;04:25;00:05;SF;2;;301;301;56;1987;STRA 80;3;stra V;;L:\AudioToscana\stra V\Bill Medley & Jennifer Warnes - (I've Had) The Time of My Life.wav;;;1
13129;6410;CLS;;Could It Be Magic;0;DONNA SUMMER;B;1;;;;;;N;S;;02:49;00:46;MF;2;;223;210;81;1976;STRA 70;2;stra V;;L:\AudioToscana\stra V\Donna Summer - Could It Be Magic.wav;;;1
13141;1524;CLS;;Save A Prayer;1;DURAN DURAN;B;2;;;;;;N;S;;03:22;00:22;MF;2;;275;275;65;1982;STRA 80;3;stra V;;L:\AudioToscana\stra V\Duran Duran - Save a prayer.wav;;;1
13144;2449;CLS;;After The Love Has Gone;1;EARTH WIND & FIRE;B;2;;;;;;N;S;;03:41;00:15;SM;1;;293;293;59;2013;STRA 80;3;stra V;;L:\AudioToscana\stra V\Earth Wind & Fire - After the love has gone.wav;;;1
13145;1532;CLS;;September;0;EARTH WIND & FIRE;N;2;;;;;;N;S;;03:21;00:19;MF;2;;177;56;42;1978;STRA 70;2;stra V;;L:\AudioToscana\stra V\Earth Wind & Fire - September.wav;;;1
13147;1533;CLS;;Fantasy;0;EARTH WIND & FIRE;B;2;;;;;;N;S;;03:07;00:36;SF;2;;247;247;74;1977;STRA 70;2;stra V;;L:\AudioToscana\stra V\Earth, Wind & Fire - Fantasy.wav;;;1
13153;1538;CLS;;Last Train To London;1;ELECTRIC LIGHT ORCHESTRA;B;2;;;;;;N;S;;04:04;00:16;MF;2;;263;263;79;1979;STRA 70;2;stra V;;L:\AudioToscana\stra V\Electric Light Orchestra - Last train to London.wav;;;1
13156;2453;CLS;;Your Song;1;ELTON JOHN;B;2;;;;;;N;S;;03:54;00:08;SS;1;;219;219;83;1970;STRA 70;2;stra V;;L:\AudioToscana\stra V\Elton John - Your song.wav;;;1
13158;2660;CLS;;Nikita;0;ELTON JOHN;B;2;;;;;;N;S;;05:01;00:23;SS;1;;238;238;77;1985;STRA 80;3;stra V;;L:\AudioToscana\stra V\Elton John - Nikita - Elton John.wav;;;1
13161;2640;CLS;;Crocodile Rock;0;ELTON JOHN;N;2;;;;;;N;S;;03:28;00:15;FF;3;;137;47;47;1973;STRA 70;2;stra V;;L:\AudioToscana\stra V\Elton John - Crocodile Rock - Elton John.wav;;;1
13163;2655;CLS;;I Guess That's Why They Call It The Blues;1;ELTON JOHN;B;2;;;;;;N;S;;04:36;00:12;SS;1;;242;242;68;1983;STRA 80;3;stra V;;L:\AudioToscana\stra V\Elton John - I Guess That's Why They Call It The Blues - Elton John.wav;;;1
13164;2643;CLS;;Don't Go Breaking My Heart;0;"ELTON JOHN - KIKI DEE; ELTON JOHN; KIKI DEE";B;2;;;;;;N;S;;04:03;00:14;SF;2;;176;86;48;1975;STRA 70;2;stra V;;L:\AudioToscana\stra V\Elton John - Don't Go Breaking My Heart - Elton John & Kiki Dee.wav;;;1
13165;4457;CLS;;Hungry Eyes;1;ERIC CARMEN;B;2;;;;;;N;S;;03:47;00:27;SF;2;;307;307;54;1987;STRA 80;3;stra V;;L:\AudioToscana\stra V\Eric Carmen - Hungry Eyes.wav;;;1
13166;4047;CLS;;The Final Countdown;0;EUROPE;B;2;;;;;;N;S;;04:09;00:35;FF;3;;276;276;68;1986;STRA 80;3;stra V;;L:\AudioToscana\stra V\Europe - The Final Countdown (CUT).wav;;;1
13167;1816;CLS;;Carrie;1;EUROPE;B;2;;;;;;N;S;;04:09;00:25;SS;1;;297;297;68;1986;STRA 80;3;stra V;;L:\AudioToscana\stra V\Europe - Carrie.wav;;;1
13170;1544;CLS;;There Must Be An Angel (playing With My Heart);0;"EURYTHMICS; ANNIE LENNOX; DAVE STEWART";B;2;;;;;;N;S;;04:17;00:00;MF;2;;250;132;55;1985;STRA 80;3;stra V;;L:\AudioToscana\stra V\Eurythmics - There Must Be An Angel (Playing With My Heart) - Eurythmics.wav;;;1
13171;2693;CLS;;Miracle Of Love;1;"EURYTHMICS; ANNIE LENNOX; DAVE STEWART";B;2;;;;;;N;S;;04:29;00:20;SS;1;;258;258;72;2002;STRA 80;3;stra V;;L:\AudioToscana\stra V\Eurythmics - Miracle Of Love.wav;;;1
13174;1546;CLS;;Words;1;F.R. DAVID;B;1;;;;;;N;S;;03:19;00:08;MF;3;;302;295;55;1982;STRA 80;3;stra V;;L:\AudioToscana\stra V\F.R. David - Words.wav;;;1
13177;6773;CLS;;Little Lies;0;FLEETWOOD MAC;B;2;;;;;;N;S;;03:12;00:17;SM;2;;292;292;62;1987;STRA 80;3;stra V;;L:\AudioToscana\stra V\Fleetwood Mac - Little Lies.wav;;;1
13179;5732;CLS;;I Wanna Know What Love Is;1;FOREIGNER;B;3;;;;;;N;S;;04:07;00:14;SM;1;;275;275;58;1984;STRA 80;3;stra V;;L:\AudioToscana\stra V\Foreigner - I Want to Know What Love Is.wav;;;1
13181;1555;CLS;;The Power Of Love;0;FRANKIE GOES TO HOLLYWOOD;B;3;;;;;;N;S;;05:07;00:16;SS;1;;235;235;76;1984;STRA 80;3;stra V;;L:\AudioToscana\stra V\Frankie goes To Hollywood - The power of love.wav;;;1
13182;4853;CLS;;Grease;0;FRANKIE VALLI;N;1;;;;;;N;S;;03:12;00:16;FF;2;;243;128;61;1978;STRA 70;2;stra V;;L:\AudioToscana\stra V\Frankie Valli - Grease.wav;;;1
13183;3222;CLS;;The Great Pretender;1;"FREDDIE MERCURY; QUEEN";B;2;;;;;;N;S;;02:55;00:06;SS;1;;214;214;68;1992;STRA 80;3;stra V;;L:\AudioToscana\stra V\Queen - The Great Pretender - Freddie Mercury.wav;;;1
13187;1561;CLS;;I Like Chopin;0;GAZEBO;B;1;;;;;;N;S;;03:49;00:26;MF;2;;239;117;49;1982;STRA 80;3;stra V;;L:\AudioToscana\stra V\Gazebo - I like chopin.wav;;;1
13188;6438;CLS;;Invisible Touch;0;"GENESIS; PHIL COLLINS; PETER GABRIEL";B;2;;;;;;N;S;;03:11;00:16;FF;2;;194;194;59;1986;STRA 80;3;stra V;;L:\AudioToscana\stra V\Genesis - Invisible Touch.wav;;;1
13190;5009;CLS;;Got My Mind Set On You;0;GEORGE HARRISON;N;2;;;;;;N;S;;03:10;00:05;FF;3;;182;39;38;1987;STRA 80;3;stra V;;L:\AudioToscana\stra V\George Harrison - Got My Mind Set On You.wav;;;1
13192;4996;CLS;;Careless Whisper;1;GEORGE MICHAEL;B;2;;;;;;N;S;;04:01;00:27;SM;1;;286;286;60;1986;STRA 80;3;stra V;;L:\AudioToscana\stra V\George Michael - Careless Whisper.wav;;;1
13200;1573;CLS;;I Will Survive;0;GLORIA GAYNOR;B;1;;;;;;N;S;;03:12;00:06;SF;3;;265;263;84;1978;STRA 70;2;stra V;;L:\AudioToscana\stra V\Gloria Gaynor - I Will Survive.wav;;;1
13217;1835;CLS;;Don't You Want Me;0;HUMAN LEAGUE;;1;;;;;;N;S;;03:44;00:21;FF;3;;209;75;59;1981;STRA 80;3;stra V;;L:\AudioToscana\stra V\The Human League - Don't you wnat me.wav;;;1
13218;1594;CLS;;Just An Illusion;0;IMAGINATION;B;1;;;;;;N;S;;04:25;00:55;SF;3;;214;63;87;1982;STRA 80;3;stra V;;L:\AudioToscana\stra V\Imagination - Just an illusion.wav;;;1
13219;1597;CLS;;State Of The Nation;0;INDUSTRY;N;2;;;;;;N;S;;03:15;00:23;MF;2;;207;65;42;1989;STRA 80;3;stra V;;L:\AudioToscana\stra V\Industry - State of the nation - Industry.wav;;;1
13223;1600;CLS;;Fame;0;IRENE CARA;B;1;;;;;;N;S;;03:00;00:37;FF;3;;284;284;56;1980;STRA 80;3;stra V;;L:\AudioToscana\stra V\Irene Cara - Fame.wav;;;1
13224;4487;CLS;;What A Feeling;0;IRENE CARA;B;1;;;;;;N;S;;03:35;00:11;SF;3;;294;294;60;1983;STRA 80;3;stra V;;L:\AudioToscana\stra V\Irene Cara - What A Feeling.wav;;;1
13239;1616;CLS;;Unchain My Heart;0;JOE COCKER;N;3;;;;;;N;S;;05:00;00:00;SF;2;;173;80;71;1987;STRA 80;3;stra V;;L:\AudioToscana\stra V\Joe Cocker - Unchain My Heart - Joe Cocker.wav;;;1
13240;5728;CLS;;You Can Leave Your Hat On;0;JOE COCKER;B;2;;;;;;N;S;;03:28;00:23;FF;2;;282;282;65;1986;STRA 80;3;stra V;;L:\AudioToscana\stra V\Joe Cocker - You Can Leave Your Hat On.wav;;;1
13241;6377;CLS;;When The Night Comes;0;JOE COCKER;N;3;;;;;;N;S;;03:45;00:37;SF;1;;241;75;65;1989;STRA 80;3;stra V;;L:\AudioToscana\stra V\Joe Cocker - When the night comes.wav;;;1
13243;2750;CLS;;Woman;1;JOHN LENNON;B;3;;;;;;N;S;;03:15;00:13;SS;1;;247;247;71;1980;STRA 80;3;stra V;;L:\AudioToscana\stra V\John Lennon - Woman.wav;;;1
13244;1620;CLS;;Love Is In The Air;0;JOHN PAUL YOUNG;N;2;;;;;;N;S;;03:13;00:08;MF;3;;258;125;57;1977;STRA 70;2;stra V;;L:\AudioToscana\stra V\John Paul Young - Love Is In The Air.wav;;;1
13246;3115;CLS;;Shattered Dreams;0;JOHNNY HATES JAZZ;N;2;;;;;;N;S;;03:02;00:17;FF;2;;180;13;41;1988;STRA 80;3;stra V;;L:\AudioToscana\stra V\Johnny Hates Jazz - Shattered Dreams.wav;;;1
13251;6198;CLS;;Please Don't Go;1;KC & THE SUNSHINE BAND;B;2;;;;;;N;S;;03:26;00:22;SM;1;;283;283;59;1979;STRA 80;3;stra V;;L:\AudioToscana\stra V\KC & The Sunshine Band - Please don't go.wav;;;1
13255;1639;CLS;;Bette Davis Eyes;1;KIM CARNES;B;2;;;;;;N;S;;03:23;00:15;SF;2;;312;312;60;1981;STRA 80;3;stra V;;L:\AudioToscana\stra V\Kim Carnes - Bette Davis Eyes.wav;;;1
13257;1643;CLS;;Love And Pride;0;KING;;1;;;;;;N;S;;03:18;00:00;FM;3;;126;57;32;1984;STRA 80;3;stra V;;L:\AudioToscana\stra V\King - Love And Pride - king.wav;;;1
13258;5128;CLS;;I Was Made For Lovin' You;0;KISS;B;R3;;;;;;N;S;;04:03;00:37;FF;3;;242;242;85;1979;STRA 70;2;stra V;;L:\AudioToscana\stra V\Kiss - I Was Made for Lovin' You.wav;;;1
13262;4064;CLS;;Cherish;1;KOOL & THE GANG;B;2;;;;;;N;S;;04:00;00:20;SM;1;;266;260;73;1984;STRA 80;3;stra V;;L:\AudioToscana\stra V\Kool & The Gang - Cherish - Kool & The Gang.wav;;;1
13278;3131;CLS;;Never Ending Story;0;LIMAHL;B;1;;;;;;N;S;;03:07;00:10;FF;2;;311;311;57;1984;STRA 80;3;stra V;;L:\AudioToscana\stra V\Limahl - Never Ending Story.wav;;;1
13279;5002;CLS;;Easy;1;"COMMODORES; LIONEL RICHIE";B;2;;;;;;N;S;;03:45;00:15;SM;1;;253;253;61;1977;STRA 80;3;stra V;;L:\AudioToscana\stra V\Lionel Richie - Easy.wav;;;1
13280;1659;CLS;;All Night Long;0;LIONEL RICHIE;N;1;;;;;;N;S;;03:03;00:28;MF;2;;209;54;49;1983;STRA 80;3;stra V;;L:\AudioToscana\stra V\Lionel Richie - All night long.wav;;;1
13288;5589;CLS;;Who's That Girl;0;MADONNA;B;1;;;;;;N;S;;03:42;00:05;FF;3;;188;62;53;1987;STRA 80;3;stra V;;L:\AudioToscana\stra V\Madonna - Who's That Girl.wav;;;1
13296;2944;CLS;;Papa Don't Preach;0;MADONNA;N;1;;;;;;N;S;;03:56;00:32;FF;3;;183;53;48;1986;STRA 80;3;stra V;;L:\AudioToscana\stra V\Madonna - Papa Don't Preach - Madonna.wav;;;1
13306;4072;CLS;;Sexual Healing;1;MARVIN GAYE;B;2;;;;;;N;S;;03:51;00:08;SM;2;;308;308;64;1982;STRA 80;3;stra V;;L:\AudioToscana\stra V\Marvin Gaye - Sexual Healing.wav;;;1
13316;2797;CLS;;Thriller;0;MICHAEL JACKSON;N;2;;;;;;N;S;;03:37;00:59;FF;3;;172;37;45;1982;STRA 80;3;stra V;;L:\AudioToscana\stra V\Michael Jackson - Thriller - Michael Jackson.wav;;;1
13317;2789;CLS;;I Just Can't Stop Loving You;1;MICHAEL JACKSON;B;2;;;;;;N;S;;03:26;00:34;SF;1;;272;196;59;1987;STRA 80;3;stra V;;L:\AudioToscana\stra V\Michael Jackson - I Just Cant Stop Loving You - Michael Jackson.wav;;;1
13320;2783;CLS;;Billie Jean;0;MICHAEL JACKSON;B;2;;;;;;N;S;;03:49;00:30;FF;3;;248;248;65;1982;STRA 80;3;stra V;;L:\AudioToscana\stra V\Michael Jackson - Billie Jean - Michael Jackson.wav;;;1
13326;2785;CLS;;Don't Stop 'til You Get Enough;0;MICHAEL JACKSON;N;2;;;;;;N;S;;04:01;00:32;FF;3;;155;47;40;1979;STRA 70;2;stra V;;L:\AudioToscana\stra V\Michael Jackson - Don't Stop 'Til You Get Enough - Michael Jackson.wav;;;1
13327;2790;CLS;;Man In The Mirror;0;MICHAEL JACKSON;B;2;;;;;;N;S;;05:12;00:10;SM;1;;224;123;62;1987;STRA 80;3;stra V;;L:\AudioToscana\stra V\Michael Jackson - Man In The Mirror - Michael Jackson.wav;;;1
13333;1685;CLS;;Moonlight Shadow;1;MIKE OLDFIELD;B;2;;;;;;N;S;;03:14;00:07;MF;2;;294;294;60;1983;STRA 80;3;stra V;;L:\AudioToscana\stra V\Mike Oldfield - Moonlight shadow.wav;;;1
13335;1689;CLS;;Broken Wings;0;MR MISTER;N;2;;;;;;N;S;;04:22;00:20;SF;2;;223;59;34;1979;STRA 80;3;stra V;;L:\AudioToscana\stra V\Mr. Mister - Broken wings - Mr. Mister.wav;;;1
13354;5503;CLS;;Summer Nights;0;OLIVIA NEWTON JOHN;N;1;;;;;;N;S;;03:33;00:08;SM;3;;212;116;58;1978;STRA 70;2;stra V;;L:\AudioToscana\stra V\Olivia Newton John - Summer Nights.wav;;;1
13357;1710;CLS;;Enola Gay;0;OMD;N;2;;;;;;N;S;;03:11;00:33;FF;2;;223;53;31;1980;STRA 80;3;stra V;;L:\AudioToscana\stra V\Omd - Enola gay.wav;;;1
13359;4252;CLS;;(sitting On) The Dock Of The Bay;0;OTIS REDDING;B;2;;;;;;N;S;;02:28;00:10;SM;1;;260;260;69;1968;STRA 60;1;stra V;;L:\AudioToscana\stra V\Otis Redding - (Sittin' On) The Dock of the Bay.wav;;;1
13362;1719;CLS;;Lady Marmalade;0;PATTI LABELLE;N;2;;;;;;N;S;;03:20;00:10;SF;3;;176;50;36;1974;STRA 70;2;stra V;;L:\AudioToscana\stra V\Patty Labelle - Lady marmalade.wav;;;1
13365;914;CLS;;Everytime You Go Away;1;PAUL YOUNG;B;2;;;;;;N;S;;03:45;00:27;SM;2;;308;308;53;1985;STRA 80;3;stra V;;L:\AudioToscana\stra V\paul Young - Everytime You Go Away.wav;;;1
13369;1724;CLS;;Always On My Mind;0;"PET SHOP BOYS; ELVIS PRESLEY";;1;;;;;;N;S;;03:32;00:33;FF;3;;115;32;32;1987;STRA 80;3;stra V;;L:\AudioToscana\stra V\Pet Shop Boys - Always on my mind.wav;;;1
13372;1737;CLS;;I Won't Let You Down;1;"PHD; JIM DIAMOND";B;2;;;;;;N;S;;03:36;00:24;MM;2;;261;261;57;1981;STRA 80;3;stra V;;L:\AudioToscana\stra V\Ph. D - I won't let you down - Ph. D.wav;;;1
13374;2510;CLS;;Another Day In Paradise;1;PHIL COLLINS;B;2;;;;;;N;S;;04:08;00:56;SF;1;;257;257;67;1989;STRA 80;3;stra V;;L:\AudioToscana\stra V\Phil Collins - Another Day In Paradise - Phil Collins.wav;;;1
13375;2519;CLS;;In The Air Tonight;0;PHIL COLLINS;B;R3;;;;;;N;S;;04:22;00:52;SF;1;;241;241;70;1984;STRA 80;3;stra V;;L:\AudioToscana\stra V\Phil Collins - In The Air Tonight - Phil Collins.wav;;;1
13378;2509;CLS;;Against All Odds (take A Look At Me Now);1;PHIL COLLINS;B;3;;;;;;N;S;;03:14;00:09;SS;1;;245;245;69;1984;STRA 80;3;stra V;;L:\AudioToscana\stra V\Phil Collins - Against All Odds (Take A Look At Me Now) - Phil Collins.wav;;;1
13379;2508;CLS;;A Groovy Kind Of Love;1;PHIL COLLINS;B;3;;;;;;N;S;;03:15;00:12;SS;1;;262;262;69;1988;STRA 80;3;stra V;;L:\AudioToscana\stra V\Phil Collins - A Groovy Kind Of Love - Phil Collins.wav;;;1
13381;5029;CLS;;Another Brick In The Wall;0;PINK FLOYD;;3;;;;;;N;S;;03:38;00:18;FF;2;;176;50;34;1979;STRA 70;2;stra V;;L:\AudioToscana\stra V\Pink Floyd - Another Brick In The Wall.wav;;;1
13384;3184;CLS;;Kiss;0;PRINCE;;3;;;;;;N;S;;03:38;00:09;FF;2;;154;46;29;1986;STRA 80;3;stra V;;L:\AudioToscana\stra V\Prince - Kiss.wav;;;1
13385;4981;CLS;;A Wither Shade Of Pale;1;PROCOL HARUM;B;3;;;;;;N;S;;03:26;00:29;SM;1;;284;284;65;1967;STRA 60;1;stra V;;L:\AudioToscana\stra V\Procol Harum - A wither shade of pale.wav;;;1
13388;1743;CLS;;A Kind Of Magic;0;"QUEEN; FREDDIE MERCURY";N;23;;;;;;N;S;;04:18;00:00;FF;2;;211;89;69;1986;STRA 80;3;stra V;;L:\AudioToscana\stra V\Queen - A kind of magic.wav;;;1
13389;3190;CLS;;Another One Bites The Dust;0;"QUEEN; FREDDIE MERCURY";N;3;;;;;;N;S;;03:30;00:22;MM;2;;216;87;63;1980;STRA 80;3;stra V;;L:\AudioToscana\stra V\Queen - Another One Bites The Dust.wav;;;1
13390;3204;CLS;;I Want It All;0;"QUEEN; FREDDIE MERCURY";B;3;;;;;;N;S;;03:54;00:00;FM;2;;225;225;66;1989;STRA 80;3;stra V;;L:\AudioToscana\stra V\Queen - I Want It All - Queen.wav;;;1
13392;3197;CLS;;Don't Stop Me Now;0;"QUEEN; FREDDIE MERCURY";B;3;;;;;;N;S;;03:08;00:00;SF;2;;182;182;80;1978;STRA 70;2;stra V;;L:\AudioToscana\stra V\Queen - Don't Stop Me Now.wav;;;1
13393;1746;CLS;;Radio Ga Ga;0;"QUEEN; FREDDIE MERCURY";B;3;;;;;;N;S;;04:08;00:55;FF;2;;226;226;70;1984;STRA 80;3;stra V;;L:\AudioToscana\stra V\Queen - Radio Ga Ga - Queen.wav;;;1
13396;3231;CLS;;Under Pressure;0;"QUEEN; FREDDIE MERCURY";B;3;;;;;;N;S;;03:42;00:30;SS;2;;238;238;69;1981;STRA 80;3;stra V;;L:\AudioToscana\stra V\Queen - Under Pressure - Queen & David Bowie-1.wav;;;1
13397;3219;CLS;;Somebody To Love;0;"QUEEN; FREDDIE MERCURY";B;3;;;;;;N;S;;04:30;00:26;SM;2;;171;171;84;1976;STRA 70;2;stra V;;L:\AudioToscana\stra V\Queen - Somebody To Love.wav;;;1
13399;3205;CLS;;I Want To Break Free;0;"QUEEN; FREDDIE MERCURY";N;3;;;;;;N;S;;03:33;00:40;SF;2;;203;87;64;1984;STRA 80;3;stra V;;L:\AudioToscana\stra V\Queen - I Want To Break Free - Queen.wav;;;1
13400;1749;CLS;;Self Control;0;RAF;N;1;;;;;;N;S;;03:31;00:28;FF;3;;214;112;50;1984;STRA 80;3;stra V;;L:\AudioToscana\stra V\Raf - Self control.wav;;;1
13401;2530;CLS;;Hit The Road Jack;0;RAY CHARLES;B;2;;;;;;N;S;;01:47;00:06;FF;3;;204;119;57;1960;STRA 60;1;stra V;;L:\AudioToscana\stra V\Ray Charles - Hit The Road Jack.wav;;;1
13407;3249;CLS;;Losing My Religion;0;REM;B;3;;;;;;N;S;;04:23;00:15;MS;2;;294;64;73;1991;STRA 90;4;stra V;;L:\AudioToscana\stra V\R.E.M. - Losing My Religion - R.E.M..wav;;;1
13426;3262;CLS;;Baby Jane;0;ROD STEWART;N;2;;;;;;N;S;;04:11;00:19;FF;2;;230;110;64;1983;STRA 80;3;stra V;;L:\AudioToscana\stra V\Rod Stewart - Baby Jane - Rod Stewart.wav;;;1
13432;4261;CLS;;More Than This;1;ROXY MUSIC;B;3;;;;;;N;S;;03:13;00:14;MF;2;;305;305;57;1982;STRA 80;3;stra V;;L:\AudioToscana\stra V\Roxy Music - More Than This.wav;;;1
13433;4086;CLS;;You Got It;0;ROY ORBISON;N;2;;;;;;N;S;;03:28;00:09;MF;2;;215;60;32;1989;STRA 80;3;stra V;;L:\AudioToscana\stra V\Ray Orbison - You Got It.wav;;;1
13434;5765;CLS;;Pretty Woman;0;ROY ORBISON;B;2;;;;;;N;S;;02:53;00:15;FM;3;;253;253;64;1964;STRA 60;1;stra V;;L:\AudioToscana\stra V\Roy Orbison - Pretty Woman.wav;;;1
13436;1770;CLS;;Smooth Operator;1;SADE;B;2;;;;;;N;S;;04:13;00:24;MF;2;;289;168;61;1984;STRA 80;3;stra V;;L:\AudioToscana\stra V\Sade - Smooth Operator (CUT).wav;;;1
13437;1773;CLS;;Maria Magdalena;0;SANDRA;N;1;;;;;;N;S;;03:13;00:28;FF;2;;210;115;53;1985;STRA 80;3;stra V;;L:\AudioToscana\stra V\Sandra - Maria magdalena.wav;;;1
13454;1784;CLS;;Don't You (forget About Me);0;SIMPLE MINDS;B;2;;;;;;N;S;;04:03;00:19;FF;2;;273;273;66;1988;STRA 80;3;stra V;;L:\AudioToscana\stra V\Simple Minds - Don't you (forget about me).wav;;;1
13456;3357;CLS;;Alive And Kicking;0;SIMPLE MINDS;N;3;;;;;;N;S;;04:24;00:18;SF;2;;210;50;39;1985;STRA 80;3;stra V;;L:\AudioToscana\stra V\Simple Minds - Alive And Kicking - Simple Minds.wav;;;1
13473;1794;CLS;;I'll Fly For You;0;SPANDAU BALLET;B;2;;;;;;N;S;;04:59;00:25;SS;2;;267;267;59;1984;STRA 80;3;stra V;;L:\AudioToscana\stra V\Spandau Ballet - I'll Fly For You - Spandau Ballet.wav;;;1
13475;2535;CLS;;True;1;SPANDAU BALLET;B;2;;;;;;N;S;;04:56;00:38;MS;1;;293;293;66;1983;STRA 80;3;stra V;;L:\AudioToscana\stra V\Spandau Ballet - True.wav;;;1
13476;1793;CLS;;Gold;0;SPANDAU BALLET;N;2;;;;;;N;S;;03:41;00:10;SM;2;;198;49;28;1983;STRA 80;3;stra V;;L:\AudioToscana\stra V\Spandau Ballet - Gold.wav;;;1
13477;1795;CLS;;Through The Barricades;1;SPANDAU BALLET;B;2;;;;;;N;S;;05:04;00:25;SS;1;;292;292;64;1986;STRA 80;3;stra V;;L:\AudioToscana\stra V\Spandau Ballet - Trough the barricades.wav;;;1
13478;5291;CLS;;Only When You Leave;0;SPANDAU BALLET;N;2;;;;;SPANDAU;N;S;;04:33;00:24;FF;2;;168;46;33;1984;STRA 80;3;stra V;;L:\AudioToscana\stra V\Spandau Ballet - Only When You Leave.wav;;;1
13481;1802;CLS;;Nothing's Gonna Stop Us Now;1;STARSHIP;B;2;;;;;;N;S;;04:16;00:22;MF;2;;286;286;64;1987;STRA 80;3;stra V;;L:\AudioToscana\stra V\Starship - Nothing's gonna stop us now.wav;;;1
13486;3524;CLS;;Isn't She Lovely;1;STEVIE WONDER;B;3;;;;;;N;S;;02:46;00:08;MF;2;;278;278;76;1976;STRA 70;2;stra V;;L:\AudioToscana\stra V\Stevie Wonder - Isn't She Lovely.wav;;;1
13487;3530;CLS;;Part Time Lover;0;STEVIE WONDER;B;3;;;;;;N;S;;03:27;00:21;FF;3;;274;274;66;1985;STRA 80;3;stra V;;L:\AudioToscana\stra V\Stevie Wonder - Part-Time Lover.wav;;;1
13488;3528;CLS;;Master Blaster (jammin');0;STEVIE WONDER;N;3;;;;;;N;S;;03:32;00:56;MF;2;;259;119;49;1980;STRA 80;3;stra V;;L:\AudioToscana\stra V\Stevie Wonder - Master Blaster (Jammin').wav;;;1
13490;5000;CLS;;Breakfast In America;1;SUPERTRAMP;B;3;;;;;;N;S;;02:33;00:07;SS;2;;257;257;76;1979;STRA 70;2;stra V;;L:\AudioToscana\stra V\Supertramp - Breakfast In America.wav;;;1
13491;1808;CLS;;Eye Of The Tiger;0;SURVIVOR;N;2;;;;;;N;S;;03:46;00:49;FF;2;;292;128;58;1984;STRA 80;3;stra V;;L:\AudioToscana\stra V\Survivor - Eye of the tiger.wav;;;1
13497;1814;CLS;;It's My Life;0;TALK TALK;N;2;;;;;;N;S;;03:20;00:17;FF;2;;248;105;56;1986;STRA 80;3;stra V;;L:\AudioToscana\stra V\Talk Talk - It's My Life.wav;;;1
13498;3436;CLS;;Such A Shame;0;TALK TALK;N;2;;;;;;N;S;;04:09;01:04;SF;2;;280;116;52;1984;STRA 80;3;stra V;;L:\AudioToscana\stra V\Talk Talk - Such A Shame.wav;;;1
13501;5980;CLS;;Everybody Wants To Rule The World;0;TEARS FOR FEARS;N;3;;;;;;N;S;;03:47;00:31;MF;2;;255;110;51;1985;STRA 80;3;stra V;;L:\AudioToscana\stra V\Tears For Fears - Everybody Wants to Rule the World.wav;;;1
13502;3554;CLS;;Sowing The Seeds Of Love;0;TEARS FOR FEARS;N;2;;;;;;N;S;;05:03;00:09;MF;2;;199;48;35;1989;STRA 80;3;stra V;;L:\AudioToscana\stra V\Tears For Fears - Sowing the Seeds of Love - Tears For Fears.wav;;;1
13508;1823;CLS;;Eye In The Sky;1;THE ALAN PARSONS PROJECT;B;3;;;;;;N;S;;03:55;00:18;SM;1;;294;294;57;1982;STRA 80;3;stra V;;L:\AudioToscana\stra V\The Alan Parsons Project - Eye In The Sky.wav;;;1
13511;5008;CLS;;Eternal Flame;0;THE BANGLES;N;2;;;;;;N;S;;03:21;00:07;SM;1;;266;104;53;1988;STRA 80;3;stra V;;L:\AudioToscana\stra V\The Bangles - Eternal Flame.wav;;;1
13513;1824;CLS;;Manic Monday;0;THE BANGLES;N;2;;;;;;N;S;;02:55;00:17;FF;2;;210;53;29;1984;STRA 80;3;stra V;;L:\AudioToscana\stra V\The Bangles - Manic Monday.wav;;;1
13515;2536;CLS;;A Hard Day's Night;0;"THE BEATLES; JOHN LENNON; PAUL MCCARTNEY; GEORGE HARRISON; RINGO STARR";B;2;;;;;;N;S;;02:20;00:03;FF;3;;118;118;70;1964;STRA 60;1;stra V;;L:\AudioToscana\stra V\The Beatles - A Hard Day's Night.wav;;;1
13516;362;CLS;;All My Loving;0;"THE BEATLES; JOHN LENNON; PAUL MCCARTNEY; GEORGE HARRISON; RINGO STARR";B;2;;;;;;N;S;;02:03;00:00;FM;3;;129;129;84;1963;STRA 60;1;stra V;;L:\AudioToscana\stra V\The Beatles - All My Loving.wav;;;1
13517;2546;CLS;;Hey Jude;1;"THE BEATLES; JOHN LENNON; PAUL MCCARTNEY; GEORGE HARRISON; RINGO STARR";B;3;;;;;;N;S;;04:02;00:00;SF;1;;137;137;74;1968;STRA 60;1;stra V;;L:\AudioToscana\stra V\The Beatles - Hey Jude.wav;;;1
13518;4945;CLS;;Here Comes The Sun;1;"THE BEATLES; JOHN LENNON; PAUL MCCARTNEY; GEORGE HARRISON; RINGO STARR";B;2;;;;;;N;S;;03:01;00:15;SS;1;;124;53;49;1969;STRA 70;1;stra V;;L:\AudioToscana\stra V\The Beatles - Here Comes The Sun.wav;;;1
13524;1827;CLS;;Video Killed The Radio Star;0;THE BUGGLES;B;1;;;;;;N;S;;03:07;00:17;SF;3;;308;308;51;1987;STRA 80;3;stra V;;L:\AudioToscana\stra V\The Buggles - Video Killed The Radio Star.wav;;;1
13541;1838;CLS;;"Everybody's Got To Learn Sometime; Indaco Dagli Occhi Del Cielo";1;THE KORGIS;B;3;;;;;;N;S;;03:45;00:08;SS;1;;275;264;62;1978;STRA 80;3;stra V;;L:\AudioToscana\stra V\The Korgis - Everybody's Got To Learn Sometime.wav;;;1
13544;1841;CLS;;Every Breath You Take;1;"THE POLICE; STING";B;3;;;;;;N;S;;03:26;00:16;MF;2;;241;241;60;1983;STRA 80;3;stra V;;L:\AudioToscana\stra V\The Police - Every Breath You Take - The Police.wav;;;1
13545;3444;CLS;;Every Little Thing She Does Is Magic;0;"THE POLICE; STING";N;3;;;;;POLICE;N;S;;03:48;00:12;SM;2;;94;12;26;1983;STRA 80;3;stra V;;L:\AudioToscana\stra V\The Police - Every Little Thing She Does is Magic - The Police.wav;;;1
13550;5674;CLS;;You Can't Hurry Love;0;THE SUPREMES;N;1;;;;;;N;S;;02:39;00:07;FF;3;;197;52;42;1966;STRA 60;1;stra V;;L:\AudioToscana\stra V\Diana Ross - You Can't Hurry Love.wav;;;1
13556;1859;CLS;;The Best;0;TINA TURNER;B;2;;;;;;N;S;;04:01;00:09;FF;2;;278;278;60;1989;STRA 80;3;stra V;;L:\AudioToscana\stra V\Tina Turner - The Best - Tina Turner.wav;;;1
13558;3574;CLS;;What's Love Got To Do With It;0;TINA TURNER;N;2;;;;;;N;S;;03:23;00:20;MF;2;;251;107;58;1984;STRA 80;3;stra V;;L:\AudioToscana\stra V\Tina Turner - What's Love Got To Do With It - TINA TURNER-YANNI.wav;;;1
13559;3566;CLS;;Private Dancer;0;TINA TURNER;B;2;;;;;;N;S;;03:47;00:18;SF;2;;239;112;61;1984;STRA 80;3;stra V;;L:\AudioToscana\stra V\Tina Turner - Private Dancer - TINA TURNER-YANNI.wav;;;1
13563;3577;CLS;;Africa;1;TOTO;B;3;;;;;;N;S;;03:54;00:31;MM;2;;288;288;63;1982;STRA 80;3;stra V;;L:\AudioToscana\stra V\Toto - Africa - Toto.wav;;;1
13564;3584;CLS;;Stop Loving You;1;TOTO;B;3;;;;;;N;S;;03:55;00:38;MF;2;;270;270;61;1988;STRA 80;3;stra V;;L:\AudioToscana\stra V\Toto - Stop Loving You - Toto.wav;;;1
13566;5003;CLS;;Baby Can I Hold You;1;TRACY CHAPMAN;B;3;;;;;;N;S;;03:04;00:14;SS;1;;271;271;62;1988;STRA 80;3;stra V;;L:\AudioToscana\stra V\Tracy Chapman - Baby Can I Hold You.wav;;;1
13573;6299;CLS;;Pride (in The Name Of Love);0;U2;B;3;;;;;;N;S;;03:37;00:27;MF;2;;262;262;64;1984;STRA 80;3;stra V;;L:\AudioToscana\stra V\U2 - Pride (In The Name Of Love).wav;;;1
13575;1867;CLS;;With Or Without You;1;U2;B;3;;;;;;N;S;;04:22;00:28;MF;1;;267;267;64;1987;STRA 80;3;stra V;;L:\AudioToscana\stra V\U2 - With or without you.wav;;;1
13579;5553;CLS;;We Are The World;1;USA FOR AFRICA;B;;;;;;;;S;;03:59;00:27;SM;1;;215;212;76;1985;STRA 80;3;stra V;;L:\AudioToscana\stra V\USA For Africa - We Are the World.wav;;;1
13587;1884;CLS;;Wake Me Up Before You Go-go;0;"WHAM; GEORGE MICHAEL";N;1;;;;;;N;S;;03:19;00:12;FF;3;;206;91;61;1984;STRA 80;3;stra V;;L:\AudioToscana\stra V\Wham - Wake me up before you go-go.wav;;;1
13590;3632;CLS;;How Will I Know;0;WHITNEY HOUSTON;N;2;;;;;;N;S;;03:55;00:31;MF;2;;237;107;53;1985;STRA 80;3;stra V;;L:\AudioToscana\stra V\Whitney Houston - How Will I Know - Whitney Houston.wav;;;1
13591;4482;CLS;;I Wanna Dance With Somebody;0;WHITNEY HOUSTON;N;2;;;;;;N;S;;03:49;00:32;FF;2;;243;111;56;1987;STRA 80;3;stra V;;L:\AudioToscana\stra V\Whitney Houston - I Wanna Dance With Somebody (Who Loves Me).wav;;;1
13598;1888;CLS;;If I Can't Have You;1;YVONNE ELLIMAN;B;1;;;;;;N;S;;02:44;00:16;MF;2;;277;269;75;1977;STRA 70;2;stra V;;L:\AudioToscana\stra V\Yvonne Elliman - If I can't have you.wav;;;1
14108;2339;CLS;;Un'emozione Per Sempre;0;EROS RAMAZZOTTI;B;;;;;;;O;I;;03:28;00:17;FF;2;;230;;;2003;ITA 2000;5;ita V;;L:\AudioToscana\ita V\Eros Ramazzotti - Un'emozione Per Sempre.wav;;;1
14756;469;CLS;;I Giardini Di Marzo;1;LUCIO BATTISTI;B;;;;;;;O;I;;05:22;00:18;SS;1;;182;182;74;1972;ITA 70;2;ita V;;L:\AudioToscana\ita V\Lucio Battisti - I giardini di marzo.wav;;;1
15434;1090;CLS;;Il Carrozzone;1;RENATO ZERO;B;;;;;;;;I;;04:02;00:14;SS;1;;150;150;86;1978;ITA 70;2;ita V;;L:\AudioToscana\ita V\Renato Zero - IL Carrozzone.wav;;;1
15462;1193;CLS;;Ogni Volta;1;VASCO ROSSI;B;;;;;;;O;I;;04:08;00:27;SS;1;;114;114;81;1982;ITA 80;3;ita V;;L:\AudioToscana\ita V\Vasco Rossi - Ogni Volta.wav;;;1
15676;12531;CLS;;My Sweet Lord;0;GEORGE HARRISON;;3;;;;;;N;S;;03:32;00:31;SR;2;;100;31;39;1970;STRA 70;2;stra V;;L:\AudioToscana\stra V\GEORGE HARRISON - My Sweet Lord.wav;;;1
16377;12915;CLS;;Stairway To Heaven;0;LED ZEPPELIN;B;3;;;;;;;S;;05:39;00:53;SS;1;;100;100;85;1971;STRA 70;2;stra V;;L:\AudioToscana\stra V\Led Zeppelin - Stairway To Heaven (edit).wav;;Stairway To Heaven;1
16410;12947;CLS;;This Is The Time;0;BILLY JOEL;B;2;;;;;;NO;S;;04:14;00:31;SM;1;;211;105;60;1986;STRA 80;3;stra V;;L:\AudioToscana\stra V\Billy Joel - This Is the Time.wav;;;1
16411;12948;CLS;;Nothing's Gonna Change My Love For You;0;GEORGE BENSON;B;2;;;;;;NO;S;;03:34;00:17;SM;1;;226;123;45;1984;STRA 80;3;stra V;;L:\AudioToscana\stra V\George Benson - Nothing's Gonna Change My Love for you.wav;;;1
16929;1469;CLS;;Karma Chameleon;0;"CULTURE CLUB; BOY GEORGE";N;1;;;;;;N;S;;03:41;00:12;FF;3;;143;104;58;1983;STRA 80;3;ita V;;L:\AudioToscana\stra V\Culture Club - Karma Chameleon.wav;;;1
19940;15118;CLS;;La Sera Dei Miracoli;0;LUCIO DALLA;N;;;;;;;;I;;04:21;00:25;SR;1;;96;30;35;1980;ITA 80;3;ita V;;L:\AudioToscana\ita V\Lucio Dalla - La Sera Dei Miracoli.m4a;;;1
19974;15183;CLS;;Cavallo Bianco;0;MATIA BAZAR;B;;;;;;;;I;;04:30;00:17;JF;2;;102;64;57;1976;ITA 70;2;ita V;;L:\AudioToscana\ita V\Matia Bazar - Cavallo Bianco.wav;;;
23430;22686;CLS;;Dream A Little Dream Of Me;0;The Mamas & The Papas;N;2;;;;;;NO;S;;03:03;00:14;;;;43;43;40;1968;STRA 60;1;stra V;;L:\AudioToscana\stra V\The Mamas & The Papas - Dream a Little Dream of Me.m4a;;;
24039;23642;CLS;;Don't Stop Believin';0;JOURNEY;;;;;;;;;;;04:01;00:17;;;;15;8;49;1981;STRA 80;;;;L:\AudioToscana\stra V\Journey - Don't Stop Believin'.wav;;;
24202;23849;CLS;;Let Me In;0;MIKE FRANCIS;;;;;;;;;;;03:46;00:44;;;;15;15;44;2026;ITA V;;;;L:\AudioToscana\stra V\Mike Francis - Let Me In.wav;;;
2896;15;OLD;;Senza Averti Qui;0;"883; MAX PEZZALI";N;;;;;;;;I;;03:44;00:18;MM;2;;65;56;47;1995;ITA 90;4;ita V;;L:\AudioToscana\ita V\883 - Senza averti qui.wav;;;1
2958;70;OLD;;Donna Con Te;0;ANNA OXA;B;;;;;;;;I;;03:51;00:16;MS;2;;274;249;90;1990;ITA 90;3;ita V;;L:\AudioToscana\ita V\Anna Oxa - Donna Con Te.wav;;;1
2959;79;OLD;;Storie;0;ANNA OXA;N;;;;;;;;I;;04:18;00:18;FJ;3;;162;101;91;1997;ITA 90;4;ita V;;L:\AudioToscana\ita V\Anna Oxa - Storie.wav;;;1
2974;919;OLD;;Che Tesoro Che Sei;1;ANTONELLO VENDITTI;B;;;;;;;O;I;;05:03;00:30;SM;1;;285;113;69;1999;ITA 2000;5;ita V;;L:\AudioToscana\ita V\Antonello Venditti - Che tesoro che sei.wav;;;1
2998;2041;OLD;;Non Parli Mai;0;BIAGIO ANTONACCI;N;;;;;;;O;I;;03:41;00:13;SS;1;;281;117;76;1996;ITA 90;4;ita V;;L:\AudioToscana\ita V\Biagio Antonacci - Non parli mai.wav;;;1
3077;193;OLD;;Tu Vuoi L'america;0;EDOARDO BENNATO;N;;;;;;;;I;;04:24;00:15;MF;2;;224;103;83;1987;ITA 80;3;ita V;;L:\AudioToscana\ita V\Edoardo Bennato - Tu Vuoi L'America.wav;;;1
3085;2207;OLD;;Un'estate Italiana;1;"EDOARDO BENNATO - GIANNA NANNINI; EDOARDO BENNATO; GIANNA NANNINI";B;;;;;;;;I;;04:07;00:21;SF;2;;208;170;85;1987;ITA 90;3;ita V;;L:\AudioToscana\ita V\Edoardo Bennato & Gianna Nannini - Un'estate Italiana - E. Bennato & G. Nannini.wav;;;1
3135;962;OLD;;L'aurora;0;EROS RAMAZZOTTI;B;;;;;;;O;I;;04:23;00:15;SM;1;;215;215;103;1996;ITA 90;4;ita V;;L:\AudioToscana\ita V\Eros Ramazzotti - L'aurora.wav;;;1
3186;250;OLD;;Adelante! Adelante!;0;FRANCESCO DE GREGORI;N;;;;;;;;I;;03:10;00:11;RR;2;;197;88;82;1992;ITA 90;3;ita V;;L:\AudioToscana\ita V\Francesco De Gregori - Adelante! Adelante!.wav;;;1
3293;369;OLD;;Fuori;0;IRENE GRANDI;N;;;;;;;;I;;04:12;00:10;;3;;78;77;76;2005;ITA 90;;ita V;;L:\AudioToscana\ita V\Irene Grandi - Fuori.wav;;;2
3295;367;OLD;;Dolcissimo Amore;0;IRENE GRANDI;N;;;;;;;O;I;;03:56;00:22;SS;1;;233;123;72;1995;ITA 90;4;ita V;;L:\AudioToscana\ita V\Irene Grandi - Dolcissimo amore.wav;;;1
3335;1007;OLD;;La Solitudine;0;LAURA PAUSINI;N;L;;;;;;;I;;03:48;00:16;SS;1;;188;186;106;1993;ITA 90;3;ita V;;L:\AudioToscana\ita V\Laura Pausini - La Solitudine.wav;;;1
3341;1008;OLD;;Non C'è;0;LAURA PAUSINI;N;L;;;;;;;I;;04:19;00:19;SM;2;;196;195;101;1993;ITA 90;3;ita V;;L:\AudioToscana\ita V\Laura Pausini - Non C'e.wav;;;1
3353;405;OLD;;Hai Un Momento Dio?;0;LIGABUE;B;;;;;;;;I;;04:22;00:21;SS;2;;251;132;81;1995;ITA 90;4;ita V;;L:\AudioToscana\ita V\Ligabue - Hai Un Momento, Dio.wav;;;1
3360;4108;OLD;;Metti In Circolo Il Tuo Amore;0;LIGABUE;B;;;;;;;;I;;03:29;00:04;SS;1;;195;195;93;1998;ITA 90;4;ita V;;L:\AudioToscana\ita V\Ligabue - Metti In Circolo Il Tuo Amore.wav;;;1
3423;531;OLD;;Mediterraneo;0;MANGO;N;;;;;;;;I;;03:49;00:05;SM;2;;246;219;96;1992;ITA 90;3;ita V;;L:\AudioToscana\ita V\Mango - Mediterraneo.wav;;;1
3512;2054;OLD;;Sei Grande;0;NEK;N;;;;;;;;I;;03:50;00:12;MF;2;;207;122;80;1997;ITA 90;4;ita V;;L:\AudioToscana\ita V\Nek - Sei grande.wav;;;1
3571;656;OLD;;Se Mi Vuoi;1;"PINO DANIELE - IRENE GRANDI; PINO DANIELE; IRENE GRANDI";B;;;;;;;O;I;;03:01;00:15;SS;1;;230;229;102;1995;ITA 90;4;ita V;;L:\AudioToscana\ita V\Pino Daniele - Se Mi Vuoi.wav;;;1
3629;1120;OLD;;Sogna Ragazzo Sogna;0;ROBERTO VECCHIONI;N;;;;;;;;I;;03:47;00:34;MR;2;;221;188;79;1999;ITA 90;4;ita V;;L:\AudioToscana\ita V\Roberto Vecchioni - Sogna, Ragazzo, Sogna.wav;;;1
3675;4780;OLD;;Generazione Di Fenomeni;0;STADIO;N;;;;;;;;I;;03:15;00:15;MM;2;;158;83;77;1991;ITA 90;3;ita V;;L:\AudioToscana\ita V\Stadio - Generazione di fenomeni.wav;;;1
3694;861;OLD;;Un Tempo Piccolo;0;TIROMANCINO;N;;;;;;;O;I;;03:48;00:11;SS;1;;149;80;80;2005;ITA 2000;5;2005;;L:\AudioToscana\2005\Tiromancino - Un tempo piccolo.mp3;;;1
3714;1159;OLD;;Gli Altri Siamo Noi;0;UMBERTO TOZZI;N;;;;;;;;I;;04:49;00:27;MM;2;;257;255;91;1991;ITA 90;3;ita V;;L:\AudioToscana\ita V\Umberto Tozzi - Gli Altri Siamo Noi - Umberto Tozzi.wav;;;1
3732;1395;OLD;;Standing Ovation;0;VASCO ROSSI;N;;;;;;;;I;;04:19;00:11;MF;2;;65;22;116;2001;ITA 2000;5;ita V;;L:\AudioToscana\ita V\Vasco Rossi - Standing Ovation.wav;;;2
3733;1199;OLD;;Stupido Hotel;0;VASCO ROSSI;B;;;;;;;;I;;04:14;00:15;SF;2;;103;42;67;2001;ITA 2000;5;ita V;;L:\AudioToscana\ita V\Vasco Rossi - Stupido Hotel.wav;;;1
3787;2887;OLD;;Thank You;0;ALANIS MORISSETTE;N;;;;;;;;S;;04:00;00:12;SF;1;;161;6;60;2005;STRA 90;4;stra V;;L:\AudioToscana\stra V\Alanis Morissette - Thank U.wav;;;1
4197;2928;OLD;;Frozen;0;MADONNA;B;;;;;;;O;S;;04:53;00:36;SS;1;;219;105;75;1998;STRA 90;4;stra V;;L:\AudioToscana\stra V\Madonna - Frozen.wav;;;1
4211;6965;OLD;;Without You;1;"MARIAH CAREY; HARRY NILSSON";B;;;;;;;O;S;;03:02;00:07;SM;1;;210;151;84;1993;STRA 90;4;stra V;;L:\AudioToscana\stra V\Mariah Carey -  Without You.wav;;;1
4235;2504;OLD;;Moondance;0;MICHAEL BUBLE';N;;;;;;;;S;;03:42;00:12;JM;2;;189;189;96;2003;STRA 2000;5;stra V;;L:\AudioToscana\stra V\Michael Bublé - Moondance.wav;;;1
4236;2505;OLD;;Sway;0;MICHAEL BUBLE';N;;;;;;;;S;;03:04;00:14;FF;3;;127;44;52;2001;STRA 2000;5;stra V;;L:\AudioToscana\stra V\Michael Bublé - Sway.wav;;;1
4268;5329;OLD;;I Promise Myself;0;NICK KAMEN;N;1;;;;;;N;S;;03:24;00:10;MF;3;;250;149;74;1990;STRA 90;3;stra V;;L:\AudioToscana\stra V\Nick Kamen - I Promise Myself.mp3;;;1
4338;5294;OLD;;Californication;0;RED HOT CHILI PEPPERS;N;R;;;;;RHCP;;S;;05:11;00:21;MM;2;;69;22;45;1999;STRA 2000;5;stra V;;L:\AudioToscana\stra V\Red Hot Chili Peppers - Californication.wav;;;2
4350;4260;OLD;;Something Beautiful;0;Robbie Williams;N;Y;;;;;;;S;;03:55;00:03;MS;2;;148;54;73;1999;STRA 2000;5;stra V;;L:\AudioToscana\stra V\Robbie Williams - Something beautiful.wav;;;4
4352;3515;OLD;;Strong;0;Robbie Williams;N;;;;;;ROBBIE;;S;;03:51;00:23;SF;2;;71;37;59;1998;STRA 90;4;stra V;;L:\AudioToscana\stra V\Robbie Williams - Strong - Robbie Williams.wav;;;1
4363;3891;OLD;;Come Undone;0;Robbie Williams;N;;;;;;ROBBIE;O;S;;03:28;00:12;SM;2;;104;32;94;2002;STRA 2000;5;stra V;;L:\AudioToscana\stra V\Robbie Williams - Come Undone.wav;;;1
4542;3557;OLD;;Lucky Man;0;THE VERVE;N;;;;;;;;S;;03:56;00:55;MM;2;;239;239;101;1993;STRA 90;4;stra V;;L:\AudioToscana\stra V\The Verve - Lucky Man.wav;;;1
4557;5509;OLD;;Sing;0;TRAVIS;N;;;;;;;;S;;03:31;00:34;MM;2;;157;64;81;2001;STRA 2000;5;stra V;;L:\AudioToscana\stra V\Travis - Sing.wav;;;1
5239;2402;OLD;;My Heart Will Go On;0;CELINE DION;N;;;;;;;O;S;;04:30;00:20;SS;1;;253;247;102;1997;STRA 90;4;stra V;;L:\AudioToscana\stra V\Celine Dion - My Heart Will Go On - Celine Dion.wav;;;1
6680;3805;OLD;;Narcotic;0;LIQUIDO;N;R;;;;;;;S;;03:38;00:42;FF;3;;81;67;83;1998;STRA 90;4;stra V;;L:\AudioToscana\stra V\Liquido - Narcotic.wav;;;2
6923;7391;OLD;;I Want To Know What Love Is;1;"MARIAH CAREY; FOREIGNER";B;;;;;;;;S;;02:59;00:28;SM;1;;219;127;74;2009;2009;5;2009;;L:\AudioToscana\2009\Mariah Carey - I Want To Know What Love Is.wav;;;1
7005;552;OLD;;Dedicato A Te;0;MATIA BAZAR;N;;;;;;;;I;;04:17;00:18;MF;3;;68;41;78;1995;ITA 90;4;ita V;;L:\AudioToscana\ita V\Matia bazar - Dedicato a te.wav;;;2
7679;3202;OLD;;Heaven For Everyone;0;"QUEEN; FREDDIE MERCURY";N;3;;;;;;N;S;;03:57;00:42;SM;2;;130;130;103;1988;STRA 90;4;stra V;;L:\AudioToscana\stra V\Queen - Heaven For Everyone.wav;;;1
8481;3957;OLD;;Sonnet;0;THE VERVE;N;;;;;;;;S;;03:44;00:22;MF;2;;92;53;54;1997;STRA 90;5;stra V;;L:\AudioToscana\stra V\The Verve - Sonnet.wav;;;1
8660;1181;OLD;;Dillo Alla Luna;0;VASCO ROSSI;N;;;;;;;;I;;04:14;00:16;SF;2;;49;45;131;1989;ITA 80;3;ita V;;L:\AudioToscana\ita V\Vasco Rossi - Dillo alla Luna.wav;;;1
8790;2349;OLD;;Angel;0;AEROSMITH;N;3;;;;;;NO;S;;04:30;00:28;MF;1;;269;258;98;1987;STRA 90;3;stra V;;L:\AudioToscana\stra V\Aerosmith - Angel - Aerosmith.wav;;;1
8791;4979;OLD;;Lost In Love;0;AIR SUPPLY;N;3;;;;;;NO;S;;03:20;00:16;SM;2;;243;204;78;1980;STRA 90;3;stra V;;L:\AudioToscana\stra V\Air Supply - Lost In Love.wav;;;1
8792;2550;OLD;;Black Velvet;0;ALANNAH MYLES;N;3;;;;;;N;S;;03:40;00:23;MS;2;;260;223;72;1989;STRA 90;3;stra V;;L:\AudioToscana\stra V\Alannah Myles - Black Velvet.wav;;;1
8862;3025;OLD;;Sad Eyes;1;BRUCE SPRINGSTEEN;B;3;;;;;;NO;S;;03:07;00:21;SS;1;;289;281;85;1989;STRA 90;4;stra V;;L:\AudioToscana\stra V\Bruce Springsteen - Sad Eyes - Bruce Springsteen.wav;;;1
8875;5271;OLD;;The Shoop Shoop Song (it's In His Kiss);0;CHER;N;1;;;;;;N;S;;02:38;00:00;FF;3;;258;138;86;1990;STRA 90;3;stra V;;L:\AudioToscana\stra V\Cher - The Shoop Shoop Song (It's In His Kiss).wav;;;1
8876;5273;OLD;;Love And Understanding;0;CHER;N;2;;;;;;N;S;;04:39;00:23;FF;2;;244;131;89;1991;STRA 90;3;stra V;;L:\AudioToscana\stra V\Cher - Love And Understanding.wav;;;1
8884;6597;OLD;;Wicked Game;1;CHRIS ISAAK;B;2;;;;;;NO;S;;04:41;00:35;SS;1;;324;271;66;1989;STRA 90;3;stra V;;L:\AudioToscana\stra V\Chris Isaak - Wicked Game.wav;;;1
8895;2417;OLD;;Mmm Mmm Mmm Mmm;0;CRASH TEST DUMMIES;N;3;;;;;;NO;S;;03:23;00:11;SM;1;;308;293;83;1993;STRA 90;4;stra V;;L:\AudioToscana\stra V\Crash Test Dummies - Mmm Mmm Mmm Mmm.wav;;;1
8919;1490;OLD;;Don't Look Any Further;0;DENNIS EDWARDS;N;2;;;;;;N;S;;03:27;00:39;MM;;;159;68;55;1984;STRA 90;3;stra V;;L:\AudioToscana\stra V\Dennis Edwards - Don't Look Any Further.wav;;;1
8940;2446;OLD;;Come Undone;0;DURAN DURAN;N;;;;;;;;S;;03:47;00:44;SM;1;;170;73;83;1993;STRA 90;4;stra V;;L:\AudioToscana\stra V\Duran Duran - Come Undone.wav;;;1
8955;8443;OLD;;A Word In Spanish;1;ELTON JOHN;N;2;;;;;;N;S;;04:03;00:12;MM;2;;147;58;85;1988;STRA 80;3;stra V;;L:\AudioToscana\stra V\Elton John - A Word In Spanish.wav;;;1
8958;5282;OLD;;The One;0;ELTON JOHN;B;2;;;;;;NO;S;;04:51;00:26;SM;2;;224;213;98;1992;STRA 90;4;stra V;;L:\AudioToscana\stra V\Elton John - The One.wav;;;1
8973;5063;OLD;;Tears In Heaven;0;ERIC CLAPTON;N;L3;;;;;;NO;S;;04:25;00:14;SS;1;;256;146;84;1990;STRA 90;3;stra V;;L:\AudioToscana\stra V\Eric Clapton - Tears in Heaven.wav;;;1
8977;2690;OLD;;Don't Ask Me Why;0;"EURYTHMICS; ANNIE LENNOX; DAVE STEWART";B;2;;;;;;N;S;;03:59;00:18;MF;2;;250;206;80;1989;STRA 90;3;stra V;;L:\AudioToscana\stra V\Eurythmics - Don't Ask Me Why.wav;;;1
9041;1606;OLD;;Insensitive;0;JANN ARDEN;N;2;;;;;;NO;S;;04:08;00:25;MS;2;;259;210;75;1994;STRA 90;3;stra V;;L:\AudioToscana\stra V\Jann Arden - Insensitive.wav;;;1
9109;2931;OLD;;I'll Remember;0;MADONNA;B;2;;;;;;NO;S;;03:17;00:23;SF;2;;252;249;105;1994;STRA 90;4;stra V;;L:\AudioToscana\stra V\Madonna - I'll Remember (Theme From The Motion Picture With Honors) - Madonna.wav;;;1
9113;2948;OLD;;Take A Bow;0;MADONNA;B;2;;;;;;NO;S;;05:00;00:33;SS;1;;229;141;70;1994;STRA 90;3;stra V;;L:\AudioToscana\stra V\Madonna - Take A Bow.wav;;;1
9115;2937;OLD;;Live To Tell;0;MADONNA;B;2;;;;;;NO;S;;04:16;00:53;SM;1;;244;199;94;1986;STRA 80;3;stra V;;L:\AudioToscana\stra V\Madonna - Live To Tell - Madonna.wav;;;1
9119;2926;OLD;;Crazy For You;0;MADONNA;B;2;;;;;;NO;S;;03:26;00:23;SM;1;;232;215;95;1985;STRA 80;34;stra V;;L:\AudioToscana\stra V\Madonna - Crazy For You - Madonna-1.wav;;;1
9137;2786;OLD;;Earth Song;0;MICHAEL JACKSON;B;;;;;;;NO;S;;03:12;00:47;SS;1;;284;249;104;1995;STRA 90;4;stra V;;L:\AudioToscana\stra V\Michael Jackson - Earth Song.wav;;;1
9209;2517;OLD;;Everyday;0;PHIL COLLINS;N;2;;;;;;NO;S;;03:51;01:06;MS;2;;174;103;75;1993;STRA 90;4;stra V;;L:\AudioToscana\stra V\Phil Collins - Everyday.wav;;;1
9210;4554;OLD;;You'll Be In My Heart;0;PHIL COLLINS;N;2;;;;;;NO;S;;04:07;00:11;SM;2;;215;124;94;1999;STRA 90;4;stra V;;L:\AudioToscana\stra V\Phil Collins & Mark Mancina - You'll Be In My Heart.wav;;;1
9216;3186;OLD;;The Most Beautiful Girl In The World;0;PRINCE;N;2;;;;;;NO;S;;03:13;00:16;MF;2;;300;262;90;1994;STRA 90;4;stra V;;L:\AudioToscana\stra V\Prince - The Most Beautiful Girl In The World.wav;;;1
9222;3208;OLD;;Innuendo;0;"QUEEN; FREDDIE MERCURY";B;R3;;;;;;N;S;;06:14;00:46;FF;2;;140;111;102;1991;STRA 90;4;stra V;;L:\AudioToscana\stra V\Queen - Innuendo - Queen.wav;;;1
9224;3228;OLD;;Too Much Love Will Kill You;1;"QUEEN; FREDDIE MERCURY";B;2;;;;;;NO;S;;04:11;00:12;SS;2;;164;150;77;1995;STRA 90;4;stra V;;L:\AudioToscana\stra V\Queen - Too Much Love Will Kill You.wav;;;1
9227;5129;OLD;;Creep;0;RADIOHEAD;B;3;;;;;;N;S;;03:50;00:19;SS;;;168;89;42;1992;STRA 90;4;stra V;;L:\AudioToscana\stra V\Radiohead - Creep.wav;;;1
9238;3244;OLD;;Daysleeper;0;REM;N;2;;;;;;O;S;;03:12;00:16;SS;1;;204;92;90;1998;STRA 90;4;stra V;;L:\AudioToscana\stra V\R.E.M. - Daysleeper - R.E.M..wav;;;1
9239;2117;OLD;;Everybody Hurts;0;REM;N;2;;;;;;NO;S;;04:44;00:17;SM;1;;272;251;89;1992;STRA 90;4;stra V;;L:\AudioToscana\stra V\Rem - Everybody Hurts.wav;;;1
9240;1752;OLD;;Angelia;0;RICHARD MARX;N;2;;;;;;NO;S;;04:28;00:22;SM;2;;286;272;95;1989;STRA 90;3;stra V;;L:\AudioToscana\stra V\Richard Marx - Angelia.wav;;;1
9246;3277;OLD;;This Old Heart Of Mine;0;ROD STEWART;N;2;;;;;;N;S;;03:29;00:17;FF;2;;244;202;81;1989;STRA 90;3;stra V;;L:\AudioToscana\stra V\Rod Stewart - This Old Heart Of Mine - Rod Stewart With Ronald Isley.wav;;;1
9247;3261;OLD;;All For Love;0;"ROD STEWART - BRYAN ADAMS - STING; ROD STEWART; BRYAN ADAMS; STING";N;2;;;;;;NO;S;;04:29;00:05;SS;1;;147;132;129;1993;STRA 90;4;stra V;;L:\AudioToscana\stra V\Rod Stewart - All For Love (With Bryan Adams & Sting).wav;;;1
9250;3293;OLD;;Listen To Your Heart;1;ROXETTE;B;2;;;;;;NO;S;;03:55;00:23;SS;1;;305;274;80;1988;STRA 80;4;stra V;;L:\AudioToscana\stra V\Roxette - Listen To Your Heart.wav;;;1
9293;2880;OLD;;You'll Follow Me Down;0;SKUNK ANANSIE;N;;;;;;;;S;;03:20;00:09;SS;1;;256;256;110;1999;STRA 90;4;stra V;;L:\AudioToscana\stra V\Skunk Anansie - You'll follow me down.wav;;;1
9388;5277;OLD;;I'll Stand By You;1;THE PRETENDERS;B;3;;;;;;N;S;;03:33;00:09;SM;1;;327;258;71;1994;STRA 90;4;stra V;;L:\AudioToscana\stra V\The Pretenders - I'll stand by you.wav;;;1
9404;2577;OLD;;Cornflake Girl;0;TORI AMOS;N;2;;;;;;N;S;;05:01;00:21;MF;2;;283;232;69;1994;STRA 90;3;stra V;;L:\AudioToscana\stra V\Tori Amos - Cornflake Girl.wav;;;1
9419;5905;OLD;;Joe Le Taxi;0;VANESSA PARADIS;N;1;;;;;;N;S;;03:12;00:29;MM;2;;181;99;75;1987;STRA 80;3;stra V;;L:\AudioToscana\stra V\Vanessa Paradis - Joe le taxi.wav;;;1
9440;4704;OLD;;I Will Always Love You;0;WHITNEY HOUSTON;N;2;;;;;;NO;S;;04:28;00:01;SS;1;;256;167;79;1992;STRA 90;4;stra V;;L:\AudioToscana\stra V\Whitney Houston - I Will Always Love You.wav;;;1
9562;5136;OLD;;Circle;0;EDIE BRICKELL;N;3;;;;;;N;S;;03:07;00:24;SS;1;;206;76;56;1988;STRA 80;3;stra V;;L:\AudioToscana\stra V\Edie Brickell and New Bohemians - Circle.wav;;;1
9648;1622;OLD;;Missing You;0;JOHN WAITE;B;3;;;;;;NO;S;;03:16;00:20;MR;2;;310;168;68;1984;STRA 80;3;stra V;;L:\AudioToscana\stra V\John Waite - Missing you.wav;;;1
9682;2518;OLD;;I Wish It Would Rain Down;0;PHIL COLLINS;N;3;;;;;;NO;S;;05:08;00:33;MS;1;;159;41;57;1989;STRA 80;3;stra V;;L:\AudioToscana\stra V\Phil Collins - I Wish It Would Rain Down - Phil Collins.wav;;;1
9702;3206;OLD;;I Was Born To Love You;0;"QUEEN; FREDDIE MERCURY";B;3;;;;;;N;S;;03:41;00:11;MR;3;;111;64;76;1995;STRA 80;3;stra V;;L:\AudioToscana\stra V\Queen - I Was Born To Love You.wav;;;1
9749;3414;OLD;;Englishman In New York;0;STING;B;3;;;;;;N;S;;04:04;00:20;MR;2;;289;239;99;1987;STRA 80;34;stra V;;L:\AudioToscana\stra V\Sting - Englishman In New York - Sting.wav;;;1
9846;8;OLD;;Io Ci Sarò;0;"883; MAX PEZZALI";N;;;;;;;O;I;;04:19;00:25;MS;2;;164;78;78;1998;ITA 90;4;ita V;;L:\AudioToscana\ita V\883 - Io ci sarò.wav;;;1
9848;16;OLD;;Una Canzone D'amore;0;"883; MAX PEZZALI";B;;;;;;;O;I;;05:26;00:24;SS;2;;281;147;71;1995;ITA 90;4;ita V;;L:\AudioToscana\ita V\883 - Una canzone d'amore.wav;;;1
9849;6;OLD;;Grazie Mille;0;"883; MAX PEZZALI";N;;;;;;;O;I;;03:49;00:13;MS;3;;175;92;79;1999;ITA 2000;5;ita V;;L:\AudioToscana\ita V\883 - Grazie Mille.wav;;;1
9852;3;OLD;;Come Deve Andare;0;"883; MAX PEZZALI";N;;;;;;;O;I;;04:27;00:00;SS;2;;187;92;76;2001;ITA 2000;5;ita V;;L:\AudioToscana\ita V\883 - Come Deve Andare.wav;;;1
9853;12;OLD;;Nessun Rimpianto;0;"883; MAX PEZZALI";N;;;;;;;O;I;;04:05;00:19;SM;1;;206;113;69;1998;ITA 90;4;ita V;;L:\AudioToscana\ita V\883 - Nessun rimpianto.wav;;;1
9856;5346;OLD;;Andrà Tutto Bene;0;"883; MAX PEZZALI";N;;;;;;;O;I;;04:08;00:21;SS;2;;161;76;75;1998;ITA 2000;5;ita V;;L:\AudioToscana\ita V\883 - Andrà tutto bene.wav;;;1
9857;5347;OLD;;Ti Sento Vivere;0;"883; MAX PEZZALI";N;;;;;;;O;I;;03:45;00:16;SS;2;;164;76;74;1995;ITA 90;4;ita V;;L:\AudioToscana\ita V\883 - Ti sento vivere.wav;;;1
9858;4;OLD;;Come Mai;0;"883; MAX PEZZALI";B;;;;;;;O;I;;04:07;00:13;SS;2;;308;307;97;1993;ITA 90;4;ita V;;L:\AudioToscana\ita V\883 - Come mai.wav;;;1
9887;41;OLD;;La Distanza Di Un Amore;0;ALEX BARONI;N;;;;;;;O;I;;03:50;00:11;FF;3;;217;103;73;2002;ITA 2000;5;ita V;;L:\AudioToscana\ita V\Alex Baroni - La distanza di un amore.wav;;;1
9889;40;OLD;;Cambiare;1;ALEX BARONI;B;;;;;;;O;I;;04:05;00:00;SS;1;;348;338;74;1997;ITA 90;4;ita V;;L:\AudioToscana\ita V\Alex Baroni - cambiare.wav;;;1
9910;59;OLD;;Con Te Partirò;0;ANDREA BOCELLI;N;L;;;;;;O;I;;04:06;00:25;SS;1;;230;98;69;1995;ITA 90;4;ita V;;L:\AudioToscana\ita V\Andrea Bocelli - Con Te Partirò.wav;;;1
9925;1400;OLD;;Amore Lontanissimo;0;"ANTONELLA RUGGIERO; MATIA BAZAR";N;;;;;;;O;I;;04:05;00:16;SS;2;;222;192;88;1997;ITA 90;4;ita V;;L:\AudioToscana\ita V\Antonella Ruggiero - Amore lontanissimo.wav;;;1
9944;4311;OLD;;Mitico Amore;0;ANTONELLO VENDITTI;N;;;;;;;O;I;;02:59;00:31;SS;1;;141;130;96;1988;ITA 80;3;ita V;;L:\AudioToscana\ita V\Antonello Venditti - Mitico Amore.wav;;;1
9954;88;OLD;;Io Ho Te;0;AUDIO 2;N;;;;;;;O;I;;04:17;00:08;SS;1;;290;278;90;1995;ITA 90;4;ita V;;L:\AudioToscana\ita V\Audio 2 - Io Ho Te.wav;;;1
9967;109;OLD;;Se Io, Se Lei;0;BIAGIO ANTONACCI;N;;;;;;;O;I;;04:40;00:21;SS;1;;257;249;84;1994;ITA 90;4;ita V;;L:\AudioToscana\ita V\Biagio Antonacci - Se Io, Se Lei.wav;;;1
9968;108;OLD;;Ritorno Ad Amare;0;BIAGIO ANTONACCI;N;;;;;;ANTONACCI;O;I;;03:53;00:03;SS;2;;103;49;72;2002;ITA 2000;5;ita V;;L:\AudioToscana\ita V\Biagio Antonacci - Ritorno Ad Amare.wav;;;1
9975;4117;OLD;;Noi Non Ci Facciamo Compagnia;0;BIAGIO ANTONACCI;N;;;;;;;O;I;;04:04;00:14;SS;1;;171;73;78;2004;ITA 2000;5;ita V;;L:\AudioToscana\ita V\Biagio Antonacci - Noi non ci facciamo compagnia.wav;;;1
9976;110;OLD;;Se È Vero Che Ci Sei;0;BIAGIO ANTONACCI;N;;;;;;;O;I;;04:29;00:24;SS;1;;142;106;86;2011;ITA 90;4;ita V;;L:\AudioToscana\ita V\Biagio Antonacci - Se è Vero Che Ci Sei.wav;;;1
10077;954;OLD;;Ti Avrò;1;ENRICO RUGGERI;B;;;;;;;O;I;;04:42;00:03;SS;2;;313;298;83;1990;ITA 90;4;ita V;;L:\AudioToscana\ita V\Enrico Ruggeri - Ti avrò.wav;;;1
10107;975;OLD;;Un Angelo Non È;0;EROS RAMAZZOTTI;N;;;;;;;O;I;;04:20;00:26;SS;1;;129;40;66;2000;ITA 2000;5;ita V;;L:\AudioToscana\ita V\Eros Ramazzotti - Un angelo non è.wav;;;1
10159;2144;OLD;;Finalmente Tu;0;FIORELLO;N;;;;;;;O;I;;04:22;00:17;SS;1;;265;251;77;1995;ITA 90;4;ita V;;L:\AudioToscana\ita V\Fiorello - Finalmente Tu.wav;;;1
10168;8586;OLD;;Sempre E Per Sempre;1;FRANCESCO DE GREGORI;B;;;;;;;O;I;;03:13;00:10;SS;1;;271;117;68;2001;ITA 2000;5;ita V;;L:\AudioToscana\ita V\Francescp De Gregori - Sempre e per sempre.wav;;;1
10173;8042;OLD;;Giulia;0;FRANCESCO NUTI;N;;;;;;;O;I;;04:27;00:26;SM;1;;163;84;83;1988;ITA 80;3;ita V;;L:\AudioToscana\ita V\Francesco Nuti - Giulia.wav;;;1
10184;2143;OLD;;Raccontami;0;FRANCESCO RENGA;N;;;;;;;O;I;;03:22;00:14;SS;1;;256;81;70;2001;ITA 2000;5;ita V;;L:\AudioToscana\ita V\Francesco Renga - Raccontami.wav;;;1
10207;988;OLD;;Un Qualunque Posto Fuori O Dentro Di Te;1;GATTO PANCERI;B;;;;;;;O;I;;04:18;00:12;SS;2;;343;336;76;1992;ITA 90;4;ita V;;L:\AudioToscana\ita V\Gatto Panceri - Un Qualunque Posto Fuori O Dentro Di Te.wav;;;1
10225;308;OLD;;Sorridi;0;GIANNA NANNINI;B;;;;;;;O;I;;03:33;00:34;MS;2;;282;276;88;1990;ITA 90;4;ita V;;L:\AudioToscana\ita V\Gianna Nannini - Sorridi - Gianna Nannini.wav;;;1
10231;4309;OLD;;Amandoti;0;GIANNA NANNINI;N;;;;;;;O;I;;03:35;00:07;SM;1;;234;98;68;2004;ITA 2000;5;ita V;;L:\AudioToscana\ita V\Gianna Nannini - Amandoti.wav;;;1
10252;319;OLD;;In Amore;0;GIANNI MORANDI;N;;;;;;;O;I;;03:48;00:14;SS;2;;252;238;85;1995;ITA 90;4;ita V;;L:\AudioToscana\ita V\Gianni Morandi - In amore.wav;;;1
10269;351;OLD;;Strano Il Mio Destino;0;GIORGIA;B;;;;;;;O;I;;03:51;00:14;SS;1;;276;274;98;1996;ITA 90;4;ita V;;L:\AudioToscana\ita V\Giorgia - Strano Il Mio Destino.wav;;;1
10271;340;OLD;;E Poi;1;GIORGIA;B;;;;;;;O;I;;04:21;00:00;SS;1;;269;267;97;2002;ITA 90;4;ita V;;L:\AudioToscana\ita V\Giorgia - E Poi - Giorgia.wav;;;1
10275;336;OLD;;Come Saprei;1;GIORGIA;B;;;;;;;O;I;;04:51;00:16;SS;1;;280;280;102;2019;ITA 90;4;ita V;;L:\AudioToscana\ita V\Giorgia - Come Saprei - Giorgia.wav;;;1
10307;393;OLD;;Per Te;0;JOVANOTTI;N;;;;;;;O;I;;04:34;00:24;SM;2;;257;255;95;1999;ITA 90;4;ita V;;L:\AudioToscana\ita V\Jovanotti - Per te.wav;;Jovanotti - Per te.wav;1
10317;388;OLD;;Io Ti Cerchero';0;JOVANOTTI;N;;;;;;;O;I;;04:09;00:28;SS;1;;185;179;82;1994;ITA 90;3;ita V;;L:\AudioToscana\ita V\Jovanotti - Io Ti Cerchero'.wav;;;1
10329;6967;OLD;;Le Cose Che Vivi;0;LAURA PAUSINI;N;;;;;;;O;I;;03:49;00:14;SM;2;;170;116;75;1996;ITA 90;4;ita V;;L:\AudioToscana\ita V\Laura Pausini - Le cose che vivi.wav;;;1
10330;4491;OLD;;E Ritorno Da Te;0;LAURA PAUSINI;B;;;;;;;O;I;;03:51;00:12;SS;2;;301;300;92;2001;ITA 2000;5;ita V;;L:\AudioToscana\ita V\Laura Pausini - E ritorno da te.wav;;;1
10339;1009;OLD;;Strani Amori;0;LAURA PAUSINI;N;L;;;;;;O;I;;04:04;00:26;SS;2;;206;202;90;1993;ITA 90;3;ita V;;L:\AudioToscana\ita V\Laura Pausini - Strani Amori.wav;;;1
10340;1005;OLD;;Incancellabile;0;LAURA PAUSINI;N;L;;;;;;O;I;;03:36;00:14;SS;1;;253;253;106;1996;ITA 90;4;ita V;;L:\AudioToscana\ita V\Laura Pausini - Incancellabile - Laura Pausini.wav;;;1
10345;1001;OLD;;Ascolta Il Tuo Cuore;0;LAURA PAUSINI;N;;;;;;;O;I;;04:15;00:22;SM;2;;280;280;99;1996;ITA 90;4;ita V;;L:\AudioToscana\ita V\Laura Pausini - Ascolta il tuo cuore - Laura Pausini.wav;;;1
10346;5159;OLD;;In Assenza Di Te;0;LAURA PAUSINI;N;;;;;;;O;I;;04:06;00:18;SM;2;;163;122;85;1998;ITA 90;4;ita V;;L:\AudioToscana\ita V\Laura Pausini - In assenza di te.wav;;;1
10355;419;OLD;;Voglio Volere;0;LIGABUE;B;;;;;;;O;I;;04:06;00:15;SF;2;;160;86;67;2002;ITA 2000;5;ita V;;L:\AudioToscana\ita V\ligabue - voglio volere.wav;;;1
10358;412;OLD;;Sarà Un Bel Souvenir;0;LIGABUE;N;;;;;;;O;I;;04:20;00:37;SS;1;;133;122;70;1991;ITA 90;3;ita V;;L:\AudioToscana\ita V\Ligabue - sarà un bel souvenir.wav;;;1
10362;6239;OLD;;Sogni Di R&r;0;LIGABUE;N;;;;;;;O;I;;03:50;00:00;SS;1;;156;153;97;1997;ITA 90;3;ita V;;L:\AudioToscana\ita V\Ligabue - Sogni Di R'N'R.wav;;;1
10373;6468;OLD;;Viva;0;LIGABUE;N;;;;;;;O;I;;03:35;00:06;SS;1;;194;100;86;2007;ITA 90;4;ita V;;L:\AudioToscana\ita V\Ligabue - Viva!.wav;;;1
10427;498;OLD;;Apriti Cuore;0;LUCIO DALLA;N;;;;;;;O;I;;04:43;00:26;SF;1;;226;217;91;1990;ITA 90;3;ita V;;L:\AudioToscana\ita V\Lucio Dalla - Apriti cuore.wav;;;1
10436;523;OLD;;Vorrei;0;"LUNAPOP; CESARE CREMONINI";N;;;;;;;O;I;;02:15;00:22;SS;1;;189;156;84;1999;ITA 90;4;ita V;;L:\AudioToscana\ita V\Luna Pop - Vorrei.wav;;;1
10442;7046;OLD;;La Prima Cosa Bella;0;MALIKA AYANE;N;;;;;;;O;I;;03:28;00:14;SS;1;;318;315;95;2010;2010;6;2010;;L:\AudioToscana\2010\Malika Ayane - La prima cosa bella.wav;;;1
10447;527;OLD;;Come Monna Lisa;0;MANGO;B;;;;;;;O;I;;04:26;00:28;MF;2;;289;254;84;1990;ITA 90;3;ita V;;L:\AudioToscana\ita V\Mango - Come Monna Lisa.wav;;;1
10449;524;OLD;;Amore Per Te;1;MANGO;B;;;;;;;O;I;;03:45;00:25;SM;1;;319;316;91;2005;ITA 2000;5;ita V;;L:\AudioToscana\ita V\Mango - Amore per te.wav;;;1
10452;1381;OLD;;La Rondine;0;MANGO;N;;;;;;;O;I;;03:57;00:32;FM;2;;259;166;71;2002;ITA 2000;5;ita V;;L:\AudioToscana\ita V\Mango - La Rondine.wav;;;1
10463;542;OLD;;T'innamorerai;1;MARCO MASINI;B;;;;;;;O;I;;04:43;00:26;SS;1;;335;329;87;1992;ITA 90;3;ita V;;L:\AudioToscana\ita V\Marco Masini - T'Innamorerai.wav;;;1
10479;549;OLD;;Se Adesso Te Ne Vai;0;MASSIMO DI CATALDO;N;;;;;;;O;I;;03:55;00:13;SS;1;;267;166;82;2001;ITA 90;4;ita V;;L:\AudioToscana\ita V\Massimo Di Cataldo - Se Adesso Te Ne Vai.wav;;;1
10482;2154;OLD;;Brivido Caldo;0;MATIA BAZAR;N;;;;;;;O;I;;04:01;00:12;SS;2;;154;70;93;1999;ITA 2000;5;ita V;;L:\AudioToscana\ita V\Matia Bazar - Brivido Caldo.wav;;;1
10484;2155;OLD;;Messaggio D'amore;0;MATIA BAZAR;N;;;;;;;O;I;;04:01;00:16;SS;2;;172;79;80;2002;ITA 2000;5;ita V;;L:\AudioToscana\ita V\Matia Bazar - Messaggio D'Amore.wav;;;1
10512;1021;OLD;;Cinque Giorni;1;MICHELE ZARRILLO;B;;;;;;;O;I;;03:59;00:15;SS;1;;316;307;82;1994;ITA 90;4;ita V;;L:\AudioToscana\ita V\Michele Zarrillo - Cinque Giorni - Michele Zarrillo.wav;;;1
10517;575;OLD;;Se Tu Non Torni;1;MIGUEL BOSE';B;;;;;;SE TU NON TORNI;O;I;;04:11;00:16;SS;1;;216;210;70;1995;ITA 90;4;ita V;;L:\AudioToscana\ita V\Miguel Bosé - Se Tu Non Torni.wav;;;1
10521;592;OLD;;Grande Amore;0;MINA;N;;;;;;;O;I;;03:56;00:15;SF;2;;115;81;115;1999;ITA 90;4;ita V;;L:\AudioToscana\ita V\Mina - Grande Amore.wav;;;1
10546;577;OLD;;Brivido Felino;0;"MINACELENTANO; MINA; ADRIANO CELENTANO";N;;;;;;;O;I;;03:30;00:16;SS;2;;196;184;97;1998;ITA 90;4;ita V;;L:\AudioToscana\ita V\Mina & Celentano - Brivido felino - Mina & Celentano.wav;;;1
10578;624;OLD;;Scrivimi;0;NINO BUONOCORE;N;L;;;;;;O;I;;03:45;00:07;SS;1;;296;287;82;1990;ITA 90;3;ita V;;L:\AudioToscana\ita V\Nino Buonocore - Scrivimi.wav;;;1
10595;1031;OLD;;Rossetto E Cioccolato;0;ORNELLA VANONI;N;;;;;;;O;I;;03:53;00:16;SF;2;;318;309;90;1995;ITA 90;4;ita V;;L:\AudioToscana\ita V\Ornella Vanoni - Rossetto E Cioccolato.wav;;;1
10623;657;OLD;;Tempo Di Cambiare;1;"PINO DANIELE - GIORGIA; PINO DANIELE; GIORGIA";B;;;;;;;O;I;;04:10;00:16;SS;2;;181;162;77;2001;ITA 2000;5;ita V;;L:\AudioToscana\ita V\Pino Daniele - Tempo Di Cambiare.wav;;;1
10628;6567;OLD;;Stare Bene A Metà;1;PINO DANIELE;B;;;;;;;O;I;;03:06;00:00;SS;1;;285;285;96;1997;ITA 90;4;ita V;;L:\AudioToscana\ita V\Pino Daniele - Stare Bene A Metà.wav;;;1
10649;1053;OLD;;La Donna Del Mio Amico;1;POOH;B;;;;;;;O;I;;04:52;00:26;SS;1;;299;293;87;1996;ITA 90;4;ita V;;L:\AudioToscana\ita V\Pooh - La Donna Del Mio Amico.wav;;;1
10668;1069;OLD;;Dentro Ai Tuoi Occhi;0;RAF;N;;;;;;;O;I;;04:10;00:21;SM;2;;224;217;88;1995;ITA 90;4;ita V;;L:\AudioToscana\ita V\Raf - Dentro Ai Tuoi Occhi.wav;;;1
10669;1077;OLD;;Stai Con Me;1;RAF;B;;;;;;;O;I;;04:16;00:12;SS;1;;295;293;95;1993;ITA 90;4;ita V;;L:\AudioToscana\ita V\Raf - Stai Con Me.wav;;;1
10683;1101;OLD;;Nei Giardini Che Nessuno Sa;0;RENATO ZERO;B;;;;;;;O;I;;05:06;00:14;SM;1;;270;269;99;1994;ITA 90;4;ita V;;L:\AudioToscana\ita V\renato zero - nei giardini che nessuno sa.wav;;;1
10692;4882;OLD;;Magari;0;RENATO ZERO;B;;;;;;;O;I;;04:25;00:39;SS;1;;206;75;68;2003;ITA 2000;5;ita V;;L:\AudioToscana\ita V\Renato Zero - Magari.wav;;;1
10727;7966;OLD;;Chiamami Ancora Amore (sanremo Big);0;ROBERTO VECCHIONI;B;;;;;;;O;I;;04:05;00:06;SS;1;;297;136;72;2011;SANREMO 2011;6;2011;;L:\AudioToscana\2011\Roberto Vecchioni - Chiamami ancora amore.wav;;;1
10748;2315;OLD;;Pregherei;0;SCIALPI;N;;;;;;;O;I;;03:59;00:09;SM;2;;185;97;69;1988;ITA 80;3;ita V;;L:\AudioToscana\ita V\Scialpi e Scarlet - Pregherei.wav;;;1
10749;700;OLD;;Tutto Quello Che Un Uomo;0;SERGIO CAMMARIERE;B;;;;;;;O;I;;04:03;00:02;SS;1;;330;109;63;2001;ITA 2000;5;ita V;;L:\AudioToscana\ita V\Sergio Cammariere - Tutto Quello Che Un Uomo.wav;;;1
10754;1136;OLD;;E Io Penso A Te;0;SPAGNA;N;;;;;;;O;I;;03:55;00:29;SS;1;;174;49;54;1996;ITA 90;4;ita V;;L:\AudioToscana\ita V\Spagna - E io penso a te.wav;;;1
10755;1138;OLD;;Il Cerchio Della Vita;0;SPAGNA;N;;;;;;;O;I;;04:26;00:36;SS;1;;264;251;80;1994;ITA 90;4;ita V;;L:\AudioToscana\ita V\Spagna - Il cerchio della vita - Spagna.wav;;;1
10756;1137;OLD;;Gente Come Noi;0;SPAGNA;N;;;;;;;O;I;;04:01;00:11;SS;2;;286;274;90;1995;ITA 90;4;ita V;;L:\AudioToscana\ita V\Spagna - Gente come noi - Spagna.wav;;;1
10761;1149;OLD;;Mi Manchi Già;0;STADIO;N;;;;;;;O;I;;03:58;00:26;SS;1;;209;199;100;1995;ITA 90;4;ita V;;L:\AudioToscana\ita V\Stadio - Mi Manchi Già.wav;;;1
10770;4781;OLD;;Ballando Al Buio;0;STADIO;N;;;;;;;O;I;;03:30;00:37;SS;1;;260;260;92;1995;ITA 90;4;ita V;;L:\AudioToscana\ita V\Stadio - Ballando Al Buio.wav;;;1
10771;2166;OLD;;Lo Zaino;0;STADIO;N;;;;;;;O;I;;03:46;00:25;SS;2;;189;180;89;1999;ITA 90;4;ita V;;L:\AudioToscana\ita V\Stadio - Lo zaino.wav;;;1
10774;4778;OLD;;Universi Sommersi;0;STADIO;N;;;;;;;O;I;;04:44;00:15;SS;1;;150;138;75;1999;ITA 90;3;ita V;;L:\AudioToscana\ita V\Stadio - Universi Sommersi.wav;;;1
10775;1151;OLD;;Ti Mando Un Bacio;0;STADIO;B;;;;;;;O;I;;04:13;00:26;SS;2;;292;145;67;1997;ITA 90;4;ita V;;L:\AudioToscana\ita V\Stadio - Ti mando un bacio.wav;;;1
10780;1153;OLD;;Un Volo D'amore;0;STADIO;N;;;;;;;O;I;;04:00;00:26;SM;2;;223;107;97;1997;ITA 90;4;ita V;;L:\AudioToscana\ita V\Stadio - Un volo d'amore.wav;;;1
10812;298;OLD;;Ed Ero Contentissimo;0;TIZIANO FERRO;B;;;;;;;O;I;;04:04;00:19;SS;1;;262;84;65;2006;2006;5;2006;;L:\AudioToscana\2006\Tiziano Ferro - Ed Ero Contentissimo.wav;;;1
10845;1203;OLD;;Una Nuova Canzone Per Lei;0;VASCO ROSSI;N;;;;;;;O;I;;02:37;00:10;SM;2;;52;24;79;1985;ITA 80;3;ita V;;L:\AudioToscana\ita V\Vasco Rossi - Una Nuova Canzone Per Lei.wav;;;1
10854;1170;OLD;;Stupendo;0;VASCO ROSSI;B;;;;;;;O;I;;05:13;00:34;SF;2;;149;125;111;1992;ITA 90;4;ita V;;L:\AudioToscana\ita V\Vasco Rossi - ......Stupendo.wav;;;1
10862;1236;OLD;;Puro Amore;0;ZUCCHERO;N;;;;;;;O;I;;03:09;00:12;SF;1;;166;93;92;1998;ITA 90;4;ita V;;L:\AudioToscana\ita V\Zucchero - Puro Amore - Zucchero.wav;;;1
10863;1231;OLD;;Menta E Rosmarino;0;ZUCCHERO;N;;;;;;;O;I;;04:41;00:37;SM;1;;192;98;75;1997;ITA 90;4;ita V;;L:\AudioToscana\ita V\Zucchero - Menta E Rosmarino - Zucchero.wav;;;1
10879;1230;OLD;;Madre Dolcissima;1;ZUCCHERO;B;;;;;;;O;I;;04:12;01:01;MF;1;;256;225;88;1989;ITA 80;4;ita V;;L:\AudioToscana\ita V\Zucchero - Madre Dolcissima - Zucchero.wav;;;1
10881;1225;OLD;;Dune Mosse;0;ZUCCHERO;N;;;;;;;O;I;;04:27;00:17;SS;1;;106;73;83;1987;ITA 80;3;ita V;;L:\AudioToscana\ita V\Zucchero - Dune Mosse.wav;;;1
10892;6613;OLD;;Chasing Pavements;0;ADELE;N;;;;;;;O;S;;03:26;00:07;SS;1;;191;69;88;2008;2008;5;2008;;L:\AudioToscana\2008\ADELE - Chasing Pavements.wav;;;1
10906;2822;OLD;;You Don't Know My Name;0;ALICIA KEYS;N;;;;;;;O;S;;02:54;00:00;SS;1;;195;64;73;2003;STRA 2000;5;stra V;;L:\AudioToscana\stra V\Alicia Keys - You don't know my name.wav;;;1
10938;4189;OLD;;As Long As You Love Me;0;BACKSTREET BOYS;N;Y;;;;;;O;S;;03:26;00:19;SM;2;;202;111;73;1997;STRA 90;4;stra V;;L:\AudioToscana\stra V\Backstreet Boys - As Long As You Love Me.wav;;;1
10982;4027;OLD;;The Crying Game;0;BOY GEORGE;N;2;;;;;;NO;S;;03:15;00:26;SS;1;;205;136;81;1992;STRA 90;4;stra V;;L:\AudioToscana\stra V\Boy George - The Crying Game.wav;;;1
10992;4182;OLD;;Have You Ever Really Loved A Woman;0;BRYAN ADAMS;B;2;;;;;;NO;S;;04:45;00:08;SS;2;;257;242;84;1995;STRA 90;4;stra V;;L:\AudioToscana\stra V\Bryan Adams - Have You Ever Really Loved A Woman-.wav;;;1
11002;4410;OLD;;Because You Loved Me;0;CELINE DION;N;;;;;;;O;S;;04:25;00:00;SS;2;;156;102;70;1996;STRA 90;4;stra V;;L:\AudioToscana\stra V\Celine Dion - Because You Loved Me.wav;;;1
11003;2404;OLD;;The Power Of Love;0;"CELINE DION; JENNIFER RUSH";B;;;;;;;O;S;;04:34;00:01;;2;;78;53;71;1992;STRA 90;4;stra V;;L:\AudioToscana\stra V\Celine Dion - The Power Of Love.wav;;;1
11028;3264;OLD;;Trouble;0;COLDPLAY;N;;;;;;;O;S;;04:24;00:29;SS;1;;191;62;68;2000;STRA 2000;5;stra V;;L:\AudioToscana\stra V\Coldplay - Trouble.wav;;;1
11029;5925;OLD;;The Scientist;0;COLDPLAY;N;;;;;;;O;S;;04:49;00:28;SM;2;;182;54;74;2002;STRA 2000;5;stra V;;L:\AudioToscana\stra V\Coldplay - The Scientist.wav;;;1
11030;5394;OLD;;Speed Of Sound;0;COLDPLAY;B;;;;;;;O;S;;04:30;00:19;SM;2;;294;91;70;2005;STRA 2000;5;2005;;L:\AudioToscana\2005\Coldplay - Speed of sound.wav;;;1
11032;5923;OLD;;In My Place;0;COLDPLAY;B;;;;;;;O;S;;03:42;00:34;MS;2;;277;101;76;2002;STRA 2000;5;stra V;;L:\AudioToscana\stra V\Coldplay - In My Place.wav;;;1
11092;6682;OLD;;Can You Feel The Love Tonight;1;ELTON JOHN;B;;;;;;;O;S;;03:51;00:17;SS;1;;219;217;100;1994;STRA 90;4;stra V;;L:\AudioToscana\stra V\Elton John - Can You Feel The Love Tonight.wav;;;1
11106;5135;OLD;;She;1;ELVIS COSTELLO;B;;;;;;;O;S;;03:00;00:08;SS;1;;289;261;86;1989;STRA 90;3;stra V;;L:\AudioToscana\stra V\ELVIS COSTELLO - She.wav;;;1
11142;5152;OLD;;Mad World;1;GARY JULES;B;;;;;;;O;S;;03:29;00:23;SS;1;;265;261;83;2003;STRA 2000;5;stra V;;L:\AudioToscana\stra V\Gary Jules - Mad World (Alternate Version).wav;;;1
11258;2949;OLD;;The Power Of Goodbye;0;MADONNA;B;;;;;;;O;S;;03:57;00:22;SM;2;;216;119;80;1998;STRA 90;4;stra V;;L:\AudioToscana\stra V\Madonna - The Power Of Goodbye.wav;;;1
11263;2945;OLD;;Rain;0;MADONNA;B;;;;;;;O;S;;05:11;00:21;MM;2;;163;107;78;1992;STRA 90;4;stra V;;L:\AudioToscana\stra V\Madonna - Rain - Madonna.wav;;;1
11267;2952;OLD;;You'll See;0;MADONNA;B;;;;;;;O;S;;03:50;00:13;SS;1;;168;111;70;1995;STRA 90;4;stra V;;L:\AudioToscana\stra V\Madonna - You'll See - Madonna.wav;;;1
11269;6481;OLD;;En El Muelle De San Blás;0;MANA';N;;;;;;;O;S;;04:38;00:26;MM;2;;224;121;81;1997;STRA 90;4;stra V;;L:\AudioToscana\stra V\Manà - En el Muelle de San Blás.wav;;;1
11290;2500;OLD;;When A Man Loves A Woman;1;"MICHAEL BOLTON; PERCY SLEDGE";B;;;;;;;O;S;;03:33;00:18;SM;1;;215;142;69;1991;STRA 90;3;stra V;;L:\AudioToscana\stra V\Michael Bolton - Time, Love And Tenderness - Michael Bolton.wav;;;1
11331;4545;OLD;;Beautiful That Way;0;NOA;N;;;;;;;O;S;;03:09;00:07;SS;1;;263;251;83;2000;STRA 90;4;stra V;;L:\AudioToscana\stra V\Noa - Beautiful That Way.wav;;;1
11361;5759;OLD;;Can't Stop Loving You;0;PHIL COLLINS;N;;;;;;;O;S;;04:00;00:10;MM;2;;187;58;51;2002;STRA 2000;5;stra V;;L:\AudioToscana\stra V\Phil Collins - Can't Stop Loving You.wav;;;1
11395;6374;OLD;;Right Here Waiting;0;RICHARD MARX;N;;;;;;;O;S;;04:00;00:45;SS;1;;185;97;75;1989;STRA 80;3;stra V;;L:\AudioToscana\stra V\Richard Marx - Right here waiting.wav;;;1
11399;3189;OLD;;Private Emotions;0;"RICKY MARTIN - MEJA; RICKY MARTIN; MEJA";N;;;;;;;O;S;;03:51;00:18;SS;2;;213;96;78;1999;STRA 2000;5;stra V;;L:\AudioToscana\stra V\Ricky Martin & Meja - Private Emotion.wav;;;1
11405;5410;OLD;;Eternity;0;Robbie Williams;N;;;;;;;O;S;;04:51;00:13;SS;1;;223;223;98;2001;STRA 2000;5;stra V;;L:\AudioToscana\stra V\Robbie Williams - Eternity - Robbie Williams.wav;;;1
11424;3298;OLD;;You Don't Understand Me;0;ROXETTE;N;2;;;;;;O;S;;03:53;00:15;SS;1;;238;234;102;1995;STRA 90;4;stra V;;L:\AudioToscana\stra V\Roxette - You Don't Understand Me.wav;;;1
11426;3295;OLD;;Spending My Time;0;ROXETTE;N;;;;;;;O;S;;04:20;00:00;SS;2;;101;68;78;1991;STRA 90;;stra V;;L:\AudioToscana\stra V\Roxette - Spending My Time.wav;;;1
11470;5512;OLD;;Kiss Me;0;SIXPENCE NONE THE RICHER;N;Y;;;;;;O;S;;03:20;00:20;SS;2;;223;111;77;1997;STRA 90;4;stra V;;L:\AudioToscana\stra V\Sixpence None The Richer - Kiss Me.wav;;;1
11479;3399;OLD;;Goodbye;0;SPICE GIRLS;N;;;;;;;O;S;;04:11;00:15;SM;2;;227;69;75;1998;STRA 90;4;stra V;;L:\AudioToscana\stra V\Spice Girls - Goodbye (Radio Edit).wav;;;1
11480;3405;OLD;;Viva Forever;0;SPICE GIRLS;B;;;;;;;O;S;;05:01;00:40;MS;2;;294;150;74;1997;STRA 90;4;stra V;;L:\AudioToscana\stra V\Spice Girls - Viva Forever.wav;;;1
11481;3398;OLD;;2 Become 1;0;SPICE GIRLS;N;;;;;;;O;S;;03:28;00:15;SS;2;;132;72;65;1996;STRA 90;4;stra V;;L:\AudioToscana\stra V\Spice Girls - 2 Become 1.wav;;;1
11507;3555;OLD;;Delicate;0;TERENCE TRENT D'ARBY;N;;;;;;;O;S;;03:42;00:27;SM;2;;150;89;71;1993;STRA 90;3;stra V;;L:\AudioToscana\stra V\Terence Trent D'Arby - Delicate.wav;;;1
11561;2575;OLD;;Unbreak My Heart;0;TONI BRAXTON;N;;;;;;;O;S;;04:13;00:21;SM;1;;230;109;80;1996;STRA 90;4;stra V;;L:\AudioToscana\stra V\Toni Braxton - Un-Break My Heart (Album Version) - Toni Braxton.wav;;;1
12601;6311;OLD;;Sono Come Tu Mi Vuoi;0;"IRENE GRANDI; MINA";B;;;;;;;O;I;;03:26;00:10;MF;2;;298;210;85;2007;2007;5;2007;;L:\AudioToscana\2007\Irene Grandi - Sono come tu mi vuoi.wav;;;1
12603;6291;OLD;;Meraviglioso;1;NEGRAMARO;B;;;;;;;O;I;;03:47;00:23;SS;1;;329;327;87;2008;2008;5;2008;;L:\AudioToscana\2008\negramaro - meraviglioso.wav;;;1
12605;7392;OLD;;L'appuntamento;0;"ORNELLA VANONI E CARMEN CONSOLI; ORNELLA VANONI; CARMEN CONSOLI";N;;;;;;;O;I;;04:02;00:18;MM;2;;243;237;94;2009;2009;5;2009;;L:\AudioToscana\2009\ornella vanoni - l'Aappuntamento (con Carmen Consoli).wav;;;1
12615;5144;OLD;;Una su 1.000.000;0;ALEX BRITTI;N;;;;;;;O;I;;02:51;00:09;SS;1;;331;329;94;1999;ITA 2000;5;ita V;;L:\AudioToscana\ita V\Alex Britti - Una su un milione.wav;;;1
12616;5425;OLD;;Che Fantastica Storia È La Vita;0;ANTONELLO VENDITTI;N;;;;;;;;I;;04:14;00:39;MF;1;;188;58;99;2003;ITA 2000;5;ita V;;L:\AudioToscana\ita V\Antonello Venditti - Che fantastica storia è la vita.wav;;;1
12617;5099;OLD;;Sappi Amore Mio;0;BIAGIO ANTONACCI;N;;;;;;ANTONACCI;O;I;;03:43;00:06;SM;1;;139;42;55;2005;ITA 2000;5;ita V;;L:\AudioToscana\ita V\Biagio Antonacci - Sappi amore mio.wav;;;1
12619;119;OLD;;Parole Di Burro;0;CARMEN CONSOLI;N;;;;;;;;I;;03:53;00:12;SS;2;;222;81;65;2000;ITA 2000;5;ita V;;L:\AudioToscana\ita V\Carmen Consoli - Parole Di Burro.wav;;;1
12621;118;OLD;;L'ultimo Bacio;1;CARMEN CONSOLI;B;;;;;;;O;I;;03:16;00:15;SS;1;;338;336;86;2005;ITA 2000;5;ita V;;L:\AudioToscana\ita V\Carmen Consoli - L'ultimo Bacio.wav;;;1
12623;2146;OLD;;Luce (tramonti A Nord Est);1;ELISA;B;;;;;;;O;I;;04:11;00:20;SM;2;;318;238;72;2000;ITA 2000;5;ita V;;L:\AudioToscana\ita V\Elisa - Luce (Tramonti A Nord Est).wav;;;1
12624;960;OLD;;Fuoco Nel Fuoco;0;EROS RAMAZZOTTI;;;;;;;;;I;;03:56;00:07;MM;2;;61;;;2006;ITA 2000;5;ita V;;L:\AudioToscana\ita V\Eros Ramazzotti - Fuoco nel fuoco.wav;;;2
12628;276;OLD;;Insieme A Te Non Ci Sto Più;0;FRANCO BATTIATO;B;;;;;;;O;I;;02:57;00:00;SM;1;;164;155;78;2002;ITA 2000;5;ita V;;L:\AudioToscana\ita V\Franco Battiato - Insieme A Te Non Ci Sto Più.wav;;Insieme a te non ci sto più;1
12631;342;OLD;;Gocce Di Memoria;0;GIORGIA;B;;;;;;;O;I;;04:00;00:23;SS;1;;288;287;99;2003;ITA 2000;5;ita V;;L:\AudioToscana\ita V\Giorgia - Gocce Di Memoria.wav;;;1
12632;337;OLD;;Di Sole E D'azzurro;0;GIORGIA;B;;;;;;;O;I;;04:13;00:27;SS;1;;273;272;95;2001;ITA 2000;5;ita V;;L:\AudioToscana\ita V\Giorgia - Di Sole E D'azzurro - Giorgia.wav;;;1
12636;1010;OLD;;Tra Te E Il Mare;0;LAURA PAUSINI;B;;;;;;;O;I;;03:41;00:04;SS;2;;314;313;91;2000;ITA 2000;5;ita V;;L:\AudioToscana\ita V\Laura Pausini - Tra Me Ed Il Mare - Laura Pausini.wav;;;1
12639;4307;OLD;;Vieni Da Me;0;LE VIBRAZIONI;B;;;;;;;O;I;;04:02;00:16;SS;1;;340;120;61;2003;ITA 2000;5;ita V;;L:\AudioToscana\ita V\Le Vibrazioni - Vieni Da Me.wav;;;1
12640;417;OLD;;Una Vita Da Mediano;0;LIGABUE;B;;;;;;;;I;;03:45;00:14;SF;1;;227;226;104;1999;ITA 2000;5;ita V;;L:\AudioToscana\ita V\Ligabue - Una vita da mediano.wav;;;1
12641;414;OLD;;Ti Sento;0;LIGABUE;N;;;;;;;O;I;;03:26;00:08;SF;1;;178;176;108;2002;ITA 2000;5;ita V;;L:\AudioToscana\ita V\ligabue - ti sento.wav;;;1
12643;410;OLD;;Questa È La Mia Vita;0;LIGABUE;B;;;;;;;;I;;03:40;00:33;FF;2;;211;69;62;2002;ITA 2000;5;ita V;;L:\AudioToscana\ita V\ligabue - questa è la mia vita.wav;;;1
12646;2032;OLD;;Qualcosa Di Grande;1;"LUNAPOP; CESARE CREMONINI";B;;;;;;;O;I;;04:16;00:05;SM;2;;245;99;59;1999;ITA 2000;5;ita V;;L:\AudioToscana\ita V\Luna Pop - Qualcosa Di Grande.wav;;;1
12647;5157;OLD;;Se Ci Sarai;1;"LUNAPOP; CESARE CREMONINI";B;;;;;;;O;I;;03:45;00:14;SM;2;;249;95;63;2000;ITA 2000;5;ita V;;L:\AudioToscana\ita V\Lunapop - Se Ci Sarai.wav;;;1
12649;4822;OLD;;L'uomo Volante;1;MARCO MASINI;B;;;;;;;O;I;;03:42;00:12;SS;1;;366;99;62;2004;ITA 2000;5;ita V;;L:\AudioToscana\ita V\Marco Masini - L'uomo Volante.wav;;;1
12656;655;OLD;;Sara;1;PINO DANIELE;B;;;;;;;;I;;04:03;00:20;SF;2;;284;111;80;2005;ITA 2000;5;ita V;;L:\AudioToscana\ita V\Pino Daniele - Sara.wav;;;1
12657;1071;OLD;;Infinito;0;RAF;B;;;;;;;O;I;;04:06;00:14;SM;1;;300;214;89;2001;ITA 2000;5;ita V;;L:\AudioToscana\ita V\Raf - Infinito.wav;;;1
12658;854;OLD;;Mentre Aspetto Che Ritorni;0;RENATO ZERO;B;;;;;;;O;I;;03:45;00:15;SS;1;;266;263;103;2005;ITA 2000;5;2005;;L:\AudioToscana\2005\Renato Zero - Mentre Aspetto Che Ritorni.wav;;;1
12660;4976;OLD;;Sorprendimi;1;STADIO;B;;;;;;;O;I;;03:59;00:22;SS;1;;299;297;95;2002;ITA 2000;5;ita V;;L:\AudioToscana\ita V\Stadio - Sorprendimi.wav;;;1
12665;712;OLD;;Imbranato;0;TIZIANO FERRO;B;;;;;;;O;I;;04:56;00:25;SS;1;;314;312;93;2001;ITA 2000;5;ita V;;L:\AudioToscana\ita V\Tiziano Ferro - imbranato.wav;;;1
12666;847;OLD;;Sere Nere;0;TIZIANO FERRO;B;;;;;;;O;I;;04:16;00:15;SS;1;;291;290;96;2003;ITA 2000;5;ita V;;L:\AudioToscana\ita V\Tiziano Ferro - Sere nere.wav;;;1
12667;1197;OLD;;Siamo Soli;0;VASCO ROSSI;N;;;;;;;O;I;;03:46;00:30;SS;1;;86;84;114;2001;ITA 2000;5;ita V;;L:\AudioToscana\ita V\Vasco Rossi - Siamo Soli.wav;;;1
12670;797;OLD;;Senza Parole;0;VASCO ROSSI;B;;;;;;;O;I;;04:15;00:00;SF;2;;144;138;92;1994;ITA 2000;5;2005;;L:\AudioToscana\2005\Vasco Rossi - Senza parole.wav;;;1
12672;4880;OLD;;"Indaco Dagli Occhi Del Cielo; The Korgis - Everybody's Got To Learn Sometime";0;ZUCCHERO;B;;;;;;;O;I;;03:34;00:08;SF;1;;246;245;101;2004;ITA 2000;5;ita V;;L:\AudioToscana\ita V\Zucchero - Indaco dagli occhi del cielo.wav;;;1
12673;1210;OLD;;Ahum;0;ZUCCHERO;N;;;;;;;O;I;;03:52;00:55;FS;2;;166;65;64;2001;ITA 2000;5;ita V;;L:\AudioToscana\ita V\Zucchero - Ahum.wav;;;1
12743;188;OLD;;Ok Italia;0;EDOARDO BENNATO;N;;;;;;;;I;;04:01;00:23;MF;2;;227;95;84;1987;ITA 80;3;ita V;;L:\AudioToscana\ita V\Edoardo Bennato - Ok Italia.wav;;;1
12745;974;OLD;;Terra Promessa;0;EROS RAMAZZOTTI;B;;;;;;;;I;;03:10;00:20;MF;2;;161;;;1984;ITA 80;3;ita V;;L:\AudioToscana\ita V\Eros Ramazzotti - Terra Promessa.wav;;;1
12746;977;OLD;;Una Storia Importante;1;EROS RAMAZZOTTI;B;;;;;;;O;I;;03:45;00:16;SM;2;;229;;;1985;ITA 80;3;ita V;;L:\AudioToscana\ita V\Eros Ramazzotti - Una Storia Importante.wav;;;1
12785;562;OLD;;Stringimi;0;MATIA BAZAR;B;;;;;;;O;I;;04:07;00:21;SF;2;;264;138;76;1989;ITA 80;3;ita V;;L:\AudioToscana\ita V\Matia Bazar - Stringimi.wav;;;1
12794;4782;OLD;;Ti Pretendo;0;RAF;N;;;;;;;O;I;;04:08;00:28;FF;2;;223;94;70;1989;ITA 80;3;ita V;;L:\AudioToscana\ita V\Raf - Ti pretendo.wav;;;1
12795;4795;OLD;;Inevitabile Follia;1;RAF;B;;;;;;;O;I;;04:12;00:13;SS;1;;229;112;73;1988;ITA 80;3;ita V;;L:\AudioToscana\ita V\Raf - Inevitabile follia.wav;;;1
12831;1209;OLD;;A Wonderful World;0;ZUCCHERO;N;;;;;;;;I;;03:48;00:17;FF;2;;96;34;48;1989;ITA 80;3;ita V;;L:\AudioToscana\ita V\Zucchero - A Wonderful World - Zucchero.wav;;;1
12834;1234;OLD;;Overdose (d' Amore);0;ZUCCHERO;N;;;;;;;;I;;04:16;00:59;FF;3;;161;56;68;1989;ITA 80;3;ita V;;L:\AudioToscana\ita V\Zucchero - Overdose (D' Amore) - Zucchero.wav;;;1
12841;6472;OLD;;Gli Anni ('96);1;"883; MAX PEZZALI";B;;;;;;;;I;;04:25;00:14;SS;2;;343;342;88;1996;ITA 90;4;ita V;;L:\AudioToscana\ita V\883 - Gli anni ('96).wav;;883 - Gli anni.wav;1
12842;23;OLD;;L'emozione Non Ha Voce;1;ADRIANO CELENTANO;B;;;;;;;O;I;50;03:56;00:11;SS;1;;405;373;81;1999;ITA 90;4;ita V;;L:\AudioToscana\ita V\Adriano Celentano - L'emozione Non Ha Voce.wav;;;1
12846;50;OLD;;Oggi Sono Io;1;ALEX BRITTI;B;;;;;;;O;I;;03:43;00:13;SS;1;;374;372;85;1998;ITA 90;4;ita V;;L:\AudioToscana\ita V\Alex Britti - Oggi Sono Io.wav;;;1
12847;61;OLD;;Vivo Per Lei;1;"ANDREA BOCELLI - GIORGIA; ANDREA BOCELLI; GIORGIA";B;;;;;;;O;I;;04:20;00:07;SS;1;;237;226;96;2014;ITA 90;4;ita V;;L:\AudioToscana\ita V\Andrea Bocelli - Vivo Per Lei.wav;;;1
12848;81;OLD;;Tutti I Brividi Del Mondo;0;ANNA OXA;N;;;;;;;O;I;;04:41;00:12;SS;2;;261;226;94;1989;ITA 90;3;ita V;;L:\AudioToscana\ita V\Anna Oxa - Tutti I Brividi Del Mondo.wav;;;1
12849;926;OLD;;Ogni Volta;0;ANTONELLO VENDITTI;B;;;;;;;O;I;;03:14;00:29;SS;1;;234;221;101;1995;ITA 90;4;ita V;;L:\AudioToscana\ita V\Antonello Venditti - Ogni Volta.wav;;;1
12850;5190;OLD;;Benvenuti In Paradiso;0;ANTONELLO VENDITTI;N;;;;;;;;I;;03:46;00:10;MF;3;;205;197;103;1991;ITA 90;4;ita V;;L:\AudioToscana\ita V\Antonello Venditti - Benvenuti In Paradiso.wav;;;1
12853;84;OLD;;Domani;0;ARTICOLO 31;;Y;;;;;;;I;;05:02;00:11;MM;3;;96;28;48;1996;ITA 90;4;ita V;;L:\AudioToscana\ita V\articolo 31 - domani.wav;;;1
12856;107;OLD;;Quanto Tempo E Ancora;0;BIAGIO ANTONACCI;N;;;;;;;O;I;;03:40;00:11;SS;1;;320;316;98;1998;ITA 90;4;(E);;L:\AudioToscana\ita V\Biagio Antonacci - Quanto Tempo E Ancora.wav;;;1
12857;98;OLD;;Iris (tra Le Tue Poesie);1;BIAGIO ANTONACCI;B;;;;;;;O;I;;03:54;00:10;MS;1;;351;350;89;1998;ITA 90;4;ita V;;L:\AudioToscana\ita V\Biagio Antonacci - Iris (Tra Le Tue Poesie).wav;;;1
12865;937;OLD;;Le Cose In Comune;0;DANIELE SILVESTRI;N;;;;;;;O;I;;03:46;00:16;SS;2;;195;116;69;1995;ITA 90;4;ita V;;L:\AudioToscana\ita V\Daniele Silvestri - Le Cose In Comune - Daniele Silvestri, Enzo Miceli.wav;;;1
12867;4377;OLD;;Mistero;0;ENRICO RUGGERI;N;;;;;;;;I;;03:57;00:17;MM;3;;109;61;47;1993;ITA 90;4;ita V;;L:\AudioToscana\ita V\Enrico Ruggeri - Mistero.wav;;;1
12868;1134;OLD;;Peter Pan;0;ENRICO RUGGERI;N;;;;;;;;I;;04:25;00:06;FF;3;;157;107;73;1991;ITA 90;3;ita V;;L:\AudioToscana\ita V\Ruggeri Enrico - Peter Pan.wav;;;1
12870;5996;OLD;;Quanto Amore Sei;0;EROS RAMAZZOTTI;N;;;;;;;O;I;;04:08;00:17;MM;2;;206;93;88;1993;ITA 90;4;ita V;;L:\AudioToscana\ita V\eros ramazzotti - quanto amore sei.wav;;;1
12872;978;OLD;;Un'altra Te;0;EROS RAMAZZOTTI;B;;;;;;;O;I;;04:11;00:43;MS;2;;273;272;97;1993;ITA 90;4;ita V;;L:\AudioToscana\ita V\Eros Ramazzotti - Un'altra te.wav;;;1
12876;4875;OLD;;I Venti Del Cuore;0;FIORELLA MANNOIA;N;;;;;;;;I;;04:39;00:19;MF;2;;140;47;51;1991;ITA 90;3;ita V;;L:\AudioToscana\ita V\Fiorella Mannoia - I venti del cuore.wav;;;1
12878;4873;OLD;;Il Cielo D'irlanda;0;FIORELLA MANNOIA;N;;;;;;;;I;;04:09;00:23;FF;3;;63;43;53;1991;ITA 90;3;ita V;;L:\AudioToscana\ita V\Fiorella Mannoia - Il cielo d'Irlanda.wav;;;1
12881;278;OLD;;La Cura;1;FRANCO BATTIATO;B;;;;;;;O;I;;03:55;00:25;SS;1;;330;156;74;2021;ITA 90;4;ita V;;L:\AudioToscana\ita V\Franco Battiato - La Cura.wav;;;1
12883;289;OLD;;Falco A Metà;0;GIANLUCA GRIGNANI;B;;;;;;;O;I;;04:19;00:13;SM;1;;339;338;93;1995;ITA 90;4;ita V;;L:\AudioToscana\ita V\Gianluca Grignani - Falco A Metà.wav;;;1
12885;292;OLD;;La Mia Storia Fra Le Dita;1;GIANLUCA GRIGNANI;B;;;;;;;O;I;;04:33;00:14;MS;1;;367;366;89;1995;ITA 90;4;ita V;;L:\AudioToscana\ita V\Gianluca Grignani - La Mia Storia Fra Le Dita.wav;;;1
12886;304;OLD;;Meravigliosa Creatura;0;GIANNA NANNINI;B;;;;;;;O;I;;04:20;00:14;MM;2;;309;271;93;1995;ITA 90;4;ita V;;L:\AudioToscana\ita V\Gianna Nannini - Meravigliosa Creatura - Gianna Nannini.wav;;;1
12887;312;OLD;;Bella Signora;0;GIANNI MORANDI;N;;;;;;;;I;;03:58;00:18;MF;3;;112;69;47;1989;ITA 90;4;ita V;;L:\AudioToscana\ita V\Gianni Morandi - Bella signora.wav;;;1
12888;5618;OLD;;Quattro Amici Al Bar;0;"GINO PAOLI FEAT. VASCO ROSSI; GINO PAOLI; VASCO ROSSI";N;;;;;;;;I;;04:31;00:14;MF;2;;40;13;17;1991;ITA 90;3;ita V;;L:\AudioToscana\ita V\Gino Paoli - Quattro Amici Al Bar.wav;;;1
12890;341;OLD;;Girasole;0;GIORGIA;N;;;;;;;;I;;03:34;00:24;MF;2;;232;96;76;1999;ITA 90;4;ita V;;L:\AudioToscana\ita V\Giorgia - Girasole.wav;;;1
12893;370;OLD;;In Vacanza Da Una Vita;0;IRENE GRANDI;N;;;;;;;;I;;04:08;00:01;SF;3;;93;59;60;1995;ITA 90;4;ita V;;L:\AudioToscana\ita V\Irene Grandi - In vacanza da una vita.wav;;;1
12895;2148;OLD;;La Tua Ragazza Sempre;0;IRENE GRANDI;N;;;;;;;;I;;03:52;00:12;FF;2;;122;60;56;2001;ITA 90;4;ita V;;L:\AudioToscana\ita V\Irene Grandi - La Tua Ragazza Sempre.wav;;;2
12896;386;OLD;;Chissà Se Stai Dormendo;1;JOVANOTTI;B;;;;;;;O;I;;05:05;00:34;SS;2;;256;252;88;1992;ITA 90;4;ita V;;L:\AudioToscana\ita V\Jovanotti - Chissa' Se Stai Dormendo.wav;;;1
12897;397;OLD;;Serenata Rap;0;JOVANOTTI;N;;;;;;;O;I;;04:25;00:41;SF;2;;237;110;65;1994;ITA 90;4;ita V;;L:\AudioToscana\ita V\Jovanotti - Serenata Rap - Jovanotti.wav;;;1
12901;385;OLD;;Bella;0;JOVANOTTI;B;;;;;;;O;I;;03:37;00:31;MF;3;;266;265;91;1997;ITA 90;4;ita V;;L:\AudioToscana\ita V\Jovanotti - Bella.wav;;;1
12902;398;OLD;;Un Raggio Di Sole;0;JOVANOTTI;N;;;;;;;;I;;04:48;00:27;FF;3;;183;94;93;2005;ITA 90;4;ita V;;L:\AudioToscana\ita V\Jovanotti - Un raggio di sole.wav;;;1
12903;403;OLD;;Certe Notti;1;LIGABUE;B;;;;;;;O;I;;04:14;00:07;SS;1;;272;210;81;1995;ITA 90;4;ita V;;L:\AudioToscana\ita V\Ligabue - Certe notti.wav;;;1
12904;406;OLD;;Ho Messo Via;1;LIGABUE;B;;;;;;;O;I;;04:37;00:11;SS;1;;256;255;102;1993;ITA 90;4;ita V;;L:\AudioToscana\ita V\Ligabue - Ho messo via.wav;;;1
12905;409;OLD;;Piccola Stella Senza Cielo;1;LIGABUE;B;;;;;;;O;I;;03:52;00:17;MM;1;;255;189;80;1990;ITA 90;4;ita V;;L:\AudioToscana\ita V\Ligabue - Piccola stella senza cielo.wav;;;1
12906;408;OLD;;Non È Tempo Per Noi;0;LIGABUE;B;;;;;;;;I;;03:25;00:11;SS;2;;252;192;88;1990;ITA 90;4;ita V;;L:\AudioToscana\ita V\Ligabue - Non è tempo per noi.wav;;;1
12911;2608;OLD;;Ho Perso Le Parole;0;LIGABUE;N;;;;;;;O;I;;04:16;00:12;SF;1;;206;98;73;1998;ITA 90;4;ita V;;L:\AudioToscana\ita V\Ligabue - Ho Perso Le Parole.wav;;;1
12912;425;OLD;;Vivere Il Mio Tempo;0;"LITFIBA; PIERO PELU'";N;;;;;;;;I;;04:05;00:24;SS;1;;307;136;86;1999;ITA 90;4;ita V;;L:\AudioToscana\ita V\Litfiba - Vivere Il Mio Tempo.wav;;;1
12918;436;OLD;;Ci Vuole Un Fisico Bestiale;0;LUCA CARBONI;N;;;;;;;;I;;03:21;00:00;SM;3;;260;119;74;1984;ITA 90;4;ita V;;L:\AudioToscana\ita V\Luca Carboni - Ci Vuole Un Fisico Bestiale.wav;;;1
12920;501;OLD;;Canzone;0;LUCIO DALLA;N;;;;;;DALLA;;I;;04:24;00:17;FS;2;;164;56;78;1996;ITA 90;3;ita V;;L:\AudioToscana\ita V\Lucio Dalla - Canzone.wav;;;1
12921;518;OLD;;Tu Non Mi Basti Mai;1;LUCIO DALLA;B;;;;;;;O;I;;04:11;00:11;SS;1;;307;298;95;1996;ITA 90;4;ita V;;L:\AudioToscana\ita V\Lucio Dalla - Tu Non Mi Basti Mai.wav;;;1
12922;499;OLD;;Attenti Al Lupo;0;LUCIO DALLA;N;;;;;;DALLA;;I;;04:12;00:35;MM;3;;140;46;72;1990;ITA 90;3;ita V;;L:\AudioToscana\ita V\Lucio Dalla - Attenti al lupo.wav;;;1
12924;522;OLD;;Un Giorno Migliore;1;"LUNAPOP; CESARE CREMONINI";B;;;;;;;O;I;;03:58;00:12;SS;2;;261;144;76;1999;ITA 90;4;ita V;;L:\AudioToscana\ita V\Luna Pop - Un Giorno Migliore.wav;;;1
12927;1020;OLD;;Mai Come Ieri;0;"MARIO VENUTI E CARMEN CONSOLI; MARIO VENUTI; CARMEN CONSOLI";N;;;;;;;O;I;;03:30;00:11;SS;1;;204;117;75;1998;ITA 90;4;ita V;;L:\AudioToscana\ita V\Mario Venuti e Camen Consoli - Mai come ieri.wav;;;1
12929;4798;OLD;;Una Rosa Blu;0;MICHELE ZARRILLO;B;;;;;;;O;I;;04:12;00:19;SS;1;;278;73;48;1998;ITA 90;4;ita V;;L:\AudioToscana\ita V\Michele Zarrillo - Una Rosa Blu.wav;;;1
12930;608;OLD;;Volami Nel Cuore;0;MINA;B;;;;;;;O;I;;02:46;00:25;SM;1;;258;116;75;1996;ITA 90;3;ita V;;L:\AudioToscana\ita V\Mina - Volami nel cuore.wav;;;1
12931;576;OLD;;Acqua E Sale;0;"MINACELENTANO; MINA; ADRIANO CELENTANO";N;;;;;;;O;I;;04:07;00:22;MS;2;;233;202;99;1998;ITA 90;4;ita V;;L:\AudioToscana\ita V\Mina & Celentano - Acqua e sale - Mina & Celentano.wav;;;1
12933;1396;OLD;;Laura Non C'e';0;NEK;N;;;;;;;;I;;03:41;00:10;SF;3;;201;115;82;1996;ITA 90;4;ita V;;L:\AudioToscana\ita V\Nek - Laura Non C'e'.wav;;;1
12939;642;OLD;;Amore Senza Fine;0;PINO DANIELE;B;;;;;;;O;I;;04:01;00:11;MM;2;;289;136;71;1998;ITA 90;4;ita V;;L:\AudioToscana\ita V\Pino Daniele - Amore senza fine.wav;;;1
12941;644;OLD;;Cosa Penserai Di Me;0;PINO DANIELE;B;;;;;;;O;I;;03:27;00:15;SF;2;;295;140;71;1999;ITA 90;4;ita V;;L:\AudioToscana\ita V\Pino Daniele - Cosa Penserai Di Me.wav;;;1
12942;647;OLD;;Io Per Lei;0;PINO DANIELE;B;;;;;;;O;I;;03:08;00:23;MF;2;;307;270;92;1995;ITA 90;4;ita V;;L:\AudioToscana\ita V\Pino Daniele - Io per lei.wav;;;1
12944;654;OLD;;Resta Resta Cu'mme';0;PINO DANIELE;B;;;;;;;O;I;;02:35;00:10;SS;1;;297;297;98;2005;ITA 90;4;ita V;;L:\AudioToscana\ita V\Pino Daniele - Resta Resta Cu'mme'.wav;;;1
12945;645;OLD;;Dubbi Non Ho;1;PINO DANIELE;B;;;;;;;O;I;;03:37;00:11;SM;2;;321;320;87;1997;ITA 90;4;ita V;;L:\AudioToscana\ita V\Pino Daniele - Dubbi non ho.wav;;;1
12946;643;OLD;;Che Male C'è;1;PINO DANIELE;B;;;;;;;O;I;;03:57;00:12;MM;2;;308;208;76;1997;ITA 90;4;ita V;;L:\AudioToscana\ita V\Pino Daniele - Che male c'è.wav;;;1
12947;652;OLD;;Quando;1;PINO DANIELE;B;;;;;;;O;I;;03:26;00:12;SS;1;;287;252;90;1991;ITA 90;4;ita V;;L:\AudioToscana\ita V\Pino Daniele - Quando.wav;;;1
12949;1075;OLD;;Sei La Piu' Bella Del Mondo;0;RAF;N;;;;;;;O;I;;04:21;00:22;MF;2;;285;118;82;1995;ITA 90;4;ita V;;L:\AudioToscana\ita V\Raf - Sei La Piu' Bella Del Mondo.wav;;;1
12950;4794;OLD;;Interminatamente;0;RAF;B;;;;;;;O;I;;03:51;00:26;SM;1;;299;293;102;1990;ITA 90;4;ita V;;L:\AudioToscana\ita V\Raf - Interminatamente.wav;;;1
12951;1070;OLD;;Il Battito Animale;0;RAF;N;;;;;;;;I;;03:55;00:03;FF;3;;185;83;83;1993;ITA 90;4;ita V;;L:\AudioToscana\ita V\Raf - Il Battito Animale.wav;;;1
12952;1067;OLD;;Due;0;RAF;B;;;;;;;O;I;;04:02;00:19;FF;2;;329;329;94;1993;ITA 90;4;ita V;;L:\AudioToscana\ita V\Raf -  Due.wav;;;1
12953;1089;OLD;;I Migliori Anni Della Nostra Vita;1;RENATO ZERO;B;;;;;;;O;I;;04:18;00:16;SS;1;;286;233;88;1995;ITA 90;4;ita V;;L:\AudioToscana\ita V\Renato Zero - I Migliori Anni Della Nostra Vita.wav;;;1
12954;1085;OLD;;Cercami;0;RENATO ZERO;B;;;;;;;O;I;;04:33;00:12;MM;1;;287;281;102;1998;ITA 90;4;ita V;;L:\AudioToscana\ita V\Renato Zero - Cercami.wav;;;1
12955;1132;OLD;;Vorrei Incontrarti Fra Cent'anni;1;RON;B;;;;;;;O;I;;03:44;00:09;SS;1;;296;289;84;1996;ITA 90;4;ita V;;L:\AudioToscana\ita V\Ron - Vorrei Incontrarti Fra Cent'anni (Con Tosca) - Ron.wav;;;1
12956;1127;OLD;;Non Abbiam Bisogno Di Parole;0;RON;N;;;;;;;O;I;;04:05;00:06;FS;2;;306;295;83;1992;ITA 90;4;ita V;;L:\AudioToscana\ita V\Ron - Non Abbiam Bisogno Di Parole - Ron.wav;;;1
12958;699;OLD;;Spaccacuore;1;SAMUELE BERSANI;B;;;;;;;O;I;;04:20;00:14;SS;1;;356;355;91;1994;ITA 90;4;ita V;;L:\AudioToscana\ita V\Samuele Bersani - Spaccacuore.wav;;;1
12960;695;OLD;;Giudizi Universali;0;SAMUELE BERSANI;B;;;;;;;O;I;;03:50;00:11;SS;1;;364;363;87;1997;ITA 90;4;ita V;;L:\AudioToscana\ita V\Samuele Bersani - Giudizi universali.wav;;;1
12963;1186;OLD;;Io No;0;VASCO ROSSI;N;;;;;;;O;I;;04:35;00:15;FF;1;;86;85;109;1998;ITA 90;4;ita V;;L:\AudioToscana\ita V\Vasco Rossi - Io No.wav;;;1
12965;1196;OLD;;Sally;1;VASCO ROSSI;B;;;;;;;O;I;;04:37;00:19;SS;2;;163;73;82;1995;ITA 90;4;ita V;;L:\AudioToscana\ita V\Vasco Rossi - Sally.wav;;;1
12966;1185;OLD;;Gli Angeli;0;VASCO ROSSI;B;;;;;;;O;I;;03:58;00:17;SS;1;;151;116;96;1996;ITA 90;4;ita V;;L:\AudioToscana\ita V\Vasco Rossi - Gli angeli.wav;;;1
12968;1206;OLD;;Vivere;0;VASCO ROSSI;B;;;;;;;O;I;;04:47;00:00;MM;2;;122;40;104;1987;ITA 90;4;ita V;;L:\AudioToscana\ita V\Vasco Rossi - Vivere.wav;;;1
12969;1213;OLD;;Blu;0;ZUCCHERO;B;;;;;;;O;I;;04:45;00:37;MF;2;;271;132;67;1998;ITA 90;4;ita V;;L:\AudioToscana\ita V\Zucchero - Blu - Zucchero.wav;;;1
12975;1889;OLD;;What's Up;1;4 NON BLONDES;B;3;;;;;;NO;S;;04:46;00:30;SS;1;;357;319;81;1992;STRA 90;3;stra V;;L:\AudioToscana\stra V\4 Non Blondes - What's Up.wav;;;1
12981;1904;OLD;;All That She Wants;0;ACE OF BASE;N;Y;;;;;;;S;;03:17;00:09;MF;3;;134;74;70;1992;STRA 90;4;stra V;;L:\AudioToscana\stra V\Ace Of Base - All That She Wants.wav;;;1
12982;1907;OLD;;Broken Land;0;ADVENTURES;N;2;;;;;;NO;S;;04:25;00:44;SM;1;;243;97;75;1988;STRA 80;3;stra V;;L:\AudioToscana\stra V\Adventures - Broken Land.wav;;;1
12983;2344;OLD;;Crazy;0;AEROSMITH;N;3;;;;;;N;S;;04:36;00:01;MF;1;;235;187;97;1993;STRA 90;3;stra V;;L:\AudioToscana\stra V\Aerosmith - Crazy - Aerosmith.wav;;;1
12985;2321;OLD;;I Don't Want To Miss A Thing;1;AEROSMITH;B;3;;;;;;N;S;;04:40;00:31;SM;1;;348;302;86;1998;STRA 90;4;stra V;;L:\AudioToscana\stra V\Aerosmith - I Dont Want To Miss A Thing - Aerosmith.wav;;;1
12987;4771;OLD;;Ironic;0;ALANIS MORISSETTE;N;;;;;;;;S;;03:34;00:12;SS;2;;225;92;92;1995;STRA 90;4;stra V;;L:\AudioToscana\stra V\Alanis Morissette - IRONIC.wav;;;1
12995;1820;OLD;;Left Outside Alone;0;ANASTACIA;N;;;;;;;;S;;03:53;00:05;SM;3;;166;51;88;1999;STRA 2000;5;stra V;;L:\AudioToscana\stra V\Anastacia - Left outside alone.wav;;;1
12996;1651;OLD;;Sick And Tired;0;ANASTACIA;N;;;;;;;;S;;03:27;00:05;SM;2;;187;57;72;1999;STRA 2000;5;stra V;;L:\AudioToscana\stra V\Anastacia - Sick and tired.wav;;;1
12998;2223;OLD;;Paid My Dues;0;ANASTACIA;N;;;;;;;;S;;03:17;00:19;SM;3;;166;49;71;1999;STRA 2000;5;stra V;;L:\AudioToscana\stra V\Anastacia - Paid My Dues.wav;;;1
13000;5627;OLD;;Glorious;0;ANDREAS JOHNSON;N;;;;;;;;S;;03:05;00:38;FM;2;;243;72;76;1999;STRA 2000;5;stra V;;L:\AudioToscana\stra V\Andreas Johnson - Glorious.wav;;;1
13001;3092;OLD;;Snow On The Sahara;1;ANGGUN;B;2;;;;;;NO;S;;04:02;00:23;SM;1;;368;180;66;1998;STRA 90;4;stra V;;L:\AudioToscana\stra V\Anggun - Snow On The Sahara.wav;;;1
13003;2471;OLD;;No More I Love You's;1;ANNIE LENNOX;B;3;;;;;;N;S;;04:17;00:31;SS;1;;311;263;89;1995;STRA 90;4;stra V;;L:\AudioToscana\stra V\Annie Lennox - No More I Love You's.wav;;;1
13004;5588;OLD;;Why;0;ANNIE LENNOX;B;3;;;;;;N;S;;04:40;00:21;SS;1;;264;222;97;1992;STRA 90;4;stra V;;L:\AudioToscana\stra V\Annie Lennox - Why.wav;;;1
13009;935;OLD;;You're Gorgeous;0;BABY BIRD;N;;;;;;;O;S;;03:06;00:08;SF;2;;266;120;81;1996;STRA 90;4;stra V;;L:\AudioToscana\stra V\Baby Bird - You're Gorgeous.wav;;;1
13010;4164;OLD;;I Want It That Way;0;BACKSTREET BOYS;N;Y;;;;;;;S;;03:29;00:09;SM;3;;195;89;87;1999;STRA 90;4;stra V;;L:\AudioToscana\stra V\Backstreet Boys - I Want It That Way - Backstreet Boys.wav;;;1
13022;5024;OLD;;You Win Again;0;BEE GEES;N;2;;;;;;N;S;;03:40;00:24;MM;1;;153;33;47;1987;STRA 80;3;stra V;;L:\AudioToscana\stra V\Bee Gees - You Win Again.wav;;;1
13033;2889;OLD;;Kiss The Rain;0;BILLIE MYERS;N;R;;;;;;;S;;04:12;00:21;MF;1;;230;107;75;1997;STRA 90;4;stra V;;L:\AudioToscana\stra V\Billie Myers - Kiss The Rain - Billie Myers.wav;;;1
13036;2618;OLD;;River Of Dreams;0;BILLY JOEL;N;2;;;;;;N;S;;03:10;00:34;SR;2;;141;50;50;1993;STRA 90;4;stra V;;L:\AudioToscana\stra V\Billy Joel - River Of Dreams.wav;;;1
13052;5445;OLD;;Always;1;BON JOVI;B;3;;;;;;N;S;;05:37;00:21;SF;1;;323;158;72;1985;STRA 90;4;2006;;L:\AudioToscana\stra V\Bon Jovi - Always.wav;;;1
13062;5380;OLD;;Please Forgive Me;1;BRYAN ADAMS;B;3;;;;;;N;S;;05:38;00:25;SS;1;;314;234;67;1993;STRA 90;4;stra V;;L:\AudioToscana\stra V\Bryan Adams - Please Forgive Me.wav;;;1
13064;5378;OLD;;(everything I Do) I Do It For You;1;BRYAN ADAMS;B;3;;;;;;N;S;;04:02;00:15;SS;1;;332;164;67;1991;STRA 90;4;stra V;;L:\AudioToscana\stra V\Bryan Adams - (Everything I Do) I Do It for You.wav;;;1
13073;5691;OLD;;That's The Way It Is;0;CELINE DION;N;;;;;;;;S;;03:48;00:31;SS;3;;196;56;78;1990;STRA 90;4;stra V;;L:\AudioToscana\stra V\Celine Dion - That's The Way It Is.wav;;;1
13075;3675;OLD;;Would I Lie To You;0;CHARLES & EDDIE;N;;;;;;;;S;;04:00;00:11;FF;2;;243;107;85;1992;STRA 90;4;stra V;;L:\AudioToscana\stra V\Charles & Eddie - Would I Lie To You.wav;;;1
13094;10045;OLD;;Yellow;0;COLDPLAY;;;;;;;;;S;;04:12;00:33;SS;1;;28;27;62;2016;STRA 2000;5;stra V;;L:\AudioToscana\stra V\Coldplay - Yellow.wav;;;2
13095;815;OLD;;Talk;0;COLDPLAY;N;;;;;;;;S;;04:33;00:35;FS;2;;160;49;64;2005;STRA 2000;5;2005;;L:\AudioToscana\2005\Coldplay - Talk.wav;;;1
13096;2414;OLD;;Gangsta's Paradise;0;COOLIO;B;;;;;;;;S;;03:59;00:12;SS;2;;335;154;75;1995;STRA 90;4;stra V;;L:\AudioToscana\stra V\Coolio - Gangsta's Paradise.wav;;;1
13100;1465;OLD;;Don't Dream It's Over;1;CROWED HOUSE;B;2;;;;;;N;S;;03:30;00:14;SF;1;;309;250;70;1986;STRA 90;3;stra V;;L:\AudioToscana\stra V\Crowed House - Don't dream it's over.wav;;;1
13108;812;OLD;;Bad Day;0;DANIEL POWTER;B;;;;;;;O;S;;03:33;00:09;SS;2;;289;115;62;2004;STRA 2000;5;2005;;L:\AudioToscana\2005\daniel powter - bad day.wav;;;1
13109;820;OLD;;Jimmy Gets High;0;DANIEL POWTER;N;;;;;;;O;S;;03:29;00:00;SM;2;;190;61;70;2005;STRA 2000;5;2005;;L:\AudioToscana\2005\Daniel Powter - Jimmy Gets High.wav;;;1
13114;2426;OLD;;Life;0;DES'REE;N;Y;;;;;;;S;;03:09;00:20;MF;2;;126;47;61;1994;STRA 90;4;stra V;;L:\AudioToscana\stra V\Des'ree - Life.wav;;;1
13115;4132;OLD;;You Gotta Be;0;DES'REE;N;;;;;;;;S;;03:09;00:21;SF;2;;233;98;78;1994;STRA 90;4;stra V;;L:\AudioToscana\stra V\Des'ree - You Gotta Be.wav;;;1
13119;1923;OLD;;White Flag;0;DIDO;B;;;;;;;O;S;;03:45;00:35;SM;1;;269;112;66;2003;STRA 2000;5;stra V;;L:\AudioToscana\stra V\Dido - White Flag.wav;;;1
13139;1522;OLD;;Ordinary World;1;DURAN DURAN;B;2;;;;;;N;S;;04:27;00:15;MM;2;;330;285;85;1993;STRA 90;4;stra V;;L:\AudioToscana\stra V\Duran Duran - Ordinary world.wav;;;1
13168;3075;OLD;;I Saved The World Today;0;"EURYTHMICS; ANNIE LENNOX; DAVE STEWART";B;2;;;;;;N;S;;04:38;00:25;SS;1;;277;276;98;1999;STRA 90;4;stra V;;L:\AudioToscana\stra V\Eurythmics - I Saved The World Today.wav;;;1
13173;1545;OLD;;More Than Words;0;EXTREME;N;L2;;;;;;N;S;;03:33;00:12;SS;1;;332;290;94;1990;STRA 90;3;stra V;;L:\AudioToscana\stra V\Extreme - More Than Words.wav;;;1
13176;6005;OLD;;She Drives Me Crazy;0;FINE YOUNG CANNIBALS;N;2;;;;;;N;S;;03:18;00:22;FF;2;;199;56;52;1988;STRA 80;3;stra V;;L:\AudioToscana\stra V\Fine Young Cannibals - She Drives Me Crazy.wav;;;1
13178;2704;OLD;;Lemon Tree;0;FOOL'S GARDEN;N;;;;;;;;S;;03:06;00:13;FF;3;;257;114;78;1995;STRA 90;4;stra V;;L:\AudioToscana\stra V\Fool's Garden - Lemon Tree.wav;;;1
13186;4467;OLD;;Out Of Reach;0;GABRIELLE;B;;;;;;;O;S;;03:08;00:10;SS;1;;279;96;71;1993;STRA 2000;5;stra V;;L:\AudioToscana\stra V\Gabrielle - Out Of Reach.wav;;;1
13201;2718;OLD;;Iris;1;GOO GOO DOLLS;B;3;;;;;;N;S;;03:22;00:12;SS;2;;339;298;77;1998;STRA 90;4;stra V;;L:\AudioToscana\stra V\Goo Goo Dolls - Iris.wav;;;1
13204;5392;OLD;;Wake Me Up When September Ends;0;GREEN DAY;N;R;;;;;;;S;;04:17;00:09;SF;2;;130;64;76;2004;STRA 2000;5;stra V;;L:\AudioToscana\stra V\Green Day - Wake Me Up When September Ends.wav;;;1
13205;2720;OLD;;Knockin' On Heaven's Door;0;GUNS N' ROSES;N;3;;;;;;N;S;;03:40;00:30;SF;1;;261;216;108;1991;STRA 90;4;stra V;;L:\AudioToscana\stra V\Guns N' Roses - Knockin' On Heaven's Door - Guns N' Roses.wav;;;1
13206;2719;OLD;;Don't Cry;0;GUNS N' ROSES;B;3;;;;;;N;S;;04:07;00:18;SF;1;;336;279;91;1991;STRA 90;4;stra V;;L:\AudioToscana\stra V\Guns N' Roses - Don't Cry.wav;;;1
13207;5091;OLD;;November Rain;0;GUNS N' ROSES;B;3;;;;;;N;S;;05:56;01:14;SS;1;;323;275;91;1989;STRA 90;4;stra V;;L:\AudioToscana\stra V\Guns N' Roses - November Rain.wav;;;1
13208;5404;OLD;;Sweet Child Of Mine;0;GUNS N' ROSES;N;R3;;;;;;N;S;;05:47;00:46;FM;2;;279;227;89;1987;STRA 80;4;stra V;;L:\AudioToscana\stra V\Guns N' Roses - Sweet Child o' Mine.wav;;;1
13211;2730;OLD;;The Reason;0;HOOBASTANK;B;;;;;;;O;S;;03:42;00:14;SS;2;;324;95;68;2003;STRA 2000;5;stra V;;L:\AudioToscana\stra V\Hoobastank - The Reason.wav;;;1
13225;4709;OLD;;High;0;JAMES BLUNT;B;;;;;;;O;S;;03:51;00:14;SS;1;;204;203;107;2005;STRA 2000;5;2005;;L:\AudioToscana\2005\James Blunt - High.wav;;;1
13226;3754;OLD;;You Are Beautiful;1;JAMES BLUNT;B;;;;;;;O;S;;03:23;00:24;SS;1;;304;304;98;2000;STRA 2000;5;stra V;;L:\AudioToscana\2005\James Blunt - You are beautiful.wav;;;1
13252;2752;OLD;;Everybody's Changing;1;KEANE;B;;;;;;;O;S;;03:27;00:22;SS;1;;291;291;93;2004;STRA 2000;5;stra V;;L:\AudioToscana\stra V\Keane - Everybody's Changing.wav;;;1
13253;2754;OLD;;This Is The Last Time;0;KEANE;B;;;;;;;;S;;03:14;00:02;SS;1;;248;89;68;2004;STRA 2000;5;stra V;;L:\AudioToscana\stra V\Keane - This Is the Last Time.wav;;;1
13269;3796;OLD;;Unforgivable Sinner;0;LENE MARLIN;B;;;;;;;;S;;03:51;00:22;MS;2;;301;150;73;1998;STRA 90;4;stra V;;L:\AudioToscana\stra V\Lene Marlin - Unforgivable sinner.wav;;;1
13272;2767;OLD;;It Ain't Over 'til It's Over;0;LENNY KRAVITZ;N;2;;;;;;N;S;;03:41;00:27;MF;2;;320;319;93;1991;STRA 90;4;stra V;;L:\AudioToscana\stra V\Lenny Kravitz - It Ain't Over 'Til It's Over.wav;;;1
13277;3802;OLD;;High;0;LIGHTHOUSE FAMILY;B;;;;;;;;S;;03:57;00:11;SS;3;;237;95;71;1997;STRA 90;4;stra V;;L:\AudioToscana\stra V\Lighthouse Family - High.wav;;;1
13286;2777;OLD;;I Try;0;MACY GRAY;N;;;;;;;O;S;;03:23;00:07;SF;1;;272;272;98;1999;STRA 90;4;stra V;;L:\AudioToscana\stra V\Macy Gray - I Try.wav;;;1
13292;2935;OLD;;Like A Prayer;0;MADONNA;B;1;;;;;;N;S;;03:54;00:00;SF;2;;239;129;76;1989;STRA 80;3;stra V;;L:\AudioToscana\stra V\Madonna - Like A Prayer - Madonna.wav;;;1
13304;2954;OLD;;She Will Be Loved;0;MAROON 5;N;;;;;;;O;S;;03:46;00:10;SF;2;;192;60;66;2002;STRA 2000;5;stra V;;L:\AudioToscana\stra V\Maroon 5 - She will be loved.wav;;;1
13305;2956;OLD;;This Love;0;MAROON 5;N;;;;;;;;S;;03:11;00:20;MF;2;;192;60;82;2002;STRA 2000;5;stra V;;L:\AudioToscana\stra V\Maroon 5 - This Love.wav;;;1
13313;2784;OLD;;Black Or White;0;MICHAEL JACKSON;N;2;;;;;;N;S;;03:12;01:16;FF;2;;186;105;108;2003;STRA 90;3;stra V;;L:\AudioToscana\stra V\Michael Jackson - Black Or White - Michael Jackson.wav;;;1
13314;2787;OLD;;Heal The World;1;MICHAEL JACKSON;B;;;;;;;N;S;;05:15;01:09;SS;1;;286;139;80;1991;STRA 90;4;stra V;;L:\AudioToscana\stra V\Michael Jackson - Heal The World - Michael Jackson.wav;;;1
13319;5046;OLD;;Smooth Criminal;0;MICHAEL JACKSON;N;2;;;;;;N;S;;03:28;00:31;FF;3;;132;50;51;1987;STRA 80;3;stra V;;L:\AudioToscana\stra V\Michael Jackson - Smooth Criminal.wav;;;1
13322;2799;OLD;;You Are Not Alone;0;MICHAEL JACKSON;B;2;;;;;;N;S;;04:35;00:17;SS;1;;253;237;107;1995;STRA 90;4;stra V;;L:\AudioToscana\stra V\Michael Jackson - You Are Not Alone.wav;;;1
13328;3826;OLD;;Someday;0;MICHAEL LEARNS TO ROCK;N;;;;;;;O;S;;03:27;00:25;MM;2;;249;107;83;1995;STRA 90;4;stra V;;L:\AudioToscana\stra V\Michael Learns To Rock - Someday.wav;;;1
13330;3492;OLD;;Breathe;0;MIDGE URE;N;3;;;;;;N;S;;03:53;00:10;SS;2;;352;300;88;1989;STRA 90;4;stra V;;L:\AudioToscana\stra V\Midge Ure - Breathe.wav;;;1
13331;3828;OLD;;Over My Shoulder;0;MIKE & THE MECHANICS;N;;;;;;;;S;;03:30;00:13;MF;2;;253;108;90;1995;STRA 90;4;stra V;;L:\AudioToscana\stra V\Mike & The Mechanics - Over My Shoulder.wav;;;1
13334;4936;OLD;;Rome Wasnt Built In A Day;0;MORCHEEBA;N;;;;;;;;S;;03:16;00:01;SF;3;;251;249;99;2000;STRA 2000;5;stra V;;L:\AudioToscana\stra V\Morcheeba - Rome wasnt built in a day.wav;;;1
13336;3852;OLD;;Shiver;0;NATALIE IMBRUGLIA;N;;;;;;;;S;;03:16;00:10;MF;2;;176;50;67;2005;STRA 2000;5;stra V;;L:\AudioToscana\stra V\Nathalie Imbruglia - Shiver.wav;;;1
13337;3850;OLD;;Torn;0;NATALIE IMBRUGLIA;B;;;;;;;;S;;03:45;00:13;MM;2;;284;146;74;1997;STRA 90;4;stra V;;L:\AudioToscana\stra V\Natalie Imbruglia - Torn.wav;;;1
13340;3634;OLD;;7 Seconds (youssou N'dour);1;NENEH CHERRY;B;;;;;;;;S;;03:46;00:16;SS;2;;314;313;96;1992;STRA 90;4;stra V;;L:\AudioToscana\stra V\Youssou N'Dour & Neneh Cherry - Seconds (Radio Version).wav;;;1
13346;3146;OLD;;Don't Speak;0;NO DOUBT;N;;;;;;;;S;;03:39;00:07;SF;1;;260;259;98;1994;STRA 90;4;stra V;;L:\AudioToscana\stra V\No Doubt - Don't Speak.wav;;;1
13350;3156;OLD;;Whatever;0;OASIS;N;;;;;;;;S;;04:24;00:20;MF;2;;137;69;85;1994;STRA 90;4;stra V;;L:\AudioToscana\stra V\Oasis - Whatever.wav;;;2
13352;3157;OLD;;Wonderwall;0;OASIS;N;3;;;;;;N;S;;04:06;00:22;MF;2;;289;140;79;1995;STRA 90;4;stra V;;L:\AudioToscana\stra V\Oasis - Wonderwall.wav;;;1
13353;3150;OLD;;Don't Look Back In Anger;0;OASIS;B;3;;;;;;N;S;;04:41;00:12;SM;2;;346;302;83;1995;STRA 90;4;stra V;;L:\AudioToscana\stra V\Oasis - Don't Look Back in Anger.wav;;;1
13367;1725;OLD;;Domino Dancing;0;PET SHOP BOYS;N;1;;;;;;N;S;;03:51;00:00;MF;2;;203;143;76;1988;STRA 80;3;stra V;;L:\AudioToscana\stra V\Pet Shop Boys - Domino dancing.wav;;;1
13391;3211;OLD;;Let Me Live;0;"QUEEN; FREDDIE MERCURY";B;3;;;;;;N;S;;04:28;00:02;SF;1;;172;136;84;1980;STRA 90;4;stra V;;L:\AudioToscana\stra V\Queen - Let Me Live - Queen.wav;;;1
13398;3226;OLD;;The Show Must Go On;0;"QUEEN; FREDDIE MERCURY";B;3;;;;;;N;S;;03:54;00:20;SM;1;;197;152;104;1991;STRA 90;4;stra V;;L:\AudioToscana\stra V\Queen - The Show Must Go On - Queen-1.wav;;;1
13404;5296;OLD;;Scar Tissue;0;RED HOT CHILI PEPPERS;N;R;;;;;RHCP;;S;;03:21;00:10;MM;2;;134;52;73;1999;STRA 90;4;stra V;;L:\AudioToscana\stra V\RED HOT CHILI PEPPERS - Scar Tissue.wav;;;1
13405;5293;OLD;;Under The Bridge;0;RED HOT CHILI PEPPERS;N;R;;;;;RHCP;;S;;03:58;00:28;SM;2;;130;50;96;1991;STRA 90;4;stra V;;L:\AudioToscana\stra V\Red Hot Chili Peppers - Under the Bridge.wav;;;1
13409;5760;OLD;;Shiny Happy People;0;REM;B;2;;;;;;N;S;;03:31;00:24;SF;3;;304;304;93;1991;STRA 90;3;stra V;;L:\AudioToscana\stra V\REM - Shiny Happy People.wav;;;1
13410;3248;OLD;;Leaving New York;0;REM;N;;;;;;;;S;;04:40;00:10;SS;1;;182;41;84;2004;STRA 2000;5;stra V;;L:\AudioToscana\stra V\R.E.M. - Leaving New York - R.E.M..wav;;;1
13416;3505;OLD;;Angels;1;Robbie Williams;B;;;;;;;O;S;50;04:15;00:05;SS;1;;316;316;97;1997;STRA 90;4;stra V;;L:\AudioToscana\stra V\Robbie Williams - Angels - Robbie Williams.wav;;;1
13417;3509;OLD;;Millennium;0;Robbie Williams;N;;;;;;;;S;;03:15;00:12;FF;2;;177;80;77;1998;STRA 90;4;stra V;;L:\AudioToscana\stra V\Robbie Williams - Millennium - Robbie Williams.wav;;;1
13418;3516;OLD;;Supreme;0;Robbie Williams;B;;;;;;;;S;;03:51;00:13;MF;2;;236;87;78;2000;STRA 2000;5;stra V;;L:\AudioToscana\stra V\Robbie Williams - Supreme - Robbie Williams.wav;;;1
13419;3511;OLD;;No Regrets;0;Robbie Williams;N;;;;;;;;S;;04:41;00:00;MF;2;;190;190;100;1998;STRA 90;4;stra V;;L:\AudioToscana\stra V\Robbie Williams - No Regrets - Robbie Williams.wav;;;1
13420;1757;OLD;;She's The One;1;Robbie Williams;B;;;;;;;O;S;;04:09;00:12;SS;1;;286;285;101;1998;STRA 90;4;stra V;;L:\AudioToscana\stra V\Robbie Williams - She's The One - Robbie Williams.wav;;;1
13421;4570;OLD;;Feel;1;Robbie Williams;B;;;;;;;O;S;;03:34;00:09;SM;1;;278;278;100;2002;STRA 2000;5;stra V;;L:\AudioToscana\stra V\Robbie Williams - Feel.wav;;;1
13422;11648;OLD;;Somethin' Stupid;0;"ROBBIE WILLIAMS E NICOLE KIDMAN; Robbie Williams";N;;;;;;;;S;;02:21;00:12;MM;2;;152;79;70;2001;STRA 2000;5;;;L:\AudioToscana\stra V\Robbie Williams e Nicole Kidman - Somethin' Stupid.wav;;;1
13427;5156;OLD;;When You Say Nothing At All;0;RONAN KEATING;N;;;;;;;O;S;;03:59;00:11;SS;2;;286;286;94;1999;STRA 90;4;stra V;;L:\AudioToscana\stra V\Ronan Keating - When you say nothing at all.wav;;;1
13431;3291;OLD;;It Must Have Been Love;1;ROXETTE;B;2;;;;;;N;S;;03:57;00:18;SM;2;;338;301;80;1990;STRA 90;4;stra V;;L:\AudioToscana\stra V\Roxette - It Must Have Been Love.wav;;;1
13440;5754;OLD;;Smooth;0;SANTANA;N;;;;;;;;S;;04:01;00:18;MF;2;;204;60;67;2007;STRA 2000;5;stra V;;L:\AudioToscana\stra V\Santana - Smooth.wav;;;1
13441;860;OLD;;Just Feel Better;0;"SANTANA - STEVEN TYLER; SANTANA; STEVEN TYLER";N;;;;;;;;S;;04:01;00:19;MM;2;;205;55;79;2005;STRA 2000;5;2005;;L:\AudioToscana\2005\Santana & Steven Tyler - Just feel better.wav;;;1
13442;3904;OLD;;If You Believe;1;SASHA;B;;;;;;;O;S;;04:09;00:22;SM;1;;308;182;78;1998;STRA 90;4;stra V;;L:\AudioToscana\stra V\Sasha - If You Believe.wav;;;1
13443;3316;OLD;;Truly Madly Deeply;0;SAVAGE GARDEN;B;;;;;;;O;S;;03:52;00:17;MS;2;;337;337;93;1997;STRA 90;4;stra V;;L:\AudioToscana\stra V\Savage Garden - Truly Madly Deeply.wav;;;1
13444;1776;OLD;;Wind Of Change;1;SCORPIONS;B;3;;;;;;N;S;;05:03;00:22;SS;1;;332;159;71;1990;STRA 90;4;stra V;;L:\AudioToscana\stra V\Scorpions - Wind Of Change.wav;;;1
13445;3322;OLD;;Crazy;0;SEAL;N;R3;;;;;;N;S;;04:32;00:27;MF;2;;155;104;70;1990;STRA 90;3;stra V;;L:\AudioToscana\stra V\Seal - Crazy.wav;;;1
13451;5286;OLD;;Run Baby Run;0;SHERYL CROW;B;2;;;;;;N;S;;04:09;00:01;SM;1;;356;304;87;1993;STRA 90;3;stra V;;L:\AudioToscana\stra V\SHERYL CROW - Run Baby Run.wav;;;1
13452;4806;OLD;;Goodnight Moon;0;SHIVAREE;B;;;;;;;O;S;;04:00;00:13;MF;2;;312;311;95;1999;STRA 2000;5;stra V;;L:\AudioToscana\stra V\Shivaree - Goodnight Moon.wav;;;1
13460;3378;OLD;;It's Only Love;0;SIMPLY RED;N;2;;;;;;N;S;;03:28;00:16;MF;2;;264;127;85;1989;STRA 80;3;stra V;;L:\AudioToscana\stra V\Simply Red - It's Only Love - Simply Red.wav;;;1
13461;3382;OLD;;Say You Love Me;0;SIMPLY RED;N;;;;;;;O;S;;03:36;00:22;SS;1;;178;71;62;1989;STRA 90;4;stra V;;L:\AudioToscana\stra V\Simply Red - Say You Love Me.wav;;;1
13462;3384;OLD;;Stars;0;SIMPLY RED;N;2;;;;;;N;S;;04:02;00:20;MM;2;;250;145;80;1991;STRA 90;4;stra V;;L:\AudioToscana\stra V\Simply Red - Stars - Simply Red.wav;;;1
13463;1785;OLD;;Nothing Compares 2 U;0;SINEAD O'CONNOR;N;L3;;;;;;NO;S;;04:17;00:09;SS;1;;316;272;92;1990;STRA 90;3;stra V;;L:\AudioToscana\stra V\Sinéad O'Connor - Nothing Compares 2 U - Sinéad O'Connor.wav;;;1
13465;2597;OLD;;Hedonism;0;SKUNK ANANSIE;N;3;;;;;;NO;S;;03:21;00:11;SM;1;;336;336;94;1996;STRA 90;4;stra V;;L:\AudioToscana\stra V\Skunk Anansie - Hedonism.wav;;;1
13489;3415;OLD;;Fields Of Gold;1;STING;B;3;;;;;;N;S;;03:31;00:18;SS;1;;322;148;72;1993;STRA 90;4;stra V;;L:\AudioToscana\stra V\Sting - Fields Of Gold.wav;;;1
13496;3540;OLD;;Back For Good;1;"TAKE THAT; Robbie Williams";B;;;;;;;O;S;;03:51;00:16;SS;1;;274;267;97;1988;STRA 90;4;stra V;;L:\AudioToscana\stra V\Take That - Back For Good.wav;;;1
13499;3912;OLD;;Sleeping Satellite;0;TASMIN ARCHER;N;;;;;;;;S;;03:42;00:06;SF;2;;220;96;75;1992;STRA 90;3;stra V;;L:\AudioToscana\stra V\Tasmin Archer - Sleeping Satellite.wav;;;1
13504;4007;OLD;;You;0;TEN SHARP;N;;;;;;;;S;;03:47;00:11;SM;1;;254;254;106;1987;STRA 90;3;stra V;;L:\AudioToscana\stra V\Ten Sharp - You.wav;;;1
13507;8358;OLD;;Sign Your Name;0;TERENCE TRENT D'ARBY;N;2;;;;;;N;S;;04:21;00:22;MF;1;;286;138;76;1987;STRA 80;3;stra V;;L:\AudioToscana\stra V\Terence Trent D'Arby - Sign Your Name.wav;;;1
13519;3938;OLD;;Sweet Harmony;0;THE BELOVED;N;;;;;;;;S;;04:15;00:31;MF;2;;256;119;80;1990;STRA 90;4;stra V;;L:\AudioToscana\stra V\The Beloved - Sweet Harmony.wav;;;1
13527;1829;OLD;;Lovefool;0;THE CARDIGANS;N;Y;;;;;;;S;;03:11;00:05;FF;2;;257;121;74;1996;STRA 90;4;stra V;;L:\AudioToscana\stra V\The Cardigans - Loverfool.wav;;;1
13530;4009;OLD;;74-75;0;THE CONNELLS;N;;;;;;;;S;;04:08;00:13;SF;1;;256;256;100;1993;STRA 90;4;stra V;;L:\AudioToscana\stra V\The Connells - 74-75.wav;;;1
13533;5147;OLD;;Animal Instinct;0;THE CRANBERRIES;N;;;;;;;;S;;03:25;00:15;MM;2;;231;109;78;1999;STRA 90;4;stra V;;L:\AudioToscana\stra V\The Cranberries - Animal Instinct.wav;;;1
13534;5218;OLD;;Just My Immagination;0;THE CRANBERRIES;N;;;;;;;;S;;03:01;00:10;MM;2;;229;99;80;1999;STRA 90;4;stra V;;L:\AudioToscana\stra V\The Cranberries - Just My Immagination.wav;;;1
13552;3556;OLD;;Bitter Sweet Symphony;0;THE VERVE;N;;;;;;;;S;;03:49;00:32;FF;2;;243;101;81;1997;STRA 90;4;stra V;;L:\AudioToscana\stra V\The Verve - Bitter Sweet Symphony;;;1
13557;3560;OLD;;I Don't Wanna Lose You;0;TINA TURNER;N;2;;;;;;N;S;;04:01;00:14;SF;2;;269;205;82;1989;STRA 90;3;stra V;;L:\AudioToscana\stra V\Tina Turner - I Don't Wanna Lose You - TINA TURNER-YANNI.wav;;;1
13571;3598;OLD;;One;1;U2;B;3;;;;;;N;S;;04:26;00:14;SS;1;;276;114;76;1985;STRA 90;4;stra V;;L:\AudioToscana\stra V\U2 - One - U2.wav;;;1
13577;2979;OLD;;One;1;"U2 - MARY J BLIGE; U2; MARY J BLIGE";B;;;;;;;;S;;03:58;00:12;SS;1;;182;168;105;2005;2006;5;2006;;L:\AudioToscana\2006\MARY J Blige - One.wav;;;1
13583;2579;OLD;;Love Is All Around;1;WET WET WET;B;2;;;;;;N;S;;03:45;00:11;SS;1;;359;291;73;1995;STRA 90;4;stra V;;L:\AudioToscana\stra V\Wet Wet Wet - Love is all around.wav;;;1
13602;2850;OLD;;Wisemen;0;JAMES BLUNT;B;;;;;;;O;S;;03:10;00:26;MM;2;;283;113;64;2004;2006;5;2006;;L:\AudioToscana\2006\James Blunt - Wisemen.wav;;;1
13621;6253;OLD;;Won't Go Home Without You;0;MAROON 5;B;;;;;;;;S;;03:39;00:00;MM;2;;295;84;70;2007;2007;5;2007;;L:\AudioToscana\2007\MAROON 5 - Won't Go Home Without You.wav;;;1
13624;6088;OLD;;Si Tú No Vuelves;0;"MIGUEL BOSE' - SHAKIRA; MIGUEL BOSE'; SHAKIRA";N;;;;;;SE TU NON TORNI;;S;;04:36;00:15;SM;1;;112;110;92;2007;2007;5;2007;;L:\AudioToscana\2007\Miguel Bosé - Si tú no vuelves (con Shakira).wav;;;1
13635;6889;OLD;;Viva La Vida;0;COLDPLAY;N;;;;;;;;S;;03:42;00:14;MM;2;;176;52;78;2008;2008;5;2008;;L:\AudioToscana\2008\Coldplay - Viva La Vida (Radio Edit).wav;;;1
14004;796;OLD;;Fix You;0;COLDPLAY;N;;;;;;;O;S;;04:25;00:00;SS;1;;178;67;81;2005;STRA 2000;5;2005;;L:\AudioToscana\2005\Coldplay - Fix You (Radio Edit).wav;;;1
14052;125;OLD;;Vieni A Vedere Perchè;0;CESARE CREMONINI;N;;;;;;;O;I;;04:03;00:13;SS;1;;237;236;93;1989;ITA 2000;5;ita V;;L:\AudioToscana\ita V\Cesare Cremonini - Vieni a Vedere Perchè.wav;;;1
14054;5447;OLD;;La Nuova Stella Di Broadway;1;CESARE CREMONINI;B;;;;;;;O;I;;04:21;00:13;SS;1;;276;143;67;2013;2013;6;2013;;L:\AudioToscana\2013\CESARE CREMONINI - La Nuova Stella Di Broadway.wav;;;1
14055;768;OLD;;Marmellata 25;0;CESARE CREMONINI;B;;;;;;;;I;;03:23;00:32;MS;2;;241;98;63;2005;ITA 2000;5;2005;;L:\AudioToscana\2005\Cesare Cremonini - Marmellata 25.wav;;;1
14080;4844;OLD;;Eppure Sentire (un Senso Di Te);1;ELISA;B;;;;;;;O;I;;03:25;00:15;SS;1;;289;228;80;2006;2007;5;2007;;L:\AudioToscana\2007\Elisa - Eppure sentire (un senso di te).wav;;;1
14085;2109;OLD;;Una Poesia Anche Per Te;1;ELISA;B;;;;;;;O;I;;04:22;00:00;SS;1;;283;109;71;2019;ITA 2000;5;ita V;;L:\AudioToscana\2005\Elisa - Una Poesia Anche Per Te.wav;;;1
14086;5387;OLD;;Gli Ostacoli Del Cuore;0;"ELISA (CON LIGABUE); ELISA; LIGABUE";B;;;;;;;O;I;;04:06;00:31;MM;2;;154;86;61;2006;2006;5;2006;;L:\AudioToscana\2006\Elisa + Ligabue - Gli Ostacoli del Cuore.wav;;;1
14089;7171;OLD;;Ti Vorrei Sollevare;0;"ELISA E GIULIANO SANGIORGI; ELISA; GIULIANO SANGIORGI; NEGRAMARO";B;;;;;;;;I;;04:22;00:01;SM;1;;198;97;77;2009;2009;5;2009;;L:\AudioToscana\2009\Elisa e Giuliano Sangiorgi - Ti vorrei sollevare.wav;;;1
14137;3995;OLD;;Angelo;0;FRANCESCO RENGA;B;;;;;;;O;I;;03:10;00:09;SS;1;;321;321;93;2004;ITA 2000;5;ita V;;L:\AudioToscana\ita V\Francesco Renga - Angelo.wav;;;1
14149;1162;OLD;;Sei Nell'anima;1;GIANNA NANNINI;B;;;;;;;O;I;;04:00;00:14;SS;2;;298;226;72;2006;2006;5;2006;;L:\AudioToscana\2006\Gianna Nannini - Sei nell'anima.wav;;;1
14150;6296;OLD;;Suicidio D'amore;0;GIANNA NANNINI;N;;;;;;;O;I;;03:01;00:01;SS;1;;190;75;92;2007;2007;5;2007;;L:\AudioToscana\2007\Gianna Nannini - Suicidio d'amore.wav;;;1
14191;7270;OLD;;Come Musica;1;JOVANOTTI;B;;;;;;;O;I;;03:37;00:16;SS;1;;271;206;77;2008;2008;5;2008;;L:\AudioToscana\2008\Jovanotti - Come Musica.wav;;;1
14193;804;OLD;;Mi Fido Di Te;0;JOVANOTTI;B;;;;;;;O;I;;03:35;00:23;SS;2;;283;112;59;2005;ITA 2000;5;2005;;L:\AudioToscana\2005\Jovanotti - Mi Fido Di Te.wav;;;1
14211;4308;OLD;;Dedicato A Te;1;LE VIBRAZIONI;B;;;;;;;O;I;;03:16;00:10;SS;2;;327;115;67;2003;ITA 2000;5;ita V;;L:\AudioToscana\ita V\Le Vibrazioni - Dedicato A Te.wav;;;1
14255;7486;OLD;;Come Foglie;1;MALIKA AYANE;B;;;;;;;O;I;;03:35;00:13;SS;1;;319;234;77;2009;SANREMO 2009;5;2009;;L:\AudioToscana\2009\Malika Ayane - Come Foglie.wav;;;1
14352;4616;OLD;;La Descrizione Di Un Attimo;0;TIROMANCINO;B;;;;;;;O;I;;04:19;00:18;MS;2;;356;354;78;2000;ITA 2000;5;ita V;;L:\AudioToscana\ita V\Tiromancino - La Descrizione Di Un Attimo.wav;;;1
14353;4617;OLD;;Due Destini;0;TIROMANCINO;B;;;;;;;O;I;;04:30;00:20;SS;2;;353;352;85;2000;ITA 2000;5;ita V;;L:\AudioToscana\ita V\Tiromancino - Due Destini.wav;;;1
14358;1640;OLD;;Non Me Lo So Spiegare;1;TIZIANO FERRO;B;;;;;;;O;I;;03:56;00:06;SS;1;;297;296;98;2003;ITA 2000;5;ita V;;L:\AudioToscana\ita V\Tiziano Ferro -  Non me lo spiegare.wav;;;1
14362;5237;OLD;;Alla Mia Età;0;TIZIANO FERRO;B;;;;;;;O;I;;03:24;00:15;SS;1;;275;274;94;2008;2008;5;2008;;L:\AudioToscana\2008\Tiziano Ferro - Alla mia età.wav;;;1
14364;7388;OLD;;Il Regalo Più Grande;0;TIZIANO FERRO;B;;;;;;;O;I;;03:40;00:14;SS;1;;299;299;99;2009;2009;5;2009;;L:\AudioToscana\2009\Tiziano Ferro - Il Regalo Più Grande.wav;;;1
14367;7695;OLD;;Indietro;0;TIZIANO FERRO;B;;;;;;;O;I;;03:36;00:12;SM;1;;294;293;98;2009;2009;5;2009;;L:\AudioToscana\2009\Tiziano Ferro - Indietro.wav;;;1
14382;2331;OLD;;Un Senso;1;VASCO ROSSI;B;;;;;;;O;I;;03:52;00:15;SS;1;;145;145;107;2004;ITA 2000;5;ita V;;L:\AudioToscana\ita V\Vasco Rossi - Un senso.wav;;;1
14386;7588;OLD;;Sto Pensando A Te;0;VASCO ROSSI;B;;;;;;;O;I;;03:36;00:01;SS;2;;143;141;89;2009;2009;5;2009;;L:\AudioToscana\2009\Vasco Rossi - Sto Pensando A Te.wav;;;1
14387;2330;OLD;;E;0;VASCO ROSSI;B;;;;;;;O;I;50;03:21;00:27;SS;1;;150;150;93;2004;ITA 2000;5;ita V;;L:\AudioToscana\ita V\Vasco Rossi - e.wav;;;1
14406;6696;OLD;;Tutti I Colori Della Mia Vita;0;"ZUCCHERO; PHD";B;;;;;;;O;I;;03:47;00:16;SM;1;;214;214;107;2008;2008;5;2008;;L:\AudioToscana\2008\Zucchero - Tutti i Colori della Mia Vita.wav;;;1
14673;6271;OLD;;Wonderful Life;0;"ZUCCHERO; BLACK";N;;;;;;;O;S;;04:07;00:13;SM;1;;96;96;126;2007;2007;5;2007;;L:\AudioToscana\2007\Zucchero - Wonderful life.wav;;;1
15628;12483;OLD;;Somewhere Over The Rainbow;0;ISRAEL KAMAKAWIWO'OLE;N;;;;;;;O;S;;03:15;00:14;SM;1;;226;219;86;1993;STRA 90;3;stra V;;L:\AudioToscana\stra V\Israel Kamakawiwo'ole - Somewhere Over the Rainbow .wav;;;1
15629;6126;OLD;;Un'ora Sola Ti Vorrei;0;GIORGIA;N;;;;;;;;I;;03:20;00:37;MM;2;;177;102;90;1997;ITA 90;4;ita V;;L:\AudioToscana\ita V\Giorgia - Un'ora sola ti vorrei.wav;;;1
16233;1188;OLD;;Laura;0;VASCO ROSSI;N;;;;;;;;I;;03:43;00:01;JR;2;;64;31;93;1998;ITA 90;4;ITA 90;;L:\AudioToscana\ita V\Vasco Rossi - Laura.wav;;;1
16486;13026;OLD;;Vivere;0;"GERARDINA TROVATO E ANDREA BOCELLI; GERARDINA TROVATO; ANDREA BOCELLI";N;;;;;;;;I;;03:52;00:13;SS;2;;187;106;78;1994;ITA 90;4;ita V;;L:\AudioToscana\ita V\GERARDINA TROVATO E ANDREA BOCELLI -  VIVERE.wav;;;1
16655;13197;OLD;;La Bella E La Bestia;0;"GINO PAOLI E AMANDA SANDRELLI; GINO PAOLI";N;L;;;;;;O;I;;03:18;00:15;SS;1;;233;233;94;1991;ITA 90;4;ita V;;L:\AudioToscana\ita V\Gino Paoli e Amanda Sandrelli - La Bella e la Bestia.wav;;;1
16907;288;OLD;;Destinazione Paradiso;1;GIANLUCA GRIGNANI;B;;;;;;;O;I;;03:24;00:30;SS;2;;241;241;65;1995;ITA 90;4;;;L:\AudioToscana\ita V\Gianluca Grignani - Destinazione Paradiso.wav;;;2
24038;23641;OLD;;Can't Help Falling In Love;0;ELVIS PRESLEY;;;;;;;;;;;02:57;00:07;;;;29;29;43;1961;STRA 60;;;;L:\AudioToscana\stra V\Elvis Presley - Can't Help Falling In Love.wav;;;
24086;23691;OLD;;Just the Two of Us (feat. Bill Withers);0;Grover Washington Jr.;;;;;;;;;;;04:34;00:40;;;;27;27;34;2026;STRA V;;;;L:\AudioToscana\stra V\Grover Washington Jr. - Just the Two of Us (feat. Bill Withers).wav;;;
2894;5343;MEM;;La Dura Legge Del Gol;0;"883; MAX PEZZALI";N;;;;;;;;I;;04:35;00:13;SF;2;;57;2;;1998;ITA 90;4;ita V;;L:\AudioToscana\ita V\883 - La dura legge del gol.wav;;;3
2903;18;MEM;;Azzurro;0;ADRIANO CELENTANO;;;;;;;;;I;;03:25;00:08;;2;;26;24;10;1968;ITA 60;1;ita V;;L:\AudioToscana\ita V\Adriano Celentano - Azzurro.wav;;;1
2912;31;MEM;;Susanna;0;ADRIANO CELENTANO;;;;;;;;;;;02:39;00:10;;;;17;10;6;2005;ITA 80;;ita V;;L:\AudioToscana\ita V\Adriano Celentano - Susanna - Adriano Celentano.wav;;;2
2917;36;MEM;;Milano E Vincenzo;0;ALBERTO FORTIS;;;;;;;;;I;;02:36;00:13;SF;2;;52;3;5;1979;ITA 70;2;ita V;;L:\AudioToscana\ita V\Alberto Fortis - Milano e Vincenzo.wav;;;1
2937;45;MEM;;7000 Caffè;0;ALEX BRITTI;;;;;;;;;;;03:00;00:44;;;;4;3;3;2005;ITA 2000;;ita V;;L:\AudioToscana\ita V\Alex Britti - 7000caffè.wav;;;2
2954;74;MEM;;Il Pagliaccio Azzurro;0;ANNA OXA;N;;;;;;;;I;;03:26;00:12;;3;;61;2;;1978;ITA 80;3;ita V;;L:\AudioToscana\ita V\Anna Oxa - Il Pagliaccio Azzurro.wav;;;1
2981;7522;MEM;;Sincerità;0;ARISA;;;;;;;;O;I;;03:10;00:00;MS;3;;99;4;5;2009;SANREMO 2009;6;2009;;L:\AudioToscana\2009\ARISA - Sincerità.wav;;;1
3074;2201;MEM;;Lamette;0;DONATELLA RETTORE;;;;;;;;;;;02:46;00:17;;;;30;30;14;1982;ITA 80;;ita V;;L:\AudioToscana\ita V\Donatella Rettore - Lamette.wav;;;1
3081;187;MEM;;Non Farti Cadere Le Braccia;0;EDOARDO BENNATO;N;;;;;;;;I;;03:39;00:16;SS;1;;61;1;7;1973;ITA 70;2;ita V;;L:\AudioToscana\ita V\Edoardo Bennato - Non farti cadere le braccia.wav;;;1
3107;2190;MEM;;Contessa;0;ENRICO RUGGERI;;;;;;;;;;;02:50;00:18;;3;;10;10;16;;ITA 80;;ita V;;L:\AudioToscana\ita V\Decibel - Contessa.wav;;;1
3179;5336;MEM;;Eppure Mi Son Scordato Di Te;0;FORMULA TRE;;;;;;;;;I;;02:26;01:08;RR;2;;85;16;10;1971;ITA 70;2;ita V;;L:\AudioToscana\ita V\Formula Tre - Eppure Mi Son Scordato Di Te.wav;;;1
3215;277;MEM;;L'era Del Cinghiale Bianco;0;FRANCO BATTIATO;N;;;;;;;;I;;03:31;00:43;JM;2;;69;4;6;1979;ITA 80;3;ita V;;L:\AudioToscana\ita V\Franco Battiato - L'era Del Cinghiale Bianco.wav;;;1
3245;313;MEM;;C'era Un Ragazzo Che Come Me Amava I Beatles ...;0;GIANNI MORANDI;;;;;;;;;I;;02:59;00:08;SF;2;;123;10;6;1966;ITA 60;1;ita V;;L:\AudioToscana\ita V\Gianni Morandi - C'era Un Ragazzo Che Come Me Amava I Beatles E I Rolling Stones.wav;;;1
3248;2042;MEM;;Banane E Lampone;0;GIANNI MORANDI;;;;;;;MORANDI;;I;;03:39;00:19;FF;3;;19;6;8;1992;ITA 90;4;ita V;;L:\AudioToscana\ita V\Gianni Morandi - Banane E Lamponi.wav;;;1
3287;2230;MEM;;Le Ragazze Di Gauguin;0;GRAZIA DI MICHELE;N;;;;;;;O;I;;03:16;00:24;JM;2;;110;2;8;1986;ITA 80;3;ita V;;L:\AudioToscana\ita V\Grazia De Michele - Le Ragazze Di Gauguin.wav;;;1
3387;435;MEM;;Ci Stiamo Sbagliando;0;LUCA CARBONI;N;;;;;;;;I;;03:51;00:21;MF;2;;121;4;8;1984;ITA 80;3;ita V;;L:\AudioToscana\ita V\Luca Carboni - Ci stiamo sbagliando.wav;;;1
3394;451;MEM;;7 E 40;0;LUCIO BATTISTI;;;;;;;;;I;;03:06;00:14;FF;2;;16;9;9;1968;ITA 60;1;ita V;;L:\AudioToscana\ita V\Lucio Battisti - 7 e 40.wav;;;1
3397;457;MEM;;Arrivederci A Questa Sera;0;LUCIO BATTISTI;;;;;;;;;;;03:49;00:29;;;;13;12;5;;ITA 80;;ita V;;L:\AudioToscana\ita V\Lucio Battisti - Arrivederci a questa sera.wav;;;2
3406;519;MEM;;Washington;0;LUCIO DALLA;;;;;;;;;;;03:48;00:20;;;;15;15;12;2005;ITA 80;;ita V;;L:\AudioToscana\ita V\Lucio Dalla - Washington.wav;;;2
3412;514;MEM;;Nuvolari;0;LUCIO DALLA;;;;;;;;;;;05:07;00:15;;;;13;13;8;;ITA 70;;ita V;;L:\AudioToscana\ita V\Lucio Dalla - Nuvolari.wav;;;2
3416;2112;MEM;;Noi Ragazzi Di Oggi;0;LUIS MIGUEL;N;;;;;;;;;;03:25;00:03;;3;;45;8;14;2007;ITA 80;3;ita V;;L:\AudioToscana\ita V\Luis Miguel - Noi, Ragazzi di Oggi.wav;;;1
3431;540;MEM;;Le Ragazze Serie;0;MARCO MASINI;;;;;;;;;;;03:02;00:16;;;;24;23;13;1990;ITA 90;;ita V;;L:\AudioToscana\ita V\Marco Masini - Le Ragazze Serie.wav;;;1
3449;557;MEM;;Noi;0;MATIA BAZAR;;;;;;;;;I;;04:28;00:17;MM;2;;17;11;10;;ITA 80;3;ita V;;L:\AudioToscana\ita V\Matia Bazar - Noi.wav;;;2
3452;560;MEM;;Souvenir;0;MATIA BAZAR;;;;;;;;;I;;03:09;01:23;;2;;13;13;7;;ITA 80;3;ita V;;L:\AudioToscana\ita V\Matia Bazar - Souvenir.wav;;;2
3523;7527;MEM;;Le Ragazze;0;NERI PER CASO;N;;;;;;;;I;;03:25;00:11;SS;2;;63;7;7;1995;ITA 90;4;ita V;;L:\AudioToscana\ita V\Neri Per Caso - Le Ragazze.wav;;;1
3553;2289;MEM;;Via Con Me;0;PAOLO CONTE;N;;;;;;;;I;;02:43;00:06;SM;2;;126;3;5;1981;ITA 80;3;ita V;;L:\AudioToscana\ita V\Paolo Conte - Via Con Me.wav;;;1
3556;1037;MEM;;La Bambola;0;PATTY PRAVO;;;;;;;;;I;;02:47;00:13;RM;2;;60;5;9;0;ITA 60;1;ita V;;L:\AudioToscana\ita V\Patty Pravo - La Bambola.wav;;;1
3565;640;MEM;;A Me Me Piace 'o Blues;0;PINO DANIELE;;;;;;;;;;;02:39;00:15;;;;13;13;10;1980;ITA 80;;ita V;;L:\AudioToscana\ita V\Pino Daniele - A me me piace 'o blues.wav;;;2
3583;5623;MEM;;Uomini Soli;0;POOH;B;L;;;;;;;I;;03:56;00:15;SS;1;;149;4;7;1990;ITA 90;3;ita V;;L:\AudioToscana\ita V\Pooh - Uomini Soli.wav;;;1
3586;8884;MEM;;Io Sono Vivo;0;POOH;;;;;;;;;;;04:29;00:28;;;;21;21;16;1979;ITA 70;;ita V;;L:\AudioToscana\ita V\Pooh - Io sono vivo.wav;;;1
3588;4644;MEM;;Gelato Al Cioccolato;0;PUPO;;;;;;;;;;;02:56;00:00;;;;30;30;15;1979;ITA 70;;stra V;;L:\AudioToscana\ita V\Pupo - Gelato al cioccolato.wav;;;1
3607;1084;MEM;;Baratto;0;RENATO ZERO;;;;;;;;;;;03:42;00:05;;;;14;14;9;1979;ITA 70;;ita V;;L:\AudioToscana\ita V\Renato Zero - Baratto.wav;;;1
3615;675;MEM;;Tu Sei Il Mio Amico Carissimo;0;RICCARDO COCCIANTE;;;;;;;;;I;;03:01;00:00;SS;2;;33;17;13;1980;ITA 80;3;ita V;;L:\AudioToscana\ita V\Riccardo Cocciante - Tu sei il mio amico carissimo.wav;;;1
3623;4402;MEM;;No Tengo Dinero;0;RIGHEIRA;;;;;;;;;;;03:06;00:29;;;;25;24;9;2006;ITA 80;;ita V;;L:\AudioToscana\ita V\Righeira - No Tengo Dinero.wav;;;2
3624;683;MEM;;Berta Filava;0;RINO GAETANO;N;;;;;;;;I;;03:24;00:17;;;;24;8;18;1976;ITA 70;2;ita V;;L:\AudioToscana\ita V\Rino Gaetano - Berta filava.wav;;;1
3626;682;MEM;;Ahi Maria;0;RINO GAETANO;;;;;;;;;I;;02:45;00:01;;;;28;28;15;1979;ITA 80;;ita V;;L:\AudioToscana\ita V\Rino Gaetano - Ahi Maria.wav;;;1
3631;2309;MEM;;Stranamore;0;ROBERTO VECCHIONI;;;;;;;;;I;;03:44;00:15;;;;20;11;11;1978;ITA 70;;ita V;;L:\AudioToscana\ita V\Roberto Vecchioni - Stranamore.wav;;;1
3633;2308;MEM;;Samarcanda;0;ROBERTO VECCHIONI;;;;;;;;;I;;03:04;00:12;;3;;26;10;11;1977;ITA 70;2;ita V;;L:\AudioToscana\ita V\Roberto Vecchioni - Samarcanda.wav;;;1
3655;704;MEM;;Il Garibaldi Innamorato;0;SERGIO CAPUTO;;;;;;;;;I;;03:09;00:14;;;;30;16;10;1987;ITA 80;;ita V;;L:\AudioToscana\ita V\Sergio Caputo - Il Garibaldi Innamorato.wav;;;1
3657;705;MEM;;Italiani Mambo;0;SERGIO CAPUTO;;;;;;;;;;;04:07;00:21;;;;18;18;8;2005;ITA 80;;ita V;;L:\AudioToscana\ita V\Sergio Caputo - Italiani Mambo.wav;;;2
3664;4031;MEM;;Puoi Fidarti Di Me;0;STADIO;;;;;;;;;I;;03:46;00:20;;;;13;13;7;1992;ITA 80;;ita V;;L:\AudioToscana\ita V\Stadio - Puoi fidarti di me.wav;;;1
3708;2327;MEM;;Balla;0;UMBERTO BALSAMO;;;;;;;;;I;;02:58;00:13;;;;33;32;18;1979;ITA 70;;ita V;;L:\AudioToscana\ita V\Umberto Balsamo - Balla.wav;;;1
3709;4362;MEM;;L'angelo Azzurro;0;UMBERTO BALSAMO;N;;;;;;;;I;;02:59;00:32;;3;;29;3;5;1977;ITA 70;2;ita V;;L:\AudioToscana\ita V\Umberto Balsamo - L'Angelo Azzurro.wav;;;1
3715;2373;MEM;;Gli Innamorati;0;UMBERTO TOZZI;N;;;;;;TOZZI;;I;;04:21;00:11;JM;2;;65;3;4;1991;ITA 90;4;ita V;;L:\AudioToscana\ita V\Umberto Tozzi - Gli Innamorati - Umberto Tozzi.wav;;;1
3720;4707;MEM;;Tre Parole;0;VALERIA ROSSI;;;;;;;;;I;;03:39;00:15;;;;30;29;14;2001;ITA 2000;;ita V;;L:\AudioToscana\ita V\Valeria Rossi - Tre parole.wav;;;1
3740;8148;MEM;;T'immagini;0;VASCO ROSSI;;;;;;;;;I;;03:38;00:28;MM;2;;6;1;5;1985;ITA 80;3;ita V;;L:\AudioToscana\ita V\Vasco Rossi - T'immagini.wav;;;1
3746;8911;MEM;;Che Cossé L'amor;0;VINICIO CAPOSSELA;;;;;;;;;I;;04:11;00:00;;;;28;12;12;1994;ITA 90;;ita V;;L:\AudioToscana\ita V\VINICIO CAPOSSELA - Che Cossé L'amor.wav;;;1
3760;1233;MEM;;Non Ti Sopporto Più;0;ZUCCHERO;;;;;;;ZUCCHERO;;I;;03:26;00:24;FF;2;;30;5;16;1987;ITA 80;3;ita V;;L:\AudioToscana\ita V\Zucchero - Non Ti Sopporto Piu.wav;;;1
3871;2992;MEM;;Baby One More Time;0;BRITNEY SPEARS;;Y;;;;;;;S;;03:28;00:11;FF;3;;47;5;7;2006;STRA 90;4;stra V;;L:\AudioToscana\stra V\Britney Spears - ...Baby One More Time - Britney Spears.wav;;;2
4105;2732;MEM;;Virtual Insanity;0;JAMIROQUAI;;;;;;;JAMIRO;;S;;03:41;00:29;MM;2;;26;1;;1996;STRA 90;4;stra V;;L:\AudioToscana\stra V\Jamiroquai - Virtual Insanity.wav;;;1
4165;2759;MEM;;Asereje;0;LAS KETCHUP;;;;;;;;;;;03:06;00:11;;;;1;1;6;2006;STRA 2000;;stra V;;L:\AudioToscana\stra V\Las Ketchup - Asereje.wav;;;2
4234;5102;MEM;;Spider Man;0;MICHAEL BUBLE';;;;;;;;;S;;02:56;00:11;;3;;4;4;5;2006;STRA 2000;;stra V;;L:\AudioToscana\stra V\Micheal Buble' - Spider man.wav;;;2
4238;8620;MEM;;It's A Beautiful Day;0;MICHAEL BUBLE';N;;;;;;;;S;;03:13;00:08;JF;3;;4;4;6;2013;2013;6;2013;;L:\AudioToscana\2013\MICHAEL BUBLE' - IT'S A BEAUTIFUL DAY.wav;;;2
4476;5429;MEM;;I Get Around;0;THE BEACH BOYS;;1;;;;;;N;I;;01:59;00:00;;3;;83;83;24;1964;STRA 60;1;stra V;;L:\AudioToscana\stra V\The Beach Boys - I Get Around.wav;;;1
4688;1828;MEM;;Rock 'n' roll robot;0;ALBERTO CAMERINI;;;;;;;;;I;;03:09;00:12;FF;;;33;33;18;1981;ITA 80;;ita V;;L:\AudioToscana\ita V\Alberto Camerini - Rock n roll robot.wav;;;1
5588;180;MEM;;Buon Compleanno Bambina;0;EDOARDO BENNATO;;;;;;;;;I;;02:36;00:14;MS;2;;61;12;10;1992;ITA 90;4;ita V;;L:\AudioToscana\ita V\Edoardo Bennato - Buon Compleanno Bambina.wav;;;1
5869;267;MEM;;Viva L'italia;0;FRANCESCO DE GREGORI;;;;;;;;;;;03:01;00:13;SS;;;19;19;6;;ITA 70;;ita V;;L:\AudioToscana\ita V\Francesco De Gregori - Viva l'Italia.wav;;;2
5910;3089;MEM;;That's Life;0;FRANK SINATRA;;;;;;;;;;;03:04;00:12;FF;;;4;4;5;2006;STRA 60;;stra V;;L:\AudioToscana\stra V\Frank Sinatra - That's Life.wav;;;2
6086;2713;MEM;;Djobi Djoba;0;GIPSY KINGS;;;;;;;;;;;03:13;00:25;FF;;;4;4;5;2006;STRA 80;;stra V;;L:\AudioToscana\stra V\Gipsy Kings - Djobi Djoba - Gipsy Kings.wav;;;2
6089;2715;MEM;;Volare - Gipsy Kings;0;GIPSY KINGS;;;;;;;;;;;03:41;00:00;MM;;;4;4;4;2006;CATALOGO;;stra V;;L:\AudioToscana\stra V\Gipsy Kings - Volare - Gipsy Kings.wav;;;2
6163;9285;MEM;;Cicale;0;HEATER PARISI;;;;;;;;;;;03:40;00:25;MM;;;21;20;10;1981;ITA 70;;ita V;;L:\AudioToscana\ita V\Heater Parisi - Cicale.wav;;;2
6323;2731;MEM;;Cosmic Girl;0;JAMIROQUAI;;;;;;;JAMIRO;;S;;02:57;00:15;FF;2;;24;;;1987;STRA 90;4;stra V;;L:\AudioToscana\stra V\Jamiroquai - Cosmic Girl.wav;;;1
6421;387;MEM;;Ciao Mamma;0;JOVANOTTI;;;;;;;;;I;;04:03;00:48;MF;3;;5;5;14;1990;ITA 90;4;ita V;;L:\AudioToscana\ita V\Jovanotti - Ciao Mamma.wav;;;1
6433;8044;MEM;;Sono Un Pirata, Sono Un Signore;0;JULIO IGLESIAS;;;;;;;;;I;;02:39;00:23;MM;;;26;25;14;1978;ITA 70;;ita V;;L:\AudioToscana\ita V\Julio Iglesias - Sono un pirata, sono un Signore.wav;;;1
6434;9289;MEM;;Se Mi Lasci Non Vale;0;JULIO IGLESIAS;;;;;;;;;I;;02:47;00:10;MM;3;;24;24;27;1976;ITA 70;;ita V;;L:\AudioToscana\ita V\JULIO IGLESIAS - Se Mi Lasci Non Vale.wav;;;1
6718;2248;MEM;;La Notte Vola;0;LORELLA CUCCARINI;;;;;;;;;I;;02:47;00:24;FF;;;34;34;18;1989;ITA 80;;ita V;;L:\AudioToscana\ita V\Lorella Cuccarini - La notte vola.wav;;;1
6746;6166;MEM;;Le Cose Da Salvare;0;LUCA BARBAROSSA;;;;;;;;;;;03:19;00:19;MF;;;25;25;10;2008;ITA 90;;ita V;;L:\AudioToscana\ita V\Luca Barbarossa - Le cose da salvare.wav;;;2
6784;472;MEM;;Il Tempo Di Morire;0;LUCIO BATTISTI;;;;;;;;;I;;04:23;00:15;MF;1;;11;9;16;1970;ITA 70;2;ita V;;L:\AudioToscana\ita V\Lucio Battisti - Il tempo di morire.wav;;;1
6831;2930;MEM;;Hollywood;0;MADONNA;;;;;;;;;;;02:48;00:12;FF;;;1;1;11;2006;STRA 2000;;stra V;;L:\AudioToscana\stra V\Madonna - Hollywood.wav;;;2
6899;543;MEM;;Ti Vorrei;0;MARCO MASINI;;;;;;;;;I;;04:18;00:19;MM;;;19;17;11;;ITA 90;4;ita V;;L:\AudioToscana\ita V\Marco Masini - Ti Vorrei.wav;;;1
7397;4546;MEM;;Champagne Supernova;0;OASIS;;;;;;;;;;;04:41;00:00;MM;;;3;3;4;2006;STRA V;;stra V;;L:\AudioToscana\stra V\Oasis - Champagne Supernova.wav;;;2
7597;2295;MEM;;Ma Quale Idea;0;PINO D'ANGIO';;;;;;;;;I;;03:31;00:17;FF;;;34;33;16;2006;ITA 80;;ita V;;L:\AudioToscana\ita V\Pino D'angiò - Ma quale idea.wav;;;1
7648;810;MEM;;I Bambini Fanno Ooh;0;POVIA;;;;;;;;;I;;03:29;00:01;SM;;;62;9;6;2005;ITA 2000;5;2005;;L:\AudioToscana\2005\povia - i bambini fanno ooh.wav;;;1
7663;5186;MEM;;Su Di Noi;0;PUPO;N;;;;;;;;I;;02:58;00:14;SF;2;;97;7;13;1980;ITA 80;3;ita V;;L:\AudioToscana\ita V\Pupo - Su Di Noi.wav;;;1
7709;2301;MEM;;Tanti Auguri;0;RAFFAELLA CARRA';;;;;;;;;I;;03:45;00:01;FF;;;35;34;16;1993;ITA 70;;ita V;;L:\AudioToscana\ita V\Raffaella Carrà - Tanti auguri.wav;;;1
7777;1099;MEM;;Morire Qui;0;RENATO ZERO;;;;;;;;;I;;03:03;00:15;MM;;;13;13;15;1977;ITA 70;;ita V;;L:\AudioToscana\ita V\Renato Zero - Morire Qui.wav;;;1
7782;1097;MEM;;Manichini;0;RENATO ZERO;;;;;;;;;;;03:04;00:04;MM;;;13;13;12;2006;ITA 70;;ita V;;L:\AudioToscana\ita V\Renato Zero - Manichini.wav;;;2
7793;5261;MEM;;Un Amico In Me;0;RICCARDO COCCIANTE;;;;;;;;;;;02:00;00:10;SS;2;;28;13;11;1995;ITA 90;4;ita V;;L:\AudioToscana\ita V\Riccardo Cocciante - Un Amico In Me.wav;;;2
7798;4405;MEM;;Sarà Perche Ti Amo;0;RICCHI E POVERI;N;;;;;;;;I;;02:56;00:17;MF;3;;44;7;;1981;ITA 80;3;ita V;;L:\AudioToscana\ita V\Ricchi e Poveri - Sarà Perchè Ti Amo.wav;;;1
7799;9283;MEM;;Mamma Maria;0;RICCHI E POVERI;;;;;;;;;I;;02:36;00:08;MF;3;;10;7;6;2015;ITA 80;;ita V;;L:\AudioToscana\ita V\Ricchi e Poveri - Mamma Maria.wav;;;2
7929;1769;MEM;;Boys;0;SABRINA;;;;;;;;;;;03:22;00:11;FF;;;21;19;10;1987;STRA 80;;stra V;;L:\AudioToscana\stra V\Sabrina - Boys.wav;;;2
7949;3308;MEM;;Nothing's Gonna Stop Me Now;0;SAMANTHA FOX;;0;;;;;;N;S;;03:31;00:09;FF;;;52;51;14;1987;STRA 80;;stra V;;L:\AudioToscana\stra V\Samantha Fox - Nothing's Gonna Stop Me Now.wav;;;2
7950;1771;MEM;;Touch Me (i Want Your Body);0;SAMANTHA FOX;;0;;;;;;N;S;;03:26;00:02;FF;3;;93;44;11;1986;STRA 80;3;stra V;;L:\AudioToscana\stra V\Samantha Fox - Touch me (I want your body).wav;;;1
7981;2314;MEM;;Rocking Rolling;0;SCIALPI;N;;;;;;;;I;;04:00;00:08;SF;2;;75;3;6;1983;ITA 80;3;ita V;;L:\AudioToscana\ita V\Scialpi - Rocking Rolling.wav;;;1
8059;1398;MEM;;A Casa Di Luca;0;SILVIA SALEMI;;;;;;;;;;;03:49;00:17;SS;;;27;27;8;1997;ITA 90;;ita V;;L:\AudioToscana\ita V\Silvia Salemi - A Casa Di Luca.wav;;;1
8203;1804;MEM;;Ouragan;0;STEPHANIE;;0;;;;;;N;S;;04:25;00:21;FF;3;;85;36;12;1986;STRA 80;3;stra V;;L:\AudioToscana\stra V\Stephanie - Ouragan.wav;;;1
8281;2319;MEM;;Non Ci Sto;0;SYRIA;;;;;;;;O;I;;03:11;00:10;MM;;;25;24;8;2006;CATALOGO;;ita V;;L:\AudioToscana\ita V\Syria - Non Ci Sto.wav;;;1
8525;6082;MEM;;E Raffaella È Mia;0;TIZIANO FERRO;;;;;;;;;;;03:12;00:04;FF;;;2;2;3;2007;2007;;2007;;L:\AudioToscana\2007\Tiziano Ferro - E Raffaella È Mia.wav;;;2
8549;2576;MEM;;Acquarello;0;TOQUINO;N;;;;;;;;I;;03:33;00:13;MF;3;;57;4;20;2006;ITA 80;3;stra V;;L:\AudioToscana\ita V\Toquino - Acquarello.wav;;;1
8630;1869;MEM;;I Breathe;0;VACUUM;;;;;;;;;;;04:28;00:17;MM;;;23;22;11;1997;STRA 90;;stra V;;L:\AudioToscana\stra V\Vacuum - I Breathe.wav;;;2
8651;6143;MEM;;Occhi Blu;0;VASCO ROSSI;;;;;;;;;I;;04:06;00:30;MF;2;;4;1;5;2008;ITA 90;4;ita V;;L:\AudioToscana\ita V\Vasco Rossi - Occhi Blu.wav;;;2
8668;1192;MEM;;Non Mi Va;0;VASCO ROSSI;;;;;;;;;I;;03:39;00:26;FF;;;4;4;12;2006;ITA 80;;ita V;;L:\AudioToscana\ita V\Vasco Rossi - Non Mi Va.wav;;;1
8689;5736;MEM;;Comprami;0;VIOLA VALENTINO;;;;;;;;;I;;03:26;00:15;FF;;;33;32;17;1979;ITA 80;;ita V;;L:\AudioToscana\ita V\Viola Valentino - Comprami.wav;;;1
8809;4195;MEM;;Raindrops Keep Falling On My Head;0;B.J. THOMAS;N;2;;;;;;N;S;;02:39;00:05;MM;2;;148;29;10;1968;STRA 60;1;stra V;;L:\AudioToscana\stra V\B.J. Thomas - Raindrops Keep Falling On My Head.wav;;;1
8824;2126;MEM;;Run To Me;0;BEE GEES;N;2;;;;;;NO;S;;02:47;00:08;SS;1;;122;26;13;1972;STRA 60;1;stra V;;L:\AudioToscana\stra V\Bee Gees - Run To Me.wav;;;1
8870;4913;MEM;;Kung Fu Fighting;0;CARL DOUGLAS;N;1;;;;;;N;S;;02:56;00:25;FF;3;;109;31;13;1987;STRA 70;2;stra V;;L:\AudioToscana\stra V\Carl Douglas - Kung Fu Fighting.wav;;;1
8889;4136;MEM;;You Never Can Tell;0;CHUCK BERRY;N;2;;;;;;N;S;;02:27;00:03;FF;3;;142;26;12;1964;STRA 60;1;stra V;;L:\AudioToscana\stra V\Chuck Berry - You Never Can Tell.wav;;;1
8894;1464;MEM;;Your Eyes;0;COOCK DA BOOKS;B;1;;;;;;NO;S;;04:36;00:11;SS;1;;218;1;4;1982;STRA 80;3;stra V;;L:\AudioToscana\stra V\Coock Da Books - Your eyes.wav;;;1
8915;1486;MEM;;Meteor Man;0;DEE DEE JACKSON;N;1;;;;;;N;S;;03:01;00:41;MF;3;;96;25;11;2006;STRA 70;2;stra V;;L:\AudioToscana\stra V\Dee Dee Jackson - Meteor man.wav;;;1
8975;4045;MEM;;I Just Wanna Make Love To You;0;ETTA JAMES;;3;;;;;;N;S;;02:57;00:11;MM;;;100;22;11;1960;STRA 60;1;stra V;;L:\AudioToscana\stra V\Etta James - I Just Wanna Make Love To You - Etta James.wav;;;1
8988;3086;MEM;;My Way;0;FRANK SINATRA;;L3;;;;;;NO;S;;04:28;00:06;SS;1;;96;33;12;1968;STRA 60;1;stra V;;L:\AudioToscana\stra V\Frank Sinatra - My Way.wav;;;1
9134;4926;MEM;;Nothing Else Matters;0;METALLICA;N;R3;;;;;;N;S;;04:44;01:01;SM;1;;162;34;13;2006;STRA 90;4;stra V;;L:\AudioToscana\stra V\Metallica - Nothing Else Matters.wav;;;1
9146;5049;MEM;;Dirty Diana;0;MICHAEL JACKSON;;2;;;;;;N;S;;03:38;00:28;MF;;;66;15;13;1987;STRA 80;3;stra V;;L:\AudioToscana\stra V\Michael Jackson - Dirty Diana.wav;;;1
9190;1713;MEM;;Happy Children;0;P. LION;;0;;;;;;N;S;;03:40;01:25;FM;;;117;71;16;1984;STRA 80;3;stra V;;L:\AudioToscana\stra V\P. Lion - Happy children.wav;;;1
9263;4759;MEM;;Send Me An Angel;0;SCORPIONS;N;2;;;;;;NO;S;;04:01;00:36;SM;1;;149;17;9;1990;STRA 90;3;stra V;;L:\AudioToscana\stra V\scorpions - send me an angel.wav;;;1
9267;3229;MEM;;Mas Que Mada;0;SERGIO MENDES & BRASIL '66;;2;;;;;;N;S;;02:19;00:12;MF;3;;89;61;19;2006;STRA 60;1;stra V;;L:\AudioToscana\stra V\Sergio Mendes & Brasil '66 - Mas Que Mada.wav;;;1
9545;4431;MEM;;Personal Jesus;0;DEPECHE MODE;;R3;;;;;;N;S;;03:33;00:04;FR;3;;119;11;6;1989;STRA 80;3;stra V;;L:\AudioToscana\stra V\Depeche Mode - Personal Jesus.wav;;;1
9556;5149;MEM;;Vincent;0;DON MCLEAN;B;3;;;;;;NO;S;;03:54;00:00;SS;1;;181;41;13;1971;STRA 70;2;stra V;;L:\AudioToscana\stra V\Don McLean - Vincent.wav;;;1
9851;5342;MEM;;Se Tornerai;0;"883; MAX PEZZALI";N;;;;;;;O;I;;03:21;00:00;SM;2;;57;3;7;1998;ITA 90;4;ita V;;L:\AudioToscana\ita V\883 - Se tornerai.wav;;;1
9908;5621;MEM;;Vattene Amore;0;"AMEDEO MINGHI - MIETTA; AMEDEO MINGHI; MIETTA";N;L;;;;;;O;I;;03:37;00:05;SS;1;;134;2;4;1990;ITA 90;3;ita V;;L:\AudioToscana\ita V\Amedeo Minghi & Mietta - Vattene Amore.wav;;;1
9938;6495;MEM;;Stai Con Me;0;ANTONELLO VENDITTI;N;;;;;;;O;I;;04:28;00:26;MS;2;;45;;;1979;ITA 80;3;ita V;;L:\AudioToscana\ita V\Antonello Venditti - Stai con me.wav;;;1
9951;86;MEM;;Non È Un Film;0;ARTICOLO 31;;;;;;;;O;I;;04:10;00:19;SM;;;33;7;6;2002;ITA 2000;;ita V;;L:\AudioToscana\ita V\articolo 31 - non è un film.wav;;;1
10034;5731;MEM;;Anima Mia;0;CUGINI DI CAMPAGNA;B;;;;;;;O;I;;03:03;00:01;SM;1;;73;14;12;1973;ITA 70;2;ita V;;L:\AudioToscana\ita V\Cugini Di Campagna - Anima Mia.wav;;;1
10040;2193;MEM;;Io Mi Fermo Qui;0;DIK DIK;B;;;;;;;O;I;;03:10;00:26;SM;2;;166;5;5;1970;ITA 70;2;ita V;;L:\AudioToscana\ita V\Dik Dik - Io mi fermo qui.wav;;;1
10041;2194;MEM;;L'isola Di Wight;0;DIK DIK;;;;;;;;O;I;;03:27;00:07;SF;;;60;22;10;1995;ITA 70;;ita V;;L:\AudioToscana\ita V\Dik Dik - L'isola di Wight.wav;;;1
10049;5779;MEM;;Piccola E Fragile;0;DRUPI;B;;;;;;;O;I;;03:20;00:08;SS;2;;101;13;9;1970;ITA 70;2;ita V;;L:\AudioToscana\ita V\Drupi - Piccola E Fragile.wav;;;1
10050;2205;MEM;;Sereno È;0;DRUPI;B;;;;;;;O;I;;03:37;00:13;SS;2;;108;13;11;1974;ITA 70;2;ita V;;L:\AudioToscana\ita V\Drupi - Sereno è.wav;;;1
10073;949;MEM;;Nuovo Swing;0;ENRICO RUGGERI;N;;;;;;;O;I;;04:09;00:00;SM;2;;118;2;6;1984;ITA 80;3;ita V;;L:\AudioToscana\ita V\Enrico Ruggeri - Nuovo Swing.wav;;;1
10080;952;MEM;;Prima Del Temporale;0;ENRICO RUGGERI;;;;;;;;O;I;;04:04;00:15;SS;1;;39;14;11;1991;ITA 90;4;ita V;;L:\AudioToscana\ita V\Enrico Ruggeri - Prima Del Temporale.wav;;;1
10081;202;MEM;;Io Ho In Mente Te;0;EQUIPE 84;B;;;;;;;O;I;;02:14;00:01;FF;3;;85;8;7;1966;ITA 60;1;ita V;;L:\AudioToscana\ita V\Equipe 84 - Io Ho in Mente Te.wav;;;1
10113;214;MEM;;Non È Nel Cuore;0;EUGENIO FINARDI;;;;;;;;O;I;;03:08;00:01;SF;;;41;25;14;1990;ITA 70;;ita V;;L:\AudioToscana\ita V\Eugenio Finardi - Non è nel cuore.wav;;;1
10119;223;MEM;;M'innamoro Davvero;0;FABIO CONCATO;N;;;;;;;O;I;;04:29;00:14;MS;1;;118;3;8;1998;ITA 90;4;ita V;;L:\AudioToscana\ita V\Fabio Concato - M'innamoro davvero.wav;;;1
10134;5591;MEM;;Mi Manchi;0;FAUSTO LEALI;N;L;;;;;;O;I;;03:17;00:14;SS;1;;142;3;8;1993;ITA 80;3;ita V;;L:\AudioToscana\ita V\Fausto Leali - Mi Manchi.wav;;;1
10135;7085;MEM;;Il Mare Piu Grande Che C'è (i Love You Man);0;FIORDALISO;;;;;;;;O;I;;03:44;00:27;MM;;;91;17;10;2008;ITA 90;;ita V;;L:\AudioToscana\ita V\Fiordaliso - Il mare più grande che c'è (I Love you man).wav;;;1
10160;6185;MEM;;Qua Qua Quando;0;FRANCESCO BACCINI;;;;;;;;O;I;;03:29;00:12;SM;;;23;20;11;1990;ITA 90;;ita V;;L:\AudioToscana\ita V\Francesco Baccini - Qua Qua Quando.wav;;;1
10161;249;MEM;;Ho Voglia D'innamorarmi;0;FRANCESCO BACCINI;;;;;;;;O;I;;03:53;00:14;SS;;;52;20;11;1997;ITA 90;;ita V;;L:\AudioToscana\ita V\Francesco Baccini - Ho voglia d'innamorarmi.wav;;;1
10166;5686;MEM;;Caterina;0;FRANCESCO DE GREGORI;;;;;;;;O;I;;03:10;00:20;MF;;;51;15;6;1982;ITA 80;;ita V;;L:\AudioToscana\ita V\Francesco De Gregori - Caterina.wav;;;1
10172;8043;MEM;;Sarà Per Te;0;FRANCESCO NUTI;N;;;;;;;O;I;;03:56;00:10;SS;1;;88;7;12;2015;ITA 80;3;ita V;;L:\AudioToscana\ita V\Francesco Nuti - Sarà per te.wav;;;1
10174;2125;MEM;;Tracce Di Te;0;FRANCESCO RENGA;N;L;;;;;;O;I;;04:05;00:11;SS;1;;102;;9;2006;ITA 2000;5;ita V;;L:\AudioToscana\ita V\Francesco Renga - Tracce Di Te.wav;;;1
10176;7529;MEM;;Io Che Non Vivo Senza Te;0;FRANCESCO RENGA;N;L;;;;;;O;I;;03:05;00:18;SS;1;;186;;;2009;2009;3;2009;;L:\AudioToscana\2009\Francesco Renga - Io Che Non Vivo Senza Te.wav;;;1
10235;2220;MEM;;Non Si Può Morire Dentro;0;GIANNI BELLA;B;L;;;;;;O;I;;03:31;00:00;SM;2;;107;7;7;1976;ITA 70;2;ita V;;L:\AudioToscana\ita V\Gianni Bella - Non Si Può Morire Dentro.wav;;;1
10260;5891;MEM;;Ti Lascio Una Canzone;0;GINO PAOLI;B;;;;;;;O;I;;03:07;00:17;SS;1;;110;9;8;1986;ITA 80;3;ita V;;L:\AudioToscana\ita V\Gino Paoli - Ti Lascio Una Canzone.wav;;;1
10284;6048;MEM;;Bella Da Morire;1;HOMO SAPIENS;B;;;;;;;O;I;;03:59;00:17;MS;;;42;23;11;1977;ITA 70;2;ita V;;L:\AudioToscana\ita V\Homo Sapiens - Bella da Morire.wav;;;1
10287;4531;MEM;;Tornerò;0;I SANTO CALIFORNIA;;;;;;;;O;I;;03:12;00:37;SM;;;49;31;17;1975;ITA 70;;ita V;;L:\AudioToscana\ita V\I Santo California - Tornerò.wav;;;1
10305;2243;MEM;;Il Mondo;0;JIMMY FONTANA;B;;;;;;;O;I;;02:25;00:06;SM;1;;78;15;10;1965;ITA 60;1;ita V;;L:\AudioToscana\ita V\Jimmy Fontana - Il mondo.wav;;;1
10312;395;MEM;;Quando Sarai Lontana;0;JOVANOTTI;N;;;;;;;O;I;;03:45;00:25;SS;2;;90;;;1991;ITA 90;3;ita V;;L:\AudioToscana\ita V\Jovanotti - Quando Sarai Lontana.wav;;;1
10382;433;MEM;;Per I Tuoi Occhi;0;LOREDANA BERTE';N;;;;;;;O;I;;03:33;00:12;SF;3;;81;3;7;1982;ITA 80;3;ita V;;L:\AudioToscana\ita V\Loredana Bertè - Per I Tuoi Occhi.wav;;;1
10387;6085;MEM;;Un Altro Amore No;0;LORELLA CUCCARINI;;;;;;;;O;I;;03:42;00:08;SM;;;31;26;13;1995;ITA 90;;ita V;;L:\AudioToscana\ita V\Lorella Cuccarini - Un Altro Amore No.wav;;;1
10395;6474;MEM;;L'amore Che Cos'è;0;LUCA CARBONI;;;;;;;;O;I;;04:23;00:03;SS;2;;88;13;12;1991;ITA 90;4;ita V;;L:\AudioToscana\ita V\Luca Carboni - L'amore che cos'è.wav;;;1
10398;6477;MEM;;I Ragazzi Che Si Amano;0;LUCA CARBONI;;;;;;;;O;I;;04:14;00:36;MF;1;;29;15;10;1989;ITA 80;3;ita V;;L:\AudioToscana\ita V\Luca Carboni - I ragazzi che si amano.wav;;;1
10404;481;MEM;;Neanche Un Minuto Di Non Amore;0;LUCIO BATTISTI;N;;;;;;;O;I;;05:10;00:24;FF;2;;67;3;9;1977;ITA 70;2;ita V;;L:\AudioToscana\ita V\Lucio Battisti - Neanche Un Minuto Di Non Amore.wav;;;1
10414;487;MEM;;Perché No;0;LUCIO BATTISTI;N;;;;;;;O;I;;04:27;00:31;SS;2;;31;2;6;1978;ITA 70;2;ita V;;L:\AudioToscana\ita V\Lucio Battisti - Perché No.wav;;;1
10433;6712;MEM;;Telefonami Tra Vent'anni;0;LUCIO DALLA;;;;;;;;O;I;;04:06;00:16;SF;;;50;12;7;1989;ITA 80;;ita V;;L:\AudioToscana\ita V\Lucio Dalla - Telefonami tra vent'anni.wav;;;1
10451;525;MEM;;Australia;0;MANGO;;;;;;;;O;I;;03:17;00:45;MM;;;33;20;12;1985;ITA 80;;ita V;;L:\AudioToscana\ita V\Mango - Australia.wav;;;1
10456;6030;MEM;;L'ultima Poesia;0;"MARCELLA E GIANNI BELLA; MARCELLA BELLA; GIANNI BELLA";B;;;;;;;O;I;;04:08;00:15;SM;1;;55;7;10;2007;ITA 80;3;ita V;;L:\AudioToscana\ita V\Marcella & Gianni Bella - L'ultima poesia.wav;;;1
10457;533;MEM;;Lupo Solitario Dj;0;MARCO FERRADINI;;;;;;;;O;I;;04:43;00:16;MM;2;;91;14;10;1983;ITA 80;3;ita V;;L:\AudioToscana\ita V\Marco Ferradini - Lupo Solitario D.J..wav;;;1
10460;6408;MEM;;Cenerentola Innamorata;0;MARCO MASINI;N;L;;;;;;O;I;;04:04;00:22;SF;1;;163;2;34;1991;ITA 90;4;ita V;;L:\AudioToscana\ita V\Marco Masini - Cenerentola Innamorata.wav;;;1
10491;2156;MEM;;Questa Nostra Grande Storia D'amore;0;MATIA BAZAR;;;;;;;;O;I;;03:50;00:09;SM;2;;38;10;8;2000;ITA 2000;;ita V;;L:\AudioToscana\ita V\Matia Bazar - Questa Nostra Grande Storia D'amore.wav;;;1
10500;1402;MEM;;Gli Uomini Non Cambiano;0;MIA MARTINI;N;L;;;;;;O;I;;03:52;00:18;SS;1;;172;;;1992;ITA 90;4;ita V;;L:\AudioToscana\ita V\Mia Martini - Gli Uomini Non Cambiano.wav;;;1
10506;572;MEM;;Minuetto;0;MIA MARTINI;B;L;;;;;;O;I;;04:31;00:07;SM;1;;146;3;12;1973;ITA 70;2;ita V;;L:\AudioToscana\ita V\Mia Martini - Minuetto.wav;;;1
10507;1026;MEM;;L'elefante E La Farfalla;0;MICHELE ZARRILLO;N;;;;;;;O;I;;03:59;00:07;SS;1;;160;;6;1996;ITA 90;4;ita V;;L:\AudioToscana\ita V\Michele Zarrillo - L'elefante E La Farfalla - Michele Zarrillo.wav;;;1
10515;2160;MEM;;Fare L'amore;0;MIETTA;;;;;;;;O;I;;03:57;00:27;FF;3;;55;10;10;2000;ITA 2000;;ita V;;L:\AudioToscana\ita V\Mietta - Fare L'amore.wav;;;1
10522;594;MEM;;Io E Te Da Soli;0;MINA;;;;;;;;O;I;;04:04;00:42;SS;;;47;10;8;1971;ITA 70;;ita V;;L:\AudioToscana\ita V\Mina - Io E Te Da Soli.wav;;;1
10530;2273;MEM;;Il Cielo In Una Stanza;0;MINA;B;;;;;;;O;I;;02:51;00:12;SS;1;;67;4;7;1960;ITA 60;1;ita V;;L:\AudioToscana\ita V\Mina - Il cielo in una stanza.wav;;;1
10531;595;MEM;;L'importante È Finire;0;MINA;N;;;;;;;O;I;;02:42;00:23;SS;1;;83;3;7;2001;ITA 70;2;ita V;;L:\AudioToscana\ita V\Mina - L'importante È Finire.wav;;;1
10589;626;MEM;;Crescerai;0;NOMADI;;;;;;;;O;I;;03:06;00:16;MS;1;;47;11;10;0;ITA 70;2;ita V;;L:\AudioToscana\ita V\Nomadi - Crescerai.wav;;;1
10602;6559;MEM;;Eternità;0;ORNELLA VANONI;;;;;;;;O;I;;03:34;00:16;MM;;;53;5;5;2007;ITA 60;1;ita V;;L:\AudioToscana\ita V\Ornella Vanoni - Eternità.wav;;;1
10605;4764;MEM;;Quando Ti Senti Sola;0;ORO;N;;;;;;;O;I;;03:48;00:01;SS;1;;141;8;8;1996;ITA 90;4;ita V;;L:\AudioToscana\ita V\ORO - Quando Ti Senti Sola.wav;;;1
10614;5945;MEM;;La Forza Della Vita;0;PAOLO VALLESI;N;L;;;;;;O;I;;04:15;00:16;SF;1;;233;3;6;1992;ITA 90;3;ita V;;L:\AudioToscana\ita V\Paolo Vallesi - La forza della Vita.mp3;;;1
10642;1056;MEM;;Noi Due Nel Mondo E Nell'anima;0;POOH;;L;;;;;;O;I;;03:13;00:25;SS;1;;70;7;19;0;ITA 70;2;ita V;;L:\AudioToscana\ita V\Pooh - Noi Due Nel Mondo E Nell'anima - Pooh.wav;;;1
10647;1055;MEM;;L'altra Donna;0;POOH;N;;;;;;;O;I;;04:18;00:13;SM;1;;172;1;40;1990;ITA 90;3;ita V;;L:\AudioToscana\ita V\Pooh - L'altra Donna.wav;;;1
10651;1063;MEM;;Se Balla Da Sola;0;POOH;;;;;;;;O;I;;04:20;00:39;FF;3;;28;6;27;1999;ITA 90;4;ita V;;L:\AudioToscana\ita V\Pooh - Se balla da sola.wav;;;1
10654;1066;MEM;;Tanta Voglia Di Lei;0;POOH;B;L;;;;;;O;I;;03:24;00:18;SS;1;;140;5;6;1971;ITA 70;2;ita V;;L:\AudioToscana\ita V\Pooh - Tanta Voglia Di Lei - Pooh.wav;;;1
10657;7335;MEM;;Stare Senza Di Te;0;POOH;N;;;;;;;O;I;;05:16;00:28;SM;1;;156;4;44;1992;ITA 90;3;ita V;;L:\AudioToscana\ita V\Pooh - Stare Senza Di Te.wav;;;1
10658;5929;MEM;;Mi Manchi;0;POOH;;;;;;;;O;I;;03:57;00:24;SM;1;;29;7;8;1999;ITA 90;4;ita V;;L:\AudioToscana\ita V\Pooh - Mi manchi.wav;;;1
10659;1057;MEM;;Non Lasciarmi Mai Più;0;POOH;;;;;;;;O;I;;03:49;00:37;MF;2;;52;16;10;1997;ITA 90;4;ita V;;L:\AudioToscana\ita V\Pooh - Non Lasciarmi Mai Più.wav;;;1
10661;4093;MEM;;Firenze Santa Maria Novella;0;PUPO;N;;;;;;;O;I;;02:53;00:15;SM;2;;68;4;14;2012;ITA 80;3;ita V;;L:\AudioToscana\ita V\Pupo - Firenze Santa Maria Novella.wav;;;1
10704;672;MEM;;Sincerità;0;RICCARDO COCCIANTE;N;;;;;;;O;I;;03:14;00:17;SS;1;;86;1;4;1983;ITA 80;3;ita V;;L:\AudioToscana\ita V\Riccardo Cocciante - Sincerità.wav;;;1
10710;671;MEM;;Se Stiamo Insieme;1;RICCARDO COCCIANTE;N;L;;;;;;O;I;;04:29;00:25;SS;1;;197;2;;1991;ITA 90;3;ita V;;L:\AudioToscana\ita V\Riccardo Cocciante - Se stiamo insieme.wav;;;1
10723;679;MEM;;Malinconia;0;RICCARDO FOGLI;;;;;;;;O;I;;03:34;00:15;MF;;;59;15;8;2005;ITA 80;3;ita V;;L:\AudioToscana\ita V\Riccardo Fogli - Malinconia.wav;;;1
10731;1117;MEM;;Per Amore Mio;0;ROBERTO VECCHIONI;N;;;;;;;O;I;;04:15;00:00;MF;2;;135;2;;1991;ITA 90;3;ita V;;L:\AudioToscana\ita V\Roberto Vecchioni - Per Amore Mio.wav;;;1
10732;1114;MEM;;La Mia Ragazza;0;ROBERTO VECCHIONI;;;;;;;;O;I;;03:56;00:13;SS;;;64;15;9;1985;ITA 80;;ita V;;L:\AudioToscana\ita V\Roberto Vecchioni - La Mia Ragazza.wav;;;1
10736;1131;MEM;;Un Momento Anche Per Te;0;RON;N;;;;;;;O;I;;03:46;00:23;SM;2;;71;4;18;1990;ITA 80;3;ita V;;L:\AudioToscana\ita V\Ron - Un Momento Anche Per Te - Ron.wav;;;1
10745;3875;MEM;;Le Mie Parole;0;SAMUELE BERSANI;;;;;;;;O;I;;03:16;00:00;SS;1;;39;15;14;2002;ITA 2000;5;ita V;;L:\AudioToscana\ita V\Samuele Bersani - Le Mie Parole.wav;;;1
10753;5959;MEM;;Ti Regalerò Una Rosa;0;SIMONE CRISTICCHI;;;;;;;;O;I;;03:23;00:11;SS;;;37;33;18;2007;SANREMO 2007;5;2007;;L:\AudioToscana\2007\Simone Cristicchi - Ti regalerò una rosa.wav;;;1
10762;1142;MEM;;Canzoni Alla Radio;1;STADIO;B;;;;;;;O;I;;04:16;00:14;SS;1;;98;3;8;1986;ITA 80;3;ita V;;L:\AudioToscana\ita V\Stadio - Canzoni alla radio.wav;;;1
10772;4779;MEM;;Pelle A Pelle;0;STADIO;N;;;;;;;O;I;;04:20;00:15;MF;2;;122;;3;1991;ITA 90;3;ita V;;L:\AudioToscana\ita V\Stadio - Pelle A Pelle.wav;;;1
10773;1141;MEM;;Allo Stadio;0;STADIO;N;;;;;;;O;I;;02:46;00:00;FF;3;;40;2;4;1984;ITA 80;3;ita V;;L:\AudioToscana\ita V\Stadio - Allo stadio.wav;;;1
10792;4745;MEM;;Sei Tu;0;SYRIA;;;;;;;;O;I;;04:04;00:05;SS;;;69;22;9;1996;ITA 90;;ita V;;L:\AudioToscana\ita V\Syria - Sei Tu.wav;;;1
10823;3354;MEM;;Se Non Avessi Te;0;UMBERTO TOZZI;N;;;;;;TOZZI;O;I;;04:16;00:24;SM;2;;78;4;32;1987;ITA 80;3;ita V;;L:\AudioToscana\ita V\Umberto Tozzi - Se Non Avessi Te - Umberto Tozzi.wav;;;1
10828;4235;MEM;;Io Camminerò;0;UMBERTO TOZZI;N;L;;;;;;O;I;;04:24;00:00;SM;1;;124;1;7;1976;ITA 70;2;ita V;;L:\AudioToscana\ita V\Umberto Tozzi - Io camminerò.wav;;;1
10844;7670;MEM;;Silvia;0;VASCO ROSSI;;;;;;;;O;I;;03:26;00:17;SS;;;8;3;5;1985;ITA 70;2;ita V;;L:\AudioToscana\ita V\Vasco Rossi - Silvia.wav;;;1
10871;6251;MEM;;Miserere (con Pavarotti);0;ZUCCHERO;;L;;;;;;O;I;;04:09;00:02;SM;1;;10;6;11;2007;ITA 90;4;ita V;;L:\AudioToscana\ita V\Zucchero - Miserere (con Pavarotti).wav;;;1
11308;1601;MEM;;Une Belle Histoire;0;MICHEL FUGAIN;;2;;;;;;O;S;;03:13;00:12;SS;1;;45;16;15;1972;STRA 70;2;stra V;;L:\AudioToscana\stra V\Michelle Fugain - Une belle histoire.wav;;;1
11328;5944;MEM;;My Baby Just Cares For Me;0;NINA SIMONE;N;3;;;;;;O;S;;03:33;00:10;SM;;;15;5;10;2007;STRA 60;;stra V;;L:\AudioToscana\stra V\Nina Simone - My Baby Just Cares for Me.wav;;;2
11385;4156;MEM;;I Believe I Can Fly;0;R KELLY;;;;;;;;O;S;;04:39;00:00;SS;2;;75;18;14;2006;STRA 90;4;stra V;;L:\AudioToscana\stra V\R Kelly - I Believe I Can Fly.wav;;;1
11443;6226;MEM;;Don't Cry Tonight;0;SAVAGE;;1;;;;;;N;S;;02:39;01:14;;;;121;67;9;1983;STRA 80;3;stra V;;L:\AudioToscana\stra V\Savage - Don't Cry Tonight.wav;;;1
11537;4012;MEM;;All I Have To Do Is Dream;0;THE EVERLY BROTHERS;;;;;;;;O;S;;02:09;00:03;SS;2;;68;18;11;1958;STRA 60;1;stra V;;L:\AudioToscana\stra V\the everly brothers - all i have to do is dream.wav;;;1
11573;3595;MEM;;Miss Sarajevo;0;U2;;;;;;;;O;S;;04:13;00:36;SS;1;;27;10;12;2006;STRA 90;4;stra V;;L:\AudioToscana\stra V\U2 - Miss Sarajevo - U2.wav;;;1
11576;4702;MEM;;Girl, You'll Be A Woman Soon;0;URGE OVERKILL;;;;;;;;O;S;;02:49;00:00;SM;2;;71;18;14;1992;STRA 90;4;stra V;;L:\AudioToscana\stra V\Urge Overkill - Girl, You'll Be A Woman Soon.wav;;;1
12663;714;MEM;;Xdono;0;TIZIANO FERRO;;Y;;;;;;;I;;03:43;00:20;SF;2;;84;2;14;2001;ITA 2000;5;ita V;;L:\AudioToscana\ita V\Tiziano Ferro - xdono.wav;;;1
12687;2202;MEM;;Splendido Splendente;0;DONATELLA RETTORE;;;;;;;;;I;;03:24;00:08;MF;3;;40;12;10;1979;ITA 70;2;ita V;;L:\AudioToscana\ita V\Donatella Rettore - Splendido Splendente.wav;;;1
12712;1106;MEM;;Triangolo;0;RENATO ZERO;;;;;;;;;I;;03:44;00:18;FF;3;;32;8;11;1978;ITA 70;2;ita V;;L:\AudioToscana\ita V\Renato Zero - Triangolo.wav;;;1
12713;1098;MEM;;Mi Vendo;0;RENATO ZERO;N;;;;;;;;I;;03:51;00:15;FF;3;;35;1;;1976;ITA 70;2;ita V;;L:\AudioToscana\ita V\Renato Zero - Mi Vendo.wav;;;1
12717;686;MEM;;Nuntereggae Piu';0;RINO GAETANO;;;;;;;;;I;;04:41;00:17;FF;3;;52;13;20;1978;ITA 70;2;ita V;;L:\AudioToscana\ita V\Rino Gaetano - Nuntereggae piu'.wav;;;1
12718;684;MEM;;Gianna;0;RINO GAETANO;;;;;;;;;I;;03:20;00:19;MF;3;;86;7;13;1978;ITA 70;2;ita V;;L:\AudioToscana\ita V\Rino Gaetano - Gianna.wav;;;1
12725;71;MEM;;E' Tutto Un Attimo;0;ANNA OXA;N;;;;;;;;I;;03:14;00:18;MF;2;;114;4;37;1986;ITA 80;3;ita V;;L:\AudioToscana\ita V\Anna Oxa - E' Tutto Un Attimo.wav;;;1
12733;922;MEM;;Giulio Cesare;0;ANTONELLO VENDITTI;N;;;;;;;;I;;05:03;00:22;SM;2;;55;2;7;1986;ITA 80;3;ita V;;L:\AudioToscana\ita V\Antonello Venditti - Giulio Cesare.wav;;;1
12750;4585;MEM;;Non Voglio Mica La Luna;0;FIORDALISO;N;;;;;;;;I;;03:44;00:16;SF;3;;85;5;4;1983;ITA 80;3;ita V;;L:\AudioToscana\ita V\fiordaliso - Non Voglio Mica La Luna.wav;;;1
12774;4503;MEM;;Maracaibo;0;LU COLOMBO;;;;;;;;;I;;03:24;00:16;MF;3;;29;29;15;1984;ITA 80;3;ita V;;L:\AudioToscana\ita V\Lu Colombo - Maracaibo.wav;;;1
12791;1047;MEM;;Canterò Per Te;0;POOH;;;;;;;;;I;;03:40;00:19;FF;2;;18;12;8;2006;ITA 80;3;ita V;;L:\AudioToscana\ita V\Pooh - Canterò Per Te.wav;;;1
12805;701;MEM;;Bimba Se Sapessi;0;SERGIO CAPUTO;N;;;;;;;;I;;03:08;00:14;MF;2;;121;4;9;1983;ITA 80;3;ita V;;L:\AudioToscana\ita V\Sergio Caputo - Bimba Se Sapessi.wav;;;1
12811;1165;MEM;;Notte Rosa;0;UMBERTO TOZZI;N;;;;;;;;I;;04:01;00:15;FF;2;;76;6;22;1981;ITA 80;3;ita V;;L:\AudioToscana\ita V\Umberto Tozzi - Notte Rosa - Umberto Tozzi.wav;;;1
12815;6061;MEM;;Vado Al Massimo;0;VASCO ROSSI;;;;;;;;;I;;03:31;00:15;SF;2;;29;4;75;1982;ITA 80;3;ita V;;L:\AudioToscana\ita V\Vasco Rossi - Vado Al Massimo.wav;;;1
12816;5969;MEM;;Lunedi';0;VASCO ROSSI;;;;;;;;;I;;03:17;00:12;MF;2;;4;4;21;2007;ITA 80;3;ita V;;L:\AudioToscana\ita V\Vasco Rossi - Lunedi'.wav;;;1
12823;1174;MEM;;Bollicine;0;VASCO ROSSI;N;;;;;;;;I;;04:11;00:24;FF;2;;64;;;1983;ITA 80;3;ita V;;L:\AudioToscana\ita V\Vasco Rossi - Bollicine.wav;;;1
12827;6322;MEM;;Domenica Lunatica;0;VASCO ROSSI;;;;;;;;;I;;03:44;00:06;SM;2;;4;4;13;2007;ITA 80;3;ita V;;L:\AudioToscana\ita V\Vasco Rossi - Domenica Lunatica.wav;;;1
12828;1176;MEM;;Brava Giulia;0;VASCO ROSSI;;;;;;;;;I;;04:20;00:34;FF;2;;7;4;12;1987;ITA 80;3;ita V;;L:\AudioToscana\ita V\Vasco Rossi - Brava Giulia.wav;;;1
12833;1222;MEM;;Diavolo In Me;0;ZUCCHERO;;;;;;;;;I;;03:27;00:40;FF;3;;62;6;7;1989;ITA 80;3;ita V;;L:\AudioToscana\ita V\Zucchero - Diavolo In Me - Zucchero.wav;;;1
12836;1238;MEM;;Rispetto;0;ZUCCHERO;;;;;;;ZUCCHERO;;I;;04:05;00:35;FF;2;;40;7;9;1986;ITA 80;3;ita V;;L:\AudioToscana\ita V\Zucchero - Rispetto.wav;;;1
12837;13;MEM;;Nord Sud Ovest Est;0;"883; MAX PEZZALI";;;;;;;;;I;;03:27;00:14;FF;3;;18;12;8;1993;ITA 90;4;ita V;;L:\AudioToscana\ita V\883 - Nord Sud Ovest Est.wav;;;1
12838;14;MEM;;Sei Un Mito;0;"883; MAX PEZZALI";;;;;;;;;I;;04:18;00:17;FF;3;;10;9;4;1993;ITA 90;4;ita V;;L:\AudioToscana\ita V\883 - Sei un mito.wav;;;1
12839;7;MEM;;Hanno Ucciso L'uomo Ragno;0;"883; MAX PEZZALI";;;;;;;;;I;;04:00;00:18;MF;3;;11;8;19;2005;ITA 90;3;ita V;;L:\AudioToscana\ita V\883 - Hanno Ucciso l'Uomo Ragno.wav;;;1
12840;11;MEM;;La Regola Dell'amico;0;"883; MAX PEZZALI";;;;;;;;;I;;03:59;00:08;SF;3;;4;2;9;2005;ITA 90;4;ita V;;L:\AudioToscana\ita V\883 - La regola dell'amico.wav;;;1
12845;51;MEM;;Solo Una Volta (o Tutta La Vita);0;ALEX BRITTI;;Y;;;;;;;I;;03:39;00:07;FF;3;;74;8;25;1998;ITA 90;4;ita V;;L:\AudioToscana\ita V\Alex Britti - Solo Una Volta.wav;;;1
12900;396;MEM;;Ragazzo Fortunato;0;JOVANOTTI;N;;;;;;;;I;;04:01;00:19;FF;3;;36;;;2005;ITA 90;3;ita V;;L:\AudioToscana\ita V\Jovanotti - Ragazzo Fortunato.wav;;;1
12923;520;MEM;;50 Special;0;"LUNAPOP; CESARE CREMONINI";;Y;;;;;;;I;;03:21;00:25;FF;3;;46;10;;2005;ITA 90;4;ita V;;L:\AudioToscana\ita V\Luna Pop - 50 Special.wav;;;1
12925;1019;MEM;;Primavera;0;MARINA REI;;Y;;;;;;;I;;04:27;00:08;FF;3;;99;15;19;1997;ITA 90;4;ita V;;L:\AudioToscana\ita V\Marina Rei - Primavera.wav;;;1
12926;544;MEM;;Insieme A Te;0;"MARIO LAVEZZI - ORNELLA VANONI; MARIO LAVEZZI; ORNELLA VANONI";N;;;;;;;;I;;03:38;00:21;SS;2;;127;3;5;1990;ITA 90;3;ita V;;L:\AudioToscana\ita V\Mario Lavezzi - Insieme a te (con ornella vanoni).wav;;;1
12940;6131;MEM;;'o Scarrafone;0;PINO DANIELE;;;;;;;;;I;;03:21;00:27;MF;2;;72;5;106;1991;ITA 90;4;ita V;;L:\AudioToscana\ita V\Pino Daniele - 'O Scarrafone.wav;;;1
12959;694;MEM;;Freak;0;SAMUELE BERSANI;;;;;;;;;I;;03:32;00:13;FF;3;;77;12;22;1994;ITA 90;4;ita V;;L:\AudioToscana\ita V\Samuele Bersani - Freak.wav;;;1
12970;1215;MEM;;X Colpa Di Chi?;0;ZUCCHERO;;;;;;;;;I;;03:02;00:15;FF;3;;48;4;16;1995;ITA 90;4;ita V;;L:\AudioToscana\ita V\Zucchero - Colpa Di Chi - Zucchero.wav;;;1
12993;1918;MEM;;Knock On Wood;0;AMII STEWART;N;1;;;;;;N;S;;03:38;00:34;FF;3;;149;36;11;0;STRA 70;2;stra V;;L:\AudioToscana\stra V\Amii Stewart - Knock on wood.wav;;;1
12999;1417;MEM;;More, More, More;0;ANDREA TRUE CONNECTION;N;1;;;;;;N;S;;03:32;00:24;MF;2;;118;33;14;1975;STRA 70;2;stra V;;L:\AudioToscana\stra V\Andrea True Connection - More, more, more.wav;;;1
13013;1418;MEM;;Tarzan Boy;0;BALTIMORA;;0;;;;;;N;S;;03:35;00:37;FF;3;;88;88;20;1985;STRA 80;3;stra V;;L:\AudioToscana\stra V\Baltimora - Tarzan boy.wav;;;1
13017;6156;MEM;;Paris Latino;0;BANDOLERO;;0;;;;;;N;S;;03:37;00:17;FF;3;;89;88;15;2007;STRA 80;3;stra V;;L:\AudioToscana\stra V\Bandolero - Paris Latino.wav;;;1
13021;1424;MEM;;You Should Be Dancing;0;BEE GEES;N;1;;;;;;N;S;;02:43;00:16;FF;3;;142;14;9;1976;STRA 70;2;stra V;;L:\AudioToscana\stra V\Bee Gees - You should be dancing.wav;;;1
13049;5056;MEM;;You Give Love A Bad Name;0;BON JOVI;;R3;;;;;;N;S;;03:29;00:00;FF;3;;106;51;11;1986;STRA 80;3;stra V;;L:\AudioToscana\stra V\Bon Jovi - You Give Love A Bad Name - Bon Jovi.wav;;;1
13050;2395;MEM;;Livin' On A Prayer;0;BON JOVI;;R3;;;;;;N;S;;03:18;00:46;FF;3;;103;44;13;1986;STRA 80;3;stra V;;L:\AudioToscana\stra V\Bon Jovi - Livin' On A Prayer - Bon Jovi.wav;;;1
13054;1436;MEM;;Daddy Cool;0;BONEY M;;1;;;;;;N;S;;03:13;00:42;MF;3;;121;51;10;1976;STRA 70;2;stra V;;L:\AudioToscana\stra V\Boney M - Daddy cool.wav;;;1
13056;1441;MEM;;Can't Take My Eyes Off You;0;BOYS TOWN GANG;N;1;;;;;;N;S;;03:32;00:45;FF;3;;124;12;8;1982;STRA 80;3;stra V;;L:\AudioToscana\stra V\Boys town gang - Can't take my eyes off you.wav;;;1
13087;4135;MEM;;Tubthumping;0;CHUMBAWAMBA;;RY;;;;;;;S;;03:05;00:33;MF;3;;83;20;14;1997;STRA 90;4;stra V;;L:\AudioToscana\stra V\Chumbawamba - Tubthumping.wav;;;1
13136;1521;MEM;;Notorious;0;DURAN DURAN;N;2;;;;;;N;S;;03:56;00:21;MF;2;;149;13;7;1986;STRA 80;3;stra V;;L:\AudioToscana\stra V\Duran Duran - Notorious.wav;;;1
13138;1523;MEM;;Rio;0;DURAN DURAN;;2;;;;;;N;S;;04:22;00:21;FF;2;;99;18;7;1982;STRA 80;3;stra V;;L:\AudioToscana\stra V\Duran Duran - Rio.wav;;;1
13143;1528;MEM;;Save Tonight;0;EAGLE EYE CHERRY;N;R;;;;;;;S;;03:29;00:16;MF;3;;127;5;8;1997;STRA 90;4;stra V;;L:\AudioToscana\stra V\Eagle Eye Cherry - Save Tonight.wav;;;1
13175;1547;MEM;;Der Kommisar;0;FALCO;;1;;;;;;N;S;;03:27;00:17;FF;2;;106;105;16;2006;STRA 80;3;stra V;;L:\AudioToscana\stra V\Falco - Der Kommisar.wav;;;1
13184;7330;MEM;;Living On My Own;0;"FREDDIE MERCURY; QUEEN";;Y2;;;;;;N;S;;03:28;00:07;MF;3;;74;40;17;2008;STRA 90;4;stra V;;L:\AudioToscana\stra V\Freddie Mercury - Living On My Own (Radio Mix).wav;;;1
13212;5570;MEM;;You Sexy Thing;0;HOT CHOCOLATE;N;1;;;;;;N;S;;03:11;00:18;FF;2;;115;34;13;1975;STRA 70;2;stra V;;L:\AudioToscana\stra V\Hot Chocolate - You Sexy Thing.wav;;;1
13229;11626;MEM;;Space Cowboy;0;JAMIROQUAI;;;;;;;JAMIRO;;S;;03:45;00:32;MM;3;;26;;;1994;STRA 90;4;;;L:\AudioToscana\stra V\JAMIROQUAI - Space Cowboy.wav;;;1
13261;1646;MEM;;Celebration;0;KOOL & THE GANG;;1;;;;;;N;S;;03:42;00:33;FF;3;;125;49;16;1980;STRA 70;2;stra V;;L:\AudioToscana\stra V\Kool & The Gang - Celebration.wav;;;1
13284;5633;MEM;;La Bamba;0;LOS LOBOS;;2;;;;;;N;S;;02:13;00:05;FF;3;;81;80;20;1987;STRA 80;3;stra V;;L:\AudioToscana\stra V\Los Lobos - La Bamba.wav;;;1
13285;5166;MEM;;Mambo N 5;0;LOU BEGA;;Y;;;;;;;S;;03:31;00:17;FF;3;;72;14;9;2006;STRA 90;4;stra V;;L:\AudioToscana\stra V\Lou Bega - Mambo No. 5 (A Little Bit Of...).wav;;;1
13302;1670;MEM;;The Rhythm Is Magic;0;MARIE CLAIRE D'UBALDO;;;;;;;;;S;;03:52;00:23;SF;3;;22;22;24;1994;STRA 90;4;stra V;;L:\AudioToscana\stra V\Marie Claire D'Ubaldo - The Rhythm Is Magic.wav;;;1
13329;5500;MEM;;Maniac;0;MICHAEL SEMBELLO;B;1;;;;;;N;S;;03:52;00:24;FF;2;;258;31;12;1983;STRA 80;3;stra V;;L:\AudioToscana\stra V\Michael Sembello - Maniac.wav;;;1
13360;3162;MEM;;Born To Be Alive;0;PATRICK HERNANDEZ;;1;;;;;;N;S;;02:53;00:15;FF;3;;135;58;8;1987;STRA 70;2;stra V;;L:\AudioToscana\stra V\Patrick Hernandez - Born To Be Alive.wav;;;1
13383;5059;MEM;;Cars And Girls;0;PREFAB SPROUT;;2;;;;;;N;S;;04:19;00:14;MM;2;;159;63;15;1983;STRA 80;3;stra V;;L:\AudioToscana\stra V\Prefab Sprout - Cars and Girls.wav;;;1
13386;1741;MEM;;Duel;0;PROPAGANDA;;1;;;;;;N;S;;03:50;00:23;MF;2;;151;94;18;1985;STRA 80;3;stra V;;L:\AudioToscana\stra V\Propaganda - Duel.wav;;;1
13424;1763;MEM;;Somebody's Watching Me;0;ROCKWELL;N;2;;;;;;N;S;;03:23;00:34;FF;3;;94;27;13;1985;STRA 80;3;stra V;;L:\AudioToscana\stra V\Rockwell - Somebody's Watching Me - Rockwell.wav;;;1
13425;3263;MEM;;Da Ya Think I'm Sexy;0;ROD STEWART;N;2;;;;;;N;S;;03:47;00:35;FF;2;;132;31;12;2017;STRA 70;2;stra V;;L:\AudioToscana\stra V\Rod Stewart - Da Ya Think I'm Sexy- - Rod Stewart.wav;;;1
13470;912;MEM;;Runaway Train;0;SOUL ASYLUM;N;3;;;;;;N;S;;03:46;00:10;FF;2;;263;10;5;1991;STRA 90;3;stra V;;L:\AudioToscana\stra V\SOUL ASYLUM - Runaway Train.wav;;;1
13471;4236;MEM;;Call Me;0;SPAGNA;;1;;;;;;N;S;;03:41;00:35;FF;3;;81;81;20;1987;STRA 80;3;stra V;;L:\AudioToscana\stra V\spagna - call me.wav;;;1
13472;1792;MEM;;Easy Lady;0;SPAGNA;;1;;;;;;N;S;;04:14;00:50;FF;3;;78;78;17;1986;STRA 80;3;stra V;;L:\AudioToscana\stra V\Spagna - Easy lady.wav;;;1
13474;5738;MEM;;Be Free With Your Love;0;SPANDAU BALLET;;1;;;;;;N;S;;03:52;00:08;SF;2;;89;89;20;1989;STRA 80;3;stra V;;L:\AudioToscana\stra V\Spandau Ballet - Be Free With Your Love.wav;;;1
13495;1810;MEM;;You Make Me Feel;0;SYLVESTER;;1;;;;;;N;S;;02:46;00:29;FF;3;;125;53;13;1978;STRA 70;2;stra V;;L:\AudioToscana\stra V\Sylvester - You Make Me Feel.wav;;;1
13509;3342;MEM;;Sugar Sugar;0;THE ARCHIES;;1;;;;;;N;S;;02:43;00:08;FF;2;;126;87;15;1968;STRA 70;2;stra V;;L:\AudioToscana\stra V\The Archies - Sugar Sugar.wav;;;1
13522;5583;MEM;;Everybody Needs Somebody To Love;0;THE BLUES BROTHERS;;2;;;;;;N;S;;02:48;00:11;FF;3;;166;44;14;1980;STRA 80;3;stra V;;L:\AudioToscana\stra V\The Blues Brothers - Everybody Needs Somebody To Love (CUT).wav;;;1
13540;1837;MEM;;My Sharona;0;THE KNACK;;R3;;;;;;N;S;;03:43;00:19;FF;3;;103;58;20;1988;STRA 70;2;stra V;;L:\AudioToscana\stra V\The Knack - My sharona (cut).wav;;;1
13551;1852;MEM;;Disco Inferno;0;THE TRAMMPS;;2;;;;;;N;S;;03:08;00:19;FF;3;;173;44;12;1976;STRA 70;2;stra V;;L:\AudioToscana\stra V\The Trammps - Disco Inferno - The Trammps.wav;;;1
13567;5330;MEM;;Run To Me;0;TRACY SPENCER;;0;;;;;;N;S;;03:21;00:28;FF;3;;81;81;12;1985;STRA 80;3;stra V;;L:\AudioToscana\stra V\Tracy Spencer - run to Me.wav;;;1
13569;5717;MEM;;Jà Sei Namorar;0;TRIBALISTAS;;;;;;;;;S;;02:55;00:30;FF;3;;9;3;11;2002;STRA 2000;5;stra V;;L:\AudioToscana\stra V\Tribalistas - Jà sei namorar.wav;;;1
13570;1864;MEM;;Face To Face Heart To Heart;0;TWINS;;0;;;;;;N;S;;02:43;00:30;FF;3;;84;51;12;1982;STRA 80;3;stra V;;L:\AudioToscana\stra V\Twins - Face to Face Heart to Heart.wav;;;1
13572;3605;MEM;;Sunday Bloody Sunday;0;U2;N;3;;;;;;N;S;;04:33;00:20;FF;1;;169;29;14;1983;STRA 80;3;stra V;;L:\AudioToscana\stra V\U2 - Sunday Bloody Sunday.wav;;;1
13580;5331;MEM;;Jump;0;VAN HALEN;;R3;;;;;;N;S;;03:42;00:29;MF;3;;139;80;20;1984;STRA 80;3;stra V;;L:\AudioToscana\stra V\Van Halen - Jump.wav;;;1
13581;1877;MEM;;Y.m.c.a.;0;VILLAGE PEOPLE;;1;;;;;;N;S;;03:24;00:27;FF;3;;88;88;19;2006;STRA 70;2;stra V;;L:\AudioToscana\stra V\Village People - Y.m.c.a..wav;;;1
13582;1878;MEM;;Fade To Grey;0;VISAGE;N;1;;;;;;N;S;;02:56;00:20;MF;2;;128;33;14;1980;STRA 80;3;stra V;;L:\AudioToscana\stra V\Visage - Fade to grey.wav;;;1
13636;6611;MEM;;Mercy;0;DUFFY;;;;;;;;;S;;03:15;00:30;MF;2;;7;4;6;2008;2008;5;2008;;L:\AudioToscana\2008\DUFFY - Mercy.wav;;;2
13701;8231;MEM;;Moves Like Jagger;0;MAROON 5 FEAT. CHRISTINA AGUILERA;;Y;;;;;;;S;;03:20;00:14;FF;3;;8;1;8;2011;2011;6;2011;;L:\AudioToscana\2011\Maroon 5 feat. Christina Aguilera - Moves Like Jagger.wav;;;2
14015;3158;MEM;;Hey Ya!;0;OUTKAST;;;;;;;;;S;;03:35;00:00;FF;3;;5;3;7;2006;STRA 2000;5;stra V;;L:\AudioToscana\stra V\Outkast - Hey Ya!.wav;;;2
14075;2145;MEM;;Salirò;0;DANIELE SILVESTRI;N;;;;;;;;I;;03:55;00:15;MF;3;;103;1;2;2001;ITA 2000;5;ita V;;L:\AudioToscana\ita V\Daniele Silvestri - Salirò.wav;;;1
14195;6116;MEM;;A Te;1;JOVANOTTI;B;;;;;;;O;I;;04:01;00:15;SS;1;;275;;;2008;2008;5;2008;;L:\AudioToscana\2008\Jovanotti - A Te.wav;;;1
14232;10371;MEM;;Una Vita In Vacanza;0;LO STATO SOCIALE;N;;;;;;;;I;;03:46;00:15;MM;3;;146;4;13;2018;SANREMO 2018;6;SANREMO 2018;;L:\AudioToscana\2018\SANREMO 2018\Lo Stato Sociale - Una vita in vacanza.wav;;;1
14239;4319;MEM;;Calma E Sangue Freddo;0;LUCA DIRISIO;;;;;;;;;I;;03:22;00:11;MF;2;;13;8;4;2006;ITA 2000;;ita V;;L:\AudioToscana\ita V\Luca Dirisio - Calma E Sangue Freddo.wav;;;2
14403;1211;MEM;;Baila (sexy Thing);0;ZUCCHERO;;;;;;;;;I;;03:57;00:23;MF;3;;70;4;6;2001;ITA 2000;5;ita V;;L:\AudioToscana\ita V\Zucchero - Baila (Sexy Thing).wav;;;1
14741;10920;MEM;;Be My Baby;0;THE RONETTES;N;2;;;;;;NO;S;;02:25;00:08;MM;2;;158;28;11;1963;STRA 60;1;stra V;;L:\AudioToscana\stra V\The Ronettes - Be My Baby.wav;;;1
15534;537;MEM;;Ci Vorrebbe Il Mare;0;MARCO MASINI;;L;;;;;;;I;;04:03;00:13;SS;1;;22;12;7;1990;ITA 90;4;ita V;;L:\AudioToscana\ita V\Marco Masini - Ci Vorrebbe il Mare.wav;;;1
15811;11628;MEM;;Pedro;0;RAFFAELLA CARRA';;;;;;;;;I;;03:17;00:17;;;;26;20;12;2021;ITA 80;;ita V;;L:\AudioToscana\ita V\Raffaella Carrà - Pedro.wav;;;1
15949;2169;MEM;;Senza Te O Con Te;0;ANNALISA MINETTI;;;;;;;;;;;03:49;00:13;;;;7;6;5;2006;ITA 90;;ITA 90;;L:\AudioToscana\ita V\Annalisa Minetti - Senza te o con te.wav;;;2
16085;4827;MEM;;Che Sarà Di Me;0;MASSIMO DI CATALDO;N;;;;;;;O;I;;04:04;00:14;SS;1;;95;2;9;1995;ITA 90;5;ITA 90;;L:\AudioToscana\ita V\Massimo Di Cataldo - Che sarà di me.wav;;;1
16201;2312;MEM;;Il Gigante E La Bambina;0;RON;;;;;;;;;;;03:10;00:15;;;;17;17;10;2006;ITA 70;;ITA 70;;L:\AudioToscana\ita V\Ron - Il Gigante E La Bambina.wav;;;2
16374;12905;MEM;;Felicità;0;AL BANO & ROMINA POWER;;;;;;;;;I;;02:51;00:09;JM;;;32;32;15;1982;ITA 80;3;;;L:\AudioToscana\ita V\Al Bano e Romina - Felicità.wav;;;1
16995;5171;MEM;;Nessuno Mai;0;MARCELLA BELLA;;;;;;;;;I;;04:18;00:37;;;;21;21;12;1974;ITA 70;2;;;L:\AudioToscana\ita V\Marcella Bella - Nessuno Mai.wav;;;2
17306;11601;MEM;;Con Un Deca;0;"883; MAX PEZZALI";;;;;;;;;;;03:53;00:00;;;;5;5;4;2021;ITA 90;;;;L:\AudioToscana\ita V\883 - Con Un Deca.wav;;;2
19941;15119;MEM;;Spunta la Luna Dal Monte;0;"Pierangelo Bertoli & Tazenda; PIERANGELO BERTOLI; TAZENDA";N;L;;;;;;;I;;03:53;00:07;SR;2;;116;3;7;1991;ITA 90;3;ita V;;L:\AudioToscana\ita V\Pierangelo Bertoli & Tazenda - Spunta la Luna Dal Monte.m4a;;;1
19960;15159;MEM;;Portami a Ballare;0;LUCA BARBAROSSA;N;L;;;;;;;I;;03:42;00:07;SS;1;;85;4;6;1992;ITA 90;4;ita V;;L:\AudioToscana\ita V\Luca Barbarossa - Portami a Ballare.m4a;;;1
20009;15218;MEM;;Impressioni Di Settembre;0;PFM;B;L;;;;;;;I;;04:04;00:00;SR;1;;95;14;19;1972;ITA 70;2;ita V;;L:\AudioToscana\ita V\PFM - Impressioni di settembre.m4a;;;
20010;15221;MEM;;L'italiano;0;Toto Cutugno;N;;;;;;;;I;;03:50;00:00;;3;;61;;;1983;ITA 80;3;ita V;;L:\AudioToscana\ita V\Toto Cutugno - L'italiano.m4a;;;
20831;18491;MEM;;Cacao Meravigliao;0;"PAOLA CORTELLESI & NINO FRASSICA; Renzo Arbore";;;;;;;ARBORE;;I;;04:26;00:15;;;;11;11;10;1988;;;;;L:\AudioToscana\ita V\Paola Cortellesi & Nino Frassica - Cacao Meravigliao.m4a;;;
20832;18492;MEM;;Sì la vita è tutt'un quiz;0;Renzo Arbore;;;;;;;ARBORE;;I;;02:50;00:08;;;;11;11;8;1988;;;;;L:\AudioToscana\ita V\Renzo Arbore - Sì la vita è tutt'un quiz.m4a;;;
20833;18493;MEM;;Feelings;0;Morris Albert;N;L2;;;;;;NO;S;;03:34;00:09;;1;;108;15;8;1975;STRA 70;2;;;L:\AudioToscana\stra V\Morris Albert - Feelings.m4a;;;
20835;18495;MEM;;Gli amori;0;Toto Cutugno;;L;;;;;;O;I;;04:06;00:00;;1;;38;11;14;1990;ITA 90;4;;;L:\AudioToscana\ita V\TOTO CUTUGNO - Gli amori.m4a;;;
21288;19264;MEM;;Acqua;0;LOREDANA BERTE';N;;;;;;;;I;;03:45;00:00;;2;;24;5;8;1985;ITA 80;3;;;L:\AudioToscana\ita V\Loredna Bertè - Acqua.m4a;;;
21575;19689;MEM;;Ma non tutta la vita;0;RICCHI E POVERI;;;;;;;;;I;;03:09;00:07;;3;;13;13;8;2024;;;;;L:\AudioToscana\2024\Ricchi e Poveri - Ma non tutta la vita.wav;;;
21682;19865;MEM;;Non Succederà Più;0;CLAUDIA MORI;;;;;;;;;I;;04:05;00:28;JF;3;;16;11;12;2004;ITA 80;3;ita V;;L:\AudioToscana\ita V\Claudia Mori - Non Succederà Più.m4a;;;
22926;21908;MEM;;Mon Amour;0;ANNALISA;;;;;;;;;;;03:18;00:04;;;;13;13;12;2025;;;;;L:\AudioToscana\2023\Annalisa - Mon amour.wav;;;
3802;8470;CLN;;Always Something There;0;ALL SAINTS;N;;;;;;;;S;;02:58;00:14;MM;3;;36;1;;2012;STRA 2000;5;stra V;;L:\AudioToscana\stra V\All Saints - Always Something There.wav;;;2
3813;1416;CLN;;Japanese Boy;0;ANEKA;;0;;;;;;N;S;;03:46;00:36;;3;;85;85;32;1981;STRA 80;;stra V;;L:\AudioToscana\stra V\Aneka - Japanese boy.wav;;;1
3814;6962;CLN;;Walking On Broken Glass;0;ANNIE LENNOX;;2;;;;;;N;S;;03:27;00:08;;;;81;81;39;1992;STRA 90;4;stra V;;L:\AudioToscana\stra V\Annie Lennox - Walking On Broken Glass.wav;;;1
3819;5803;CLN;;I Knew You Were Waiting (for Me);0;"ARETHA FRANKLIN & GEORGE MICHAEL; ARETHA FRANKLIN; GEORGE MICHAEL";;2;;;;;;N;S;200;03:43;00:25;MF;2;;76;76;26;1986;STRA 80;3;stra V;;L:\AudioToscana\stra V\Aretha Franklin & George Michael - I Knew You Were Waiting (For Me).wav;;;1
3822;2964;CLN;;Solid;0;ASHFORD & SIMPSON;;1;;;;;;N;S;;05:04;00:00;;;;99;99;24;1984;STRA 80;3;stra V;;L:\AudioToscana\stra V\Ashford & Simpson - Solid.wav;;;1
3830;4695;CLN;;Robert De Niro's Waiting;0;BANANARAMA;;1;;;;;;N;S;;03:13;00:15;;3;;76;75;31;1984;STRA 80;3;stra V;;L:\AudioToscana\stra V\Bananarama - Robert De Niro's Waiting.wav;;;1
3852;2987;CLN;;When The Going Gets Tough (get Going);0;BILLY OCEAN;;1;;;;;;N;S;;03:11;00:24;;;;95;95;28;1999;STRA 80;3;stra V;;L:\AudioToscana\stra V\Billy Ocean - When The Going Gets Tough (Get Going).wav;;;1
3874;1443;CLN;;When Well I Be Famous;0;BROS;;0;;;;;;N;S;;03:58;00:00;;;;66;66;30;2006;STRA 80;;stra V;;L:\AudioToscana\stra V\Bros - When well I be famous.wav;;;1
3933;1467;CLN;;Two Heads Are Better Than One;0;CUBE;;1;;;;;;N;S;;03:05;00:39;;;;91;90;21;1982;STRA 80;;stra V;;L:\AudioToscana\stra V\Cube - Two heads are better than one.wav;;;1
3937;4666;CLN;;I Drove All Night;0;CYNDI LAUPER;;2;;;;;;N;S;;03:58;00:12;MF;2;;88;88;33;1983;STRA 80;3;stra V;;L:\AudioToscana\stra V\CYNDI LAUPER - I Drove All Night.wav;;;1
3971;7537;CLN;;I.g.y.;0;DONALD FAGEN;;2;;;;;;N;S;;04:33;00:53;MM;2;;99;98;23;1982;STRA 80;3;stra V;;L:\AudioToscana\stra V\Donald Fagen -  I.G.Y..wav;;;1
4005;4219;CLN;;Hound Dog;0;ELVIS PRESLEY;;2;;;;;;N;S;;02:12;00:00;;;;84;84;36;1956;STRA 60;1;stra V;;L:\AudioToscana\stra V\Elvis Presley - Hound Dog.wav;;;1
4180;1662;CLN;;Living In A Box;0;LIVING IN A BOX;;1;;;;;;N;S;;02:57;00:19;;;;100;100;22;1987;STRA 80;3;stra V;;L:\AudioToscana\stra V\Living In A Box - Living in a box.wav;;;1
4186;1664;CLN;;Halleluiah Man;0;LOVE AND MONEY;N;2;;;;;;N;S;;04:04;00:00;MM;2;;119;31;17;1988;STRA 80;3;stra V;;L:\AudioToscana\stra V\Love And Money - Halleluiah Man - Love And Money.wav;;;1
4193;2924;CLN;;Cherish;0;MADONNA;N;1;;;;;;N;S;;03:24;00:08;FF;3;;81;11;31;1989;STRA 80;3;stra V;;L:\AudioToscana\stra V\Madonna - Cherish - Madonna.wav;;;1
4194;2940;CLN;;Lucky Star;0;MADONNA;;1;;;;;;N;S;;02:33;00:24;MF;3;;61;61;31;1983;STRA 80;3;stra V;;L:\AudioToscana\stra V\Madonna - Lucky Star - Madonna.wav;;;1
4227;2488;CLN;;Whose Side Are You On;0;MATT BIANCO;;2;;;;;;N;S;;03:06;00:14;;;;89;89;30;1984;STRA 80;3;stra V;;L:\AudioToscana\stra V\Matt Bianco - Whose Side Are You On.wav;;;1
4290;3132;CLN;;Forget Me Nots;0;PATRICE RUSHEN;;1;;;;;;N;S;;02:48;00:18;;;;97;97;23;1982;STRA 80;3;stra V;;L:\AudioToscana\stra V\Patrice Rushen - Forget Me Nots.wav;;;1
4367;3265;CLN;;Downtown Train;0;ROD STEWART;;3;;;;;;N;S;;03:29;00:12;;;;81;81;29;1989;STRA 90;4;stra V;;L:\AudioToscana\stra V\Rod Stewart - Downtown Train - Rod Stewart.wav;;;1
4377;3294;CLN;;Sleeping In My Car;0;ROXETTE;;2;;;;;;N;S;;03:29;00:15;;;;91;91;31;1994;STRA 90;4;stra V;;L:\AudioToscana\stra V\Roxette - Sleeping In My Car.wav;;;1
4390;3312;CLN;;Oye Como Va;0;SANTANA;;3;;;;;;N;S;;04:13;00:39;JR;2;;83;83;40;1983;STRA 70;2;stra V;;L:\AudioToscana\stra V\Santana - Oye Como Va.wav;;;1
4432;3922;CLN;;Maybe Tomorrow;0;STEREOPHONICS;;;;;;;;;;;03:45;00:24;;;;2;2;;2006;STRA 2000;;stra V;;L:\AudioToscana\stra V\Stereophonics - Maybe Tomorrow.wav;;;2
4508;5106;CLN;;You Are My World;0;"THE COMMUNARDS; Jimmy Somerville";;1;;;;;;N;S;;03:30;00:51;;;;85;85;26;1985;STRA 80;3;2012;;L:\AudioToscana\stra V\The Communards - You Are My World.wav;;;1
4575;1882;CLN;;Everything She Wants;0;"WHAM; GEORGE MICHAEL";;1;;;;;;N;S;;03:30;00:34;MF;;;74;74;47;1984;STRA 80;3;stra V;;L:\AudioToscana\stra V\Wham - Everything she wants.wav;;;1
4587;1886;CLN;;Don't Go;0;YAZOO;;2;;;;;;N;S;;02:38;00:16;;;;104;104;18;1982;STRA 80;3;stra V;;L:\AudioToscana\stra V\Yazoo - Don't Go.wav;;;1
4618;4626;CLN;;The Living Daylights;0;A HA;;1;;;;;;N;S;;03:48;00:15;MF;2;;76;76;32;1988;STRA 80;;stra V;;L:\AudioToscana\stra V\A Ha - The Living Daylights.wav;;;1
4966;2983;CLN;;On The Beat;0;BB & Q BAND;;0;;;;;;N;S;;02:40;01:13;FF;3;;83;83;29;1978;STRA 80;3;stra V;;L:\AudioToscana\stra V\BB & Q Band - On The Beat.wav;;;1
4971;6790;CLN;;Jive Talkin';0;BEE GEES;;1;;;;;;N;;;02:28;00:22;MM;;;41;41;23;2008;STRA 70;;stra V;;L:\AudioToscana\stra V\Bee Gees - Jive Talkin'.wav;;;2
5056;5920;CLN;;Get Outta My Dreams, Get Into My Car;0;BILLY OCEAN;;1;;;;;;N;S;;03:15;00:38;FF;;;52;52;19;2007;STRA 80;;stra V;;L:\AudioToscana\stra V\Billy Ocean - Get Outta My Dreams, Get Into My Car.wav;;;2
5096;4333;CLN;;The Great Song Of Indifference;0;BOB GELDOF;;2;;;;;;N;S;;03:18;00:13;SM;3;;88;88;23;1990;STRA 90;;stra V;;L:\AudioToscana\stra V\Bob Geldof - The Song Of Indifference.wav;;;1
5198;4138;CLN;;Nights On Broadway;0;CANDI STATON;;1;;;;;;N;S;;03:11;00:19;MF;2;;83;83;25;1977;STRA 70;;stra V;;L:\AudioToscana\stra V\Candy Station - Nights On Broadway.wav;;;1
5274;1477;CLN;;Dance Dance Dance;0;CHIC;;1;;;;;;N;S;;02:19;00:14;FF;;;45;45;24;2006;STRA 70;;stra V;;L:\AudioToscana\stra V\Dance Dance Dance - Chic.wav;;;2
5383;1475;CLN;;1,2,3,4 Gimme Some More;0;D.D.SOUND;;1;;;;;;N;S;;02:45;00:32;FF;;;54;53;21;2006;STRA 70;;stra V;;L:\AudioToscana\stra V\D.D.Sound - 1,2,3,4 Gimme Some More.wav;;;2
5391;4175;CLN;;I Can Dream About You;0;DAN HARTMAN;N;2;;;;;;N;S;;03:32;00:21;MF;2;;114;28;30;1984;STRA 80;3;stra V;;L:\AudioToscana\stra V\Dan Hartman - I Can Dream About You.wav;;;1
5420;3065;CLN;;Could It Be I'm Falling In Love;0;DAVID GRANT & JAKI GRAHAM;;1;;;;;;N;S;;03:40;00:24;MM;2;;96;96;27;1985;STRA 80;3;stra V;;L:\AudioToscana\stra V\David Grant & Jaki Graham - Could It Be I'm Falling In Love.wav;;;1
5461;1492;CLN;;Everything Counts;0;DEPECHE MODE;;2;;;;;;N;S;;03:14;00:34;FF;2;;73;72;28;1983;STRA 80;;stra V;;L:\AudioToscana\stra V\Depeche Mode - Everything counts.wav;;;1
5462;1498;CLN;;Strangelove;0;DEPECHE MODE;;2;;;;;;N;S;;03:33;00:17;FF;2;;76;76;27;1987;STRA 80;;stra V;;L:\AudioToscana\stra V\Depeche Mode - Strangelove.wav;;;1
5760;2692;CLN;;It's Alright (baby's Coming Back);0;"EURYTHMICS; ANNIE LENNOX; DAVE STEWART";;2;;;;;;NO;S;;02:49;00:26;MM;;;55;50;18;2006;STRA 80;;stra V;;L:\AudioToscana\stra V\Eurythmics - It's Alright (Baby's Coming Back).wav;;;2
5914;4170;CLN;;Far From Over;0;FRANK STALLONE;;2;;;;;;N;S;;03:52;00:15;FF;3;;100;100;26;1977;STRA 80;3;stra V;;L:\AudioToscana\stra V\Frank Stallone - Far From Over.wav;;;1
5950;6228;CLN;;Masterpiece;0;GAZEBO;N;1;;;;;;N;S;;03:55;00:32;FF;3;;71;27;34;1983;STRA 80;3;stra V;;L:\AudioToscana\stra V\Gazebo - Masterpiece.wav;;;1
6144;5667;CLN;;Etienne;0;GUESCH PATTI;N;1;;;;;;N;S;;02:59;00:39;MF;2;;136;29;21;1987;STRA 80;3;stra V;;L:\AudioToscana\stra V\Guesch  Patti - Etienne.wav;;;1
6214;1593;CLN;;Body Talk;0;IMAGINATION;;1;;;;;;N;S;;03:50;00:58;SM;2;;78;78;28;1981;STRA 80;;stra V;;L:\AudioToscana\stra V\Imagination - Body Talk.wav;;;1
6390;2740;CLN;;Beautiful Boy (darling Boy);0;JOHN LENNON;;3;;;;;;N;S;;03:09;00:18;SS;2;;54;54;40;1980;STRA 80;3;stra V;;L:\AudioToscana\stra V\John Lennon - Beautiful Boy (Darling Boy).wav;;;1
6451;1628;CLN;;Too Shy;0;KAJAGOOGOO;;0;;;;;;N;S;;03:26;00:45;SF;3;;84;84;27;1982;STRA 80;3;stra V;;L:\AudioToscana\stra V\Kajagoogoo - Too shy - Kajagoogoo.wav;;;1
6538;6186;CLN;;One For You One For Me;0;LA BIONDA;;0;;;;;;N;S;;03:14;00:25;MF;3;;85;85;33;1978;STRA 70;2;stra V;;L:\AudioToscana\stra V\LA BIONDA - One for You, One for Me.wav;;;1
6806;1667;CLN;;Pop Music;0;M;;0;;;;;;N;S;;03:41;00:21;FF;3;;76;76;33;2006;STRA 70;;stra V;;L:\AudioToscana\stra V\M - Pop Music.wav;;;1
7192;1686;CLN;;Cheri Cheri Lady;0;MODERN TALKING;;0;;;;;;N;S;;03:30;00:18;MF;3;;75;75;33;1985;STRA 80;3;stra V;;L:\AudioToscana\stra V\Modern talking - Cheri cheri lady.wav;;;1
7193;4171;CLN;;Brother Louie;0;MODERN TALKING;;0;;;;;;N;S;;03:23;00:19;FF;3;;80;79;33;1986;STRA 80;3;stra V;;L:\AudioToscana\stra V\Modern Talking - Brother Louie.wav;;;1
7319;1694;CLN;;99 Luftballons;0;NENA;;1;;;;;;N;S;;03:07;00:04;SF;3;;102;102;27;1983;STRA 80;3;stra V;;L:\AudioToscana\stra V\Nena - 99 Luftballons - Nena.wav;;;1
7532;1722;CLN;;Do It Any Way You Wanna;0;PEOPLE'S CHOICE;;1;;;;;;N;S;;02:45;00:00;MM;2;;92;92;23;1972;STRA 70;;stra V;;L:\AudioToscana\stra V\People's Choice - Do It Any Way You Wanna.wav;;;1
7593;5028;CLN;;The Great Gig In The Sky;0;PINK FLOYD;;;;;;;;N;;;04:19;00:11;SS;;;34;34;6;2006;STRA 70;;stra V;;L:\AudioToscana\stra V\Pink Floyd - The Great Gig In The Sky.wav;;;2
7857;1760;CLN;;Zodiacs;0;ROBERTA KELLY;;0;;;;;;N;S;;03:42;00:27;FM;;;85;29;18;1977;STRA 70;2;stra V;;L:\AudioToscana\stra V\Roberta Kelly - Zodiacs.wav;;;1
7869;1761;CLN;;Juliet;0;ROBIN GIBB;N;1;;;;;;N;S;;03:13;00:23;SF;2;;149;30;21;1983;STRA 80;3;stra V;;L:\AudioToscana\stra V\Robin Gibb - Juliet.wav;;;1
7889;3273;CLN;;Maggie May;0;ROD STEWART;;2;;;;;;N;;;03:42;00:15;MM;;;73;73;31;1971;STRA 70;;stra V;;L:\AudioToscana\stra V\Rod Stewart - Maggie May - Rod Stewart.wav;;;1
7912;3288;CLN;;Dressed For Success;0;ROXETTE;;2;;;;;;N;S;;03:37;00:17;FF;3;;88;88;33;1995;STRA 80;3;stra V;;L:\AudioToscana\stra V\Roxette - Dressed For Success.wav;;;1
7964;3309;CLN;;In The Heat Of The Night;0;SANDRA;;1;;;;;;N;S;;02:47;00:47;FF;;;62;62;26;1985;STRA 80;;stra V;;L:\AudioToscana\stra V\Sandra - In The Heat Of The Night.wav;;;1
8007;1777;CLN;;Flash In The Night;0;SECRET SERVICE;;1;;;;;;N;S;;03:35;00:46;FF;3;;44;41;13;2006;STRA 80;3;stra V;;L:\AudioToscana\stra V\Secret Service - Flash in the night.wav;;;2
8047;1780;CLN;;Love Me Baby;0;SHEILA & B DEVOTION;;0;;;;;;N;S;;03:13;00:15;FF;3;;64;64;35;1977;STRA 70;;stra V;;L:\AudioToscana\stra V\Sheila & B Devotion - Love me baby.wav;;;1
8048;1781;CLN;;Singing In The Rain;0;SHEILA & B DEVOTION;;0;;;;;;N;S;;03:01;00:15;FF;3;;68;68;30;2006;STRA 70;;stra V;;L:\AudioToscana\stra V\Sheila B. Devotion - Singing In The Rain.wav;;;1
8107;3368;CLN;;A New Flame;0;SIMPLY RED;;2;;;;;;N;S;;03:29;00:08;FF;2;;83;83;36;1985;STRA 80;3;stra V;;L:\AudioToscana\stra V\Simply Red - A New Flame - Simply Red.wav;;;1
8163;1797;CLN;;You And Me;0;SPARGO;;0;;;;;;N;S;;03:35;00:32;FF;3;;87;86;24;1990;STRA 80;3;stra V;;L:\AudioToscana\stra V\Spargo - You and me.wav;;;1
8198;1801;CLN;;Stars On 45;0;STARS ON 45;;1;;;;;;N;S;;03:46;00:15;FF;;;97;96;25;1981;STRA 70;2;stra V;;L:\AudioToscana\stra V\Stars On 45 - Stars On 45.wav;;;1
8212;3518;CLN;;For Once In My Life;0;STEVIE WONDER;;2;;;;;;N;S;;02:39;00:13;MF;2;;76;76;33;1968;STRA 60;1;stra V;;L:\AudioToscana\stra V\Stevie Wonder - For Once In My Life.wav;;;1
8344;4939;CLN;;Lucy In The Sky With Diamonds;0;"THE BEATLES; JOHN LENNON; PAUL MCCARTNEY; GEORGE HARRISON; RINGO STARR";;3;;;;;;N;S;;03:02;00:06;SF;2;;23;23;31;1967;STRA 60;1;stra V;;L:\AudioToscana\stra V\The Beatles - Lucy In The Sky With Diamonds.wav;;;1
8397;2814;CLN;;Tequila Sunrise;0;THE EAGLES;;;;;;;;N;;;02:39;00:18;SS;;;37;37;1;2006;STRA 70;;stra V;;L:\AudioToscana\stra V\The Eagles - Tequila Sunrise.wav;;;2
8434;4006;CLN;;Nights In White Satin;0;"THE MOODY BLUES; NOMADI";B;L3;;;;;;N;S;;04:21;00:11;SM;1;;93;32;17;1967;STRA 60;1;stra V;;L:\AudioToscana\stra V\The Moddy Blues - Nights In White Satin.wav;;;2
8585;6200;CLN;;Ballet Dancer;0;TWINS;;0;;;;;;N;S;;02:46;00:26;FF;3;;75;75;40;1983;STRA 80;3;stra V;;L:\AudioToscana\stra V\twins - Ballet Dancer.wav;;;1
8634;1871;CLN;;The Night;0;VALERIE DORE;;0;;;;;;N;S;;02:54;00:49;MF;2;;85;84;30;1984;STRA 80;3;stra V;;L:\AudioToscana\stra V\Valerie Dore - The night.wav;;;1
8774;5017;CLN;;The Sun Always Shines On Tv;0;A HA;;1;;;;;;N;S;;03:50;00:15;SF;2;;90;90;35;1985;STRA 80;3;stra V;;L:\AudioToscana\stra V\A Ha - The Sun Always Shines On TV.wav;;;1
8775;1902;CLN;;Waterloo;0;ABBA;;1;;;;;;N;S;;02:28;00:06;FF;3;;86;86;33;1974;STRA 70;2;stra V;;L:\AudioToscana\stra V\Abba - Waterloo.wav;;;1
8776;5567;CLN;;Money, Money, Money;0;ABBA;;2;;;;;;N;S;;03:03;00:12;SM;2;;90;90;33;1976;STRA 70;2;stra V;;L:\AudioToscana\stra V\ABBA - Money, Money, Money.wav;;;1
8779;1900;CLN;;Take A Chance On Me;0;ABBA;;1;;;;;;N;S;;03:47;00:00;SF;2;;85;85;33;1977;STRA 70;2;stra V;;L:\AudioToscana\stra V\Abba - Take a chance on me.wav;;;1
8781;8448;CLN;;Voulez Vous;0;ABBA;;1;;;;;;N;S;;03:43;00:23;FF;3;;84;84;38;1979;STRA 70;2;stra V;;L:\AudioToscana\stra V\Abba - Voulez Vous.wav;;;1
8785;1903;CLN;;The Look Of Love;0;ABC;;1;;;;;;N;S;;03:26;00:14;MF;2;;99;99;30;1982;STRA 80;3;stra V;;L:\AudioToscana\stra V\ABC - The Look Of Love.wav;;;1
8788;5062;CLN;;Pink;0;AEROSMITH;;3;;;;;;N;S;;03:51;00:29;MM;2;;87;87;34;2006;STRA 90;4;stra V;;L:\AudioToscana\stra V\Aerosmith - Pink.wav;;;1
8795;1914;CLN;;Sounds Like A Melody;0;ALPHAVILLE;;1;;;;;;N;S;;03:18;00:21;FF;2;;91;91;27;1984;STRA 80;3;stra V;;L:\AudioToscana\stra V\Alphaville - Sounds like a melody.wav;;;1
8798;1409;CLN;;What's Your Name What's Your Number;0;ANDREA TRUE CONNECTION;;1;;;;;;N;S;;04:06;00:27;FF;3;;93;93;33;1977;STRA 70;2;stra V;;L:\AudioToscana\stra V\Andrea True Connection - What's your name what's your number.wav;;;1
8801;4193;CLN;;Precious;0;ANNIE LENNOX;;2;;;;;;N;S;;03:21;00:12;SF;2;;93;93;31;1992;STRA 90;4;stra V;;L:\AudioToscana\stra V\Annie Lennox - Precious.wav;;;1
8804;4194;CLN;;Respect;0;ARETHA FRANKLIN;;2;;;;;;N;S;;02:13;00:09;MM;2;;93;93;31;2017;STRA 60;1;stra V;;L:\AudioToscana\stra V\Aretha Franklin - Respect.wav;;;1
8807;5582;CLN;;Think;0;ARETHA FRANKLIN;;2;;;;;;N;S;;02:07;00:09;MF;2;;112;73;28;1968;STRA 80;1;stra V;;L:\AudioToscana\stra V\Aretha Franklin - Think.wav;;;1
8819;3636;CLN;;Don't Make Me Wait Too Long;0;BARRY WHITE;;2;;;;;;NO;S;;03:54;00:00;SF;2;;95;95;30;1976;STRA 70;2;stra V;;L:\AudioToscana\stra V\Barry White - Don't Make Me Wait Too Long - Barry White.wav;;;1
8825;2177;CLN;;Massachusetts;0;BEE GEES;;2;;;;;;NO;S;;01:58;00:10;SM;1;;84;64;36;1967;STRA 60;1;stra V;;L:\AudioToscana\stra V\Bee Gees - Massachusetts.wav;;;1
8834;6127;CLN;;I Get Weak;0;BELINDA CARLISLE;;2;;;;;;N;S;;04:07;00:20;MF;2;;54;52;22;1987;STRA 80;;stra V;;L:\AudioToscana\stra V\Belinda Carlisle - I Get Weak.wav;;;2
8839;5688;CLN;;Lovely Day;0;BILL WITHERS;N;1;;;;;;NO;S;;03:50;00:21;MM;2;;142;27;26;1977;STRA 70;2;stra V;;L:\AudioToscana\stra V\Bill Withers - Lovely Day.wav;;;1
8842;8503;CLN;;Only The Strong Survive;0;BILLY PAUL;;2;;;;;;N;S;;03:42;00:15;MF;2;;98;98;27;1977;STRA 70;2;stra V;;L:\AudioToscana\stra V\Billy Paul - Only the Strong Survive.wav;;;1
8846;5601;CLN;;Jamming;0;BOB MARLEY;;3;;;;;;N;S;;03:26;00:15;MM;2;;97;83;32;1977;STRA 70;2;stra V;;L:\AudioToscana\stra V\Bob Marley And The Wailers - Jamming.wav;;;1
8848;6397;CLN;;I Shot The Sheriff;0;BOB MARLEY AND THE WAILERS;;2;;;;;;N;S;;03:27;00:00;MM;2;;106;106;25;1975;STRA 70;2;stra V;;L:\AudioToscana\stra V\Bob Marley And The Wailers - I Shot The Sheriff.wav;;;1
8852;5057;CLN;;Bed Of Roses;0;BON JOVI;;3;;;;;;N;S;;04:36;00:35;SS;1;;87;51;25;1992;STRA 90;4;stra V;;L:\AudioToscana\stra V\Bon Jovi - Beds Of Roses - Bon Jovi.wav;;;1
8855;6699;CLN;;Sunny;0;BONEY M;;1;;;;;;N;S;;03:30;00:32;FF;3;;84;84;39;1976;STRA 70;2;stra V;;L:\AudioToscana\stra V\BONEY M - Sunny.wav;;;1
8856;1437;CLN;;Ma Baker;0;BONEY M;;1;;;;;;N;S;;04:28;00:42;FF;3;;98;37;27;1977;STRA 70;2;stra V;;L:\AudioToscana\stra V\Boney M - Ma Baker.wav;;;1
8857;1439;CLN;;Holding Out For A Hero;0;BONNIE TYLER;;2;;;;;;N;S;;04:41;00:32;FF;3;;91;91;32;1981;STRA 80;3;stra V;;L:\AudioToscana\stra V\Bonnie Tyler - Holding out for a hero.wav;;;1
8858;2991;CLN;;Everything I Own;0;BOY GEORGE;N;1;;;;;;NO;S;;03:37;00:12;MS;2;;125;26;10;1987;STRA 80;3;stra V;;L:\AudioToscana\stra V\Boy George - Everything I Own.wav;;;1
8860;6205;CLN;;Hit That Perfect Beat;0;"BRONSKI BEAT; Jimmy Somerville";;1;;;;;;N;S;;03:02;00:25;FF;3;;87;87;31;1986;STRA 80;3;stra V;;L:\AudioToscana\stra V\Bronski Beat - Hit That Perfect Beat.wav;;;1
8863;3015;CLN;;Human Touch;0;BRUCE SPRINGSTEEN;;3;;;;;;N;S;;04:52;00:09;SF;2;;76;76;36;1992;STRA 90;4;stra V;;L:\AudioToscana\stra V\Bruce Springsteen - Human Touch.wav;;;1
8867;4203;CLN;;For What It's Worth;0;BUFFALO SPRINGFIELD;;3;;;;;;N;S;;02:30;00:10;SM;1;;106;106;24;1966;STRA 60;1;stra V;;L:\AudioToscana\stra V\Buffalo Springfield - For What It's Worth.wav;;;1
8868;1450;CLN;;Young Hearts Run Free;0;CANDI STATON;;1;;;;;;N;S;;03:18;00:09;MM;2;;99;99;35;1976;STRA 70;2;stra V;;L:\AudioToscana\stra V\Candi Staton - Young Hearts Run Free - Candi Staton.wav;;;1
8869;2371;CLN;;On The Road Again;0;CANNED HEAT;;3;;;;;;N;S;;03:58;00:40;MF;2;;102;102;31;1968;STRA 60;1;stra V;;L:\AudioToscana\stra V\Canned Heat - On the road again.wav;;;1
8872;1452;CLN;;C'est La Ouate;0;CAROLINE LOEB;N;1;;;;;;N;S;;03:28;00:30;MM;2;;155;30;15;1986;STRA 80;3;stra V;;L:\AudioToscana\stra V\Caroline Loeb - C'est la ouate.wav;;;1
8874;5269;CLN;;I Got You Babe;0;CHER;;2;;;;;;NO;S;;03:03;00:07;MF;2;;91;91;32;2006;STRA 60;1;stra V;;L:\AudioToscana\stra V\Cher - I Got You Babe.wav;;;1
8877;4205;CLN;;Walking In Memphis;0;CHER;;2;;;;;;N;S;;03:33;00:09;SM;2;;101;73;29;1995;STRA 90;4;stra V;;L:\AudioToscana\stra V\Cher - Walking In Memphis.wav;;;1
8878;5880;CLN;;I Want Your Love;0;CHIC;;1;;;;;;N;S;;02:58;00:20;FF;3;;94;94;36;1978;STRA 70;2;stra V;;L:\AudioToscana\stra V\Chic - I Want Your Love.wav;;;1
8882;6621;CLN;;High On Emotion;0;CHRIS DE BURG;;2;;;;;;N;S;;03:25;00:10;FF;2;;106;106;22;1984;STRA 80;3;stra V;;L:\AudioToscana\stra V\Chris De Burg - High On Emotion.wav;;;1
8883;4429;CLN;;Lady In Red;0;CHRIS DE BURGH;;2;;;;;;NO;S;;03:48;00:19;SM;1;;136;40;20;1986;STRA 80;3;stra V;;L:\AudioToscana\stra V\Chris de Burgh - Lady in Red.wav;;;1
8888;5115;CLN;;Yellow River;0;CHRISTIE;;1;;;;;;N;S;;02:12;00:08;MF;2;;106;106;24;1970;STRA 70;2;stra V;;L:\AudioToscana\stra V\Christie - Yellow River.wav;;;1
8890;6449;CLN;;Johnny B. Goode;0;CHUCK BERRY;;2;;;;;;N;S;;02:35;00:17;FF;3;;99;99;29;1958;STRA 60;1;stra V;;L:\AudioToscana\stra V\Chuck Berry - Johnny Be Good.wav;;;1
8896;4210;CLN;;Proud Mary;0;CREEDENCE CLEARWATER REVIVAL;;3;;;;;;N;S;;02:49;00:13;FF;2;;130;35;20;1969;STRA 60;1;stra V;;L:\AudioToscana\stra V\Credence Clearwater Revival - Proud Mary.wav;;;1
8903;8359;CLN;;The War Song;0;"CULTURE CLUB; BOY GEORGE";;1;;;;;;N;S;;03:33;00:09;FF;;;87;87;38;2012;STRA 80;3;stra V;;L:\AudioToscana\stra V\Culture Club - The War Song.wav;;;1
8904;5514;CLN;;Misfit;0;CURIOSITY KILLED THE CAT;;2;;;;;;N;S;;03:41;00:25;FF;;;111;111;18;2007;STRA 80;3;stra V;;L:\AudioToscana\stra V\Curiosity killed the cat - Misfit.wav;;;1
8908;1478;CLN;;Monkey Chop;0;DAN I;;1;;;;;;N;S;;03:53;00:18;FF;3;;104;104;27;1979;STRA 80;3;stra V;;L:\AudioToscana\stra V\Dan-I - Monkey Chop.wav;;;1
8911;2418;CLN;;Ashes To Ashes;0;DAVID BOWIE;N;3;;;;;;N;S;;04:05;00:34;MF;2;;101;25;28;1980;STRA 80;3;stra V;;L:\AudioToscana\stra V\David Bowie - Ashes to Ashes - David Bowie.wav;;;1
8914;2244;CLN;;French Kissin' In The Usa;0;DEBORAH HARRY;;2;;;;;;N;S;;04:06;00:11;MF;;;106;106;22;1986;STRA 80;3;stra V;;L:\AudioToscana\stra V\Deborah Harry - French kissin' in the USA.wav;;;1
8916;1485;CLN;;Automatic Lover;0;DEE DEE JACKSON;;1;;;;;;N;S;;02:52;00:40;FF;;;98;98;26;1977;STRA 70;2;stra V;;L:\AudioToscana\stra V\Dee Dee Jackson - Automatic lover.wav;;;1
8917;8625;CLN;;Put A Little Love On Me;0;DELEGATION;;2;;;;;;N;S;;02:51;00:43;FF;;;105;105;26;1979;STRA 70;2;stra V;;L:\AudioToscana\stra V\Delegation - Put a Little Love On Me.wav;;;1
8918;1487;CLN;;You And I;0;DELEGATION;;2;;;;;;N;S;;03:53;00:38;FF;;;90;90;32;1979;STRA 80;3;stra V;;L:\AudioToscana\stra V\Delegation - You And I.wav;;;1
8922;4851;CLN;;My Old Piano;0;DIANA ROSS;;2;;;;;;N;S;;02:59;00:16;MM;;;96;43;28;1980;STRA 80;3;stra V;;L:\AudioToscana\stra V\Diana Ross - My Old Piano.wav;;;1
8924;4978;CLN;;You Keep Me Hangin' On;0;DIANA ROSS;;1;;;;;;N;S;;02:26;00:07;MF;;;85;85;35;2007;STRA 60;1;stra V;;L:\AudioToscana\stra V\Diana Ross - You Keep Me Hangin' On.wav;;;1
8931;1510;CLN;;Bad Girls;0;DONNA SUMMER;;1;;;;;;N;S;;03:19;00:24;FF;;;90;90;38;1979;STRA 70;2;stra V;;L:\AudioToscana\stra V\Donna Summer - Bad girls.wav;;;1
8932;6411;CLN;;On The Radio;0;DONNA SUMMER;N;2;;;;;;N;S;;03:59;00:16;SF;2;;103;28;22;1979;STRA 80;3;stra V;;L:\AudioToscana\stra V\Donna Summer - On The Radio.wav;;;1
8933;1513;CLN;;I Remember Yesterday;0;DONNA SUMMER;;1;;;;;;N;S;;02:57;00:29;MF;3;;111;32;15;1977;STRA 70;2;stra V;;L:\AudioToscana\stra V\Donna Summer - I Remember Yesterday.wav;;;1
8943;4456;CLN;;Son Of A Preacher Man;0;DUSTY SPRINGFIELD;;3;;;;;;N;S;;02:19;00:12;SF;2;;94;71;28;1968;STRA 60;1;stra V;;L:\AudioToscana\stra V\Dusty Springfield - Son Of A Preacher Man.wav;;;1
8947;1530;CLN;;Boogie Wonderland;0;EARTH WIND & FIRE;;1;;;;;;N;S;;02:56;00:17;FF;3;;95;32;22;1979;STRA 70;2;stra V;;L:\AudioToscana\stra V\Earth Wind & Fire - Boogie wonderland.wav;;;1
8949;6756;CLN;;Baby I Love You;0;EASY GOING;;1;;;;;;N;S;;02:39;00:15;FF;;;108;108;29;2008;STRA 70;2;stra V;;L:\AudioToscana\stra V\Easy Going - Baby I Love You.wav;;;1
8969;6951;CLN;;Jailhouse Rock;0;ELVIS PRESLEY;;2;;;;;;N;S;;02:15;00:06;MF;;;97;97;33;1958;STRA 60;1;stra V;;L:\AudioToscana\stra V\Elvis Presley - Jailhouse Rock.wav;;;1
8974;2461;CLN;;My Father's Eyes;0;ERIC CLAPTON;;3;;;;;;N;S;;04:32;00:46;MF;;;90;90;34;1998;STRA 90;4;stra V;;L:\AudioToscana\stra V\Eric Clapton - My Father's Eyes.wav;;;1
8976;2691;CLN;;Here Comes The Rain Again;0;"EURYTHMICS; ANNIE LENNOX; DAVE STEWART";N;2;;;;;;N;S;;03:05;00:34;FF;2;;98;25;28;1983;STRA 80;3;stra V;;L:\AudioToscana\stra V\Eurythmics - Here Comes The Rain Again.wav;;;1
8983;1548;CLN;;Rock Me Amadeus;0;FALCO;;1;;;;;;N;S;;03:00;00:25;FF;;;96;96;23;2006;STRA 80;3;stra V;;L:\AudioToscana\stra V\Falco - Rock me amadeus.wav;;;1
8984;3078;CLN;;A Good Heart;0;FEARGAL SHARKEY;;2;;;;;;N;S;;04:07;00:21;FF;3;;105;105;22;1985;STRA 80;3;stra V;;L:\AudioToscana\stra V\Feargal Sharkey - A Good Heart.wav;;;1
8986;4774;CLN;;Johnny Come Home;0;FINE YOUNG CANNIBALS;;2;;;;;;N;S;;03:07;00:16;FF;;;99;99;30;1985;STRA 80;3;stra V;;L:\AudioToscana\stra V\Fine Young Cannibals - Johnny Come Home.wav;;;1
8987;7227;CLN;;Good Thing;0;FINE YOUNG CANNIBALS;;2;;;;;;N;S;;03:01;00:14;MM;;;98;98;27;1988;STRA 80;3;stra V;;L:\AudioToscana\stra V\Fine Young Cannibals - Good Thing.wav;;;1
8992;1557;CLN;;I Know There's Something Going On;0;FRIDA;;2;;;;;;N;S;;03:03;00:17;FF;;;105;105;25;1982;STRA 80;3;stra V;;L:\AudioToscana\stra V\Frida - I know there's something going on.wav;;;1
8995;2464;CLN;;Turn Your Love Around;0;GEORGE BENSON;N;2;;;;;;N;S;;03:18;00:21;MF;2;;112;27;31;1981;STRA 80;3;stra V;;L:\AudioToscana\stra V\George Benson - Turn Your Love Around.wav;;;1
9000;4468;CLN;;Freedom 90;0;GEORGE MICHAEL;;2;;;;;;N;S;;04:07;00:05;MF;;;85;85;31;2006;STRA 90;4;stra V;;L:\AudioToscana\stra V\George Michael - Freedom 90.wav;;;1
9002;4990;CLN;;Baker Street;0;GERRY RAFFERTY;N;2;;;;;;N;S;;04:31;01:00;FM;2;;152;33;15;1978;STRA 70;2;stra V;;L:\AudioToscana\stra V\Gerry Rafferty - Baker Street.wav;;;1
9003;1564;CLN;;Cuba;0;GIBSON BROTHERS;;0;;;;;;N;S;;03:42;00:16;FF;;;94;94;32;1978;STRA 70;2;stra V;;L:\AudioToscana\stra V\Gibson Brothers - Cuba.wav;;;1
9005;1572;CLN;;You Belong To The City;0;GLENN FREY;N;2;;;;;;NO;S;;03:56;01:01;MM;2;;122;29;18;1985;STRA 80;3;stra V;;L:\AudioToscana\stra V\Glenn Frey - You Belong To The City.wav;;;1
9011;3100;CLN;;We Close Our Eyes;0;GO WEST;;1;;;;;;N;S;;03:26;00:23;FF;;;107;107;29;1985;STRA 80;3;stra V;;L:\AudioToscana\stra V\Go West - We Close Our Eyes.wav;;;1
9014;8566;CLN;;Slave To The Rhythm;0;GRACE JONES;;2;;;;;;N;S;;03:54;00:14;SM;;;92;92;31;1985;STRA 80;3;stra V;;L:\AudioToscana\stra V\Grace Jones - Slave to the Rhythm.wav;;;1
9019;1581;CLN;;Don't Leave Me This Way;0;"HAROLD MELVIN & THE BLUENOTES; THE COMMUNARDS";;2;;;;;;N;S;;03:02;00:33;SF;;;101;101;32;1973;STRA 60;1;stra V;;L:\AudioToscana\stra V\Harold melvin & The Bluenotes - Don't leave me this way.wav;;;1
9021;4670;CLN;;Alone;0;HEART;N;2;;;;;;NO;S;;03:20;00:11;SS;2;;138;29;19;1987;STRA 80;3;stra V;;L:\AudioToscana\stra V\Heart - Alone.wav;;;1
9022;5267;CLN;;Love Train;0;HOLLY JOHNSON;;2;;;;;;N;S;;03:26;00:19;FF;;;108;108;16;1989;STRA 80;3;stra V;;L:\AudioToscana\stra V\Holly Johnson - Love train.mp3;;;1
9024;4178;CLN;;Like To Get To Know You Well;0;HOWARD JONES;;1;;;;;;N;S;;03:34;00:20;MF;;;97;97;27;1984;STRA 80;3;stra V;;L:\AudioToscana\stra V\Howard Jones - Like To Get To Know You Well.wav;;;1
9030;1595;CLN;;Don't You Worry 'bout A Thing;0;INCOGNITO;;2;;;;;;N;S;;03:38;00:53;MM;;;105;105;25;1992;STRA 90;4;stra V;;L:\AudioToscana\stra V\Incognito - Don't You Worry 'Bout A Thing.wav;;;1
9031;1596;CLN;;Last Night A Dj Saved My Life - Indeep;0;INDEEP;;2;;;;;;N;S;;03:33;00:25;FF;;;106;106;23;1988;STRA 80;3;stra V;;L:\AudioToscana\stra V\Indeep - Last night a DJ saved my life - Indeep.wav;;;1
9035;770;CLN;;I Want You Back;0;JACKSON 5;;2;;;;;;N;S;;02:37;00:21;MM;;;107;107;22;1969;STRA 60;1;stra V;;L:\AudioToscana\stra V\Jackson 5 - I Want You Back.wav;;;1
9038;840;CLN;;Carolina On My Mind;0;JAMES TAYLOR;;3;;;;;;N;S;;03:34;00:07;SS;;;96;96;29;2006;STRA 60;1;stra V;;L:\AudioToscana\stra V\James Taylor - Carolina On My Mind.wav;;;1
9039;4455;CLN;;Cry Baby;0;JANIS JOPLIN;;3;;;;;;N;S;;03:50;00:00;MS;;;94;94;30;1970;STRA 60;1;stra V;;L:\AudioToscana\stra V\Janis Joplin - Cry Baby.wav;;;1
9040;6460;CLN;;Piece Of My Heart;0;JANIS JOPLIN;;3;;;;;;N;S;;04:05;00:17;MM;;;102;102;31;2014;STRA 60;1;stra V;;L:\AudioToscana\stra V\Janis Joplin - Piece of My Heart.wav;;;1
9042;2584;CLN;;Somebody To Love;0;JEFFERSON AIRPLANE;;3;;;;;;N;S;;02:53;00:00;FF;;;102;102;30;1967;STRA 60;1;stra V;;L:\AudioToscana\stra V\Jefferson Airplane - Somebody To Love.wav;;;1
9044;6195;CLN;;When The Rain Begins To Fall;0;JERMAINE JACKSON & PIA ZADORA;;0;;;;;;N;S;;03:47;00:19;FF;;;97;30;19;2007;STRA 80;3;stra V;;L:\AudioToscana\stra V\Jermaine Jackson & Pia Zadora - When the Rain Begins to Fall.wav;;;1
9046;5438;CLN;;Hey Joe;0;JIMI HENDRIX;;3;;;;;;N;S;;03:13;00:08;MF;;;101;101;25;1967;STRA 60;1;stra V;;L:\AudioToscana\stra V\Jimi Hendrix - Hey Joe.wav;;;1
9049;4122;CLN;;What A Wonderful World;0;JOEY RAMONE;;3;;;;;;N;S;;02:20;00:11;FF;3;;93;93;28;2001;STRA 2000;5;stra V;;L:\AudioToscana\stra V\Joey Ramone - What A Wonderful World.wav;;;1
9050;7872;CLN;;Heart's On Fire;0;JOHN CAFFERTY;;2;;;;;;N;S;;03:42;00:22;MF;;;110;110;21;1985;STRA 80;3;stra V;;L:\AudioToscana\stra V\John Cafferty - Heart's On Fire.wav;;;1
9051;2741;CLN;;Give Peace A Chance;0;JOHN LENNON;;3;;;;;;N;S;;03:03;00:18;FF;;;59;59;39;1969;STRA 60;1;stra V;;L:\AudioToscana\stra V\John Lennon - Give Peace A Chance.wav;;;1
9052;5958;CLN;;Human Weels;0;JOHN MELLENCAMP;;2;;;;;;N;S;;05:18;00:26;FF;3;;100;46;20;1993;STRA 90;4;stra V;;L:\AudioToscana\stra V\JOHN MELLENCAMP - Human Wheels.wav;;;1
9056;1633;CLN;;(shake Shake Shake) Shake Your Booty;0;KC & THE SUNSHINE BAND;;2;;;;;;N;S;;02:59;00:17;FF;;;98;98;30;1976;STRA 70;2;stra V;;L:\AudioToscana\stra V\Kc & The Sunshine Band - (Shake shake shake) Shake your booty.wav;;;1
9059;6280;CLN;;Boogie Shoes;0;KC & THE SUNSHINE BAND;;2;;;;;;N;S;;02:09;00:09;MM;;;99;99;28;2012;STRA 70;2;stra V;;L:\AudioToscana\stra V\KC And The Sunshine Band - Boogie Shoes.wav;;;1
9061;1635;CLN;;Get Down Tonight;0;KC & THE SUNSHINE BAND;;2;;;;;;N;S;;03:04;00:17;MF;;;95;95;34;1975;STRA 70;2;stra V;;L:\AudioToscana\stra V\KC And The Sunshine Band - Get Down Tonight.wav;;;1
9063;1626;CLN;;I'm Your Boogie Man;0;KC & THE SUNSHINE BAND;;2;;;;;;N;S;;02:43;00:18;FF;;;92;92;33;1976;STRA 70;2;stra V;;L:\AudioToscana\stra V\K.C. & The Sunshine Band - I'm Your Boogie Man - K.C. & The Sunshine Band.wav;;;1
9064;2751;CLN;;Constant Craving;0;KD LANG;N;2;;;;;;NO;S;;03:40;00:30;MM;2;;177;18;14;1992;STRA 90;3;stra V;;L:\AudioToscana\stra V\kd lang - Constant Craving.wav;;;1
9067;3343;CLN;;My Male Curiosity;0;KID CREOLE & THE COCONUTS;;2;;;;;;N;S;;03:25;00:00;MF;;;111;111;26;1984;STRA 80;3;stra V;;L:\AudioToscana\stra V\Kid Creole And The Coconuts - My Male Curiosity.wav;;;1
9069;1642;CLN;;You Keep Me Hangin' On;0;KIM WILDE;;1;;;;;;N;S;;03:51;00:20;MF;;;93;93;34;1986;STRA 80;3;stra V;;L:\AudioToscana\stra V\Kim Wilde - You keep me hangin' on.wav;;;1
9072;1645;CLN;;One Step;0;KISSING THE PINK;;2;;;;;;N;S;;03:42;00:18;FF;;;106;106;24;1985;STRA 80;3;stra V;;L:\AudioToscana\stra V\Kissing The Pink - One Step - Kissing The Pink.wav;;;1
9073;1367;CLN;;Too Hot;0;KOOL & THE GANG;N;2;;;;;;NO;S;;03:08;00:19;MM;2;;138;26;27;1979;STRA 80;3;stra V;;L:\AudioToscana\stra V\Kool & The Gang - Too Hot.wav;;;1
9076;1648;CLN;;Ladies Night;0;KOOL & THE GANG;;2;;;;;;N;S;;04:30;00:35;FF;3;;99;46;20;1976;STRA 70;2;stra V;;L:\AudioToscana\stra V\Kool & The gang - Ladies night.wav;;;1
9079;1650;CLN;;Black Is Black;0;LA BELLE EPOQUE;N;1;;;;;;N;S;;03:58;00:39;FM;3;;106;34;19;1976;STRA 70;2;stra V;;L:\AudioToscana\stra V\La Belle Epoque - Black Is Black.wav;;;1
9081;1653;CLN;;Rockollection;0;LAURENT VOULZY;;1;;;;;;N;S;;03:42;00:18;FF;;;105;105;24;1977;STRA 70;2;stra V;;L:\AudioToscana\stra V\Laurent Voulzy - Rockollection.wav;;;1
9085;3130;CLN;;More Than I Can Say;0;LEO SAYER;;2;;;;;;N;S;;03:06;00:20;MS;;;111;52;13;1980;STRA 80;3;stra V;;L:\AudioToscana\stra V\Leo Sayer - More Than I Can Say.wav;;;1
9093;6183;CLN;;Dancing On The Ceiling;0;LIONEL RICHIE;;2;;;;;;N;S;;04:08;00:23;FF;;;94;94;34;1986;STRA 80;3;stra V;;L:\AudioToscana\stra V\Lionel Richie - Dancin In The Ceiling.wav;;;1
9096;6959;CLN;;This Is The Right Time;0;LISA STANSFIELD;;1;;;;;;N;S;;03:44;00:01;MF;;;92;92;37;1989;STRA 80;3;stra V;;L:\AudioToscana\stra V\Lisa Stansfield - This Is The Right Time.wav;;;1
9097;5984;CLN;;All Around The World;0;LISA STANSFIELD;N;2;;;;;;NO;S;;04:09;00:00;SM;2;;148;27;22;1989;STRA 80;3;stra V;;L:\AudioToscana\stra V\Lisa Stansfield - All Around The World.wav;;;1
9098;8154;CLN;;Change;0;LISA STANSFIELD;;2;;;;;;N;S;;03:20;00:02;SM;;;99;99;23;1991;STRA 90;4;stra V;;L:\AudioToscana\stra V\Lisa Stansfield - Change.wav;;;1
9104;1665;CLN;;Hi Steppin' Hip Dressing Fella;0;LOVE UNLIMITED ORCHESTRA;;1;;;;;;N;S;;03:59;00:18;MF;;;98;98;32;2006;STRA 70;2;stra V;;L:\AudioToscana\stra V\Love Unlimited - Hi steppin' hip dressing fella.wav;;;1
9106;2923;CLN;;Borderline;0;MADONNA;;1;;;;;;N;S;;03:30;00:32;FF;3;;97;50;41;1983;STRA 80;3;stra V;;L:\AudioToscana\stra V\Madonna - Borderline - Madonna.wav;;;1
9120;2776;CLN;;California Dreamin';0;The Mamas & The Papas;;2;;;;;;N;S;;02:34;00:08;SF;;;107;107;25;1965;STRA 60;1;stra V;;L:\AudioToscana\stra V\Mams & The Papas - California Dreamin'.wav;;;1
9121;2493;CLN;;Someday;0;MARIAH CAREY;;2;;;;;;N;S;;03:43;00:26;FF;;;91;91;38;1990;STRA 90;4;stra V;;L:\AudioToscana\stra V\Mariah Carey - Someday - Mariah Carey.wav;;;1
9123;8428;CLN;;What's Going On;0;MARVIN GAYE;;2;;;;;;NO;S;;02:52;00:18;SM;;;96;96;31;1971;STRA 70;2;stra V;;L:\AudioToscana\stra V\Marvin Gaye - What's Going On.wav;;;1
9124;2497;CLN;;Ain't No Mountain High Enough;0;MARVIN GAYE;;2;;;;;;N;S;;02:17;00:06;SF;;;99;99;28;1967;STRA 60;1;stra V;;L:\AudioToscana\stra V\Marvin Gaye and Tammi Terrell - Ain't no mountain high enough.wav;;;1
9126;6341;CLN;;Let's Get It On;0;MARVIN GAYE;;2;;;;;;NO;S;;03:23;00:25;SM;;;93;93;30;1973;STRA 70;2;stra V;;L:\AudioToscana\stra V\Marvin Gaye - Let's Get It On (Single Version).wav;;;1
9128;2819;CLN;;Don't Blame It On That Girl;0;MATT BIANCO;;2;;;;;;N;S;;03:25;00:12;FF;;;95;95;29;1984;STRA 80;3;stra V;;L:\AudioToscana\stra V\Matt Bianco - Don't Blame It On That Girl.wav;;;1
9131;7819;CLN;;Ain't No Stoppin' Us Now;0;MCFADDEN & WHITEHEAD;;2;;;;;;N;S;;03:08;00:18;MF;;;108;108;23;1979;STRA 70;2;stra V;;L:\AudioToscana\stra V\McFadden & Whitehead - Ain't No Stoppin' Us Now.wav;;;1
9138;2791;CLN;;Remember The Time;0;MICHAEL JACKSON;;2;;;;;;N;S;;03:00;00:11;MF;;;62;62;33;1991;STRA 90;4;stra V;;L:\AudioToscana\stra V\Michael Jackson - Remember The Time - Michael Jackson.wav;;;1
9150;2793;CLN;;Stranger In Moscow;0;MICHAEL JACKSON;;2;;;;;;NO;S;;04:09;00:56;SM;;;60;60;45;1995;STRA 90;4;stra V;;L:\AudioToscana\stra V\Michael Jackson - Stranger In Moscow.wav;;;1
9153;8469;CLN;;Liberian Girl;0;MICHAEL JACKSON;;2;;;;;;N;S;;02:47;00:44;SM;;;64;64;49;1987;STRA 80;3;stra V;;L:\AudioToscana\stra V\Michael Jackson - Liberian Girl.wav;;;1
9158;1682;CLN;;Let's All Chant;0;MICHAEL ZAGER BAND;;0;;;;;;N;S;;04:01;01:10;FF;;;97;97;35;1977;STRA 70;2;stra V;;L:\AudioToscana\stra V\Michael Zager Band - Let's all chnt.wav;;;1
9163;5022;CLN;;To France;0;MIKE OLDFIELD;N;2;;;;;;N;S;;04:34;00:11;MM;2;;109;26;25;1984;STRA 80;3;stra V;;L:\AudioToscana\stra V\Mike Oldfield - To France.wav;;;1
9165;1687;CLN;;You're My Heart, You're My Soul;0;MODERN TALKING;;0;;;;;;N;S;;03:01;00:21;MF;3;;87;87;28;1985;STRA 80;3;stra V;;L:\AudioToscana\stra V\Modern Talking - You're My Heart, You're My Soul.wav;;;1
9167;1690;CLN;;One Night In Bangkok;0;MURRAY HEAD;;1;;;;;;N;S;;03:33;00:40;MM;;;106;106;20;1980;STRA 80;3;stra V;;L:\AudioToscana\stra V\Murray Head - One Night In Bangkok.wav;;;1
9175;4758;CLN;;Come As You Are;0;NIRVANA;;3;;;;;;N;S;;03:29;00:17;SF;;;104;104;27;1991;STRA 90;4;stra V;;L:\AudioToscana\stra V\Nirvana - Come As You Are.wav;;;1
9181;1707;CLN;;Going Back To My Roots;0;ODISSEY;;1;;;;;;N;S;;03:32;00:22;FF;;;106;106;25;2006;STRA 70;2;stra V;;L:\AudioToscana\stra V\Odissey - Going Back To My Roots - Odissey.wav;;;1
9182;1709;CLN;;Love Train;0;O'JAYS;;2;;;;;;N;S;;02:52;00:08;FF;;;102;102;30;2006;STRA 70;2;stra V;;L:\AudioToscana\stra V\O'Jays - Love train.wav;;;1
9189;3124;CLN;;I've Been Loving You Too Long;0;OTIS REDDING;;2;;;;;;NO;S;;02:46;00:00;SS;;;97;97;33;1991;STRA 60;1;stra V;;L:\AudioToscana\stra V\Otis Redding - I've Been Loving You Too Long.wav;;;1
9192;1717;CLN;;I Love America;0;PATRICK JUVET;;2;;;;;;N;S;;03:32;00:18;MM;;;104;104;26;1978;STRA 70;2;stra V;;L:\AudioToscana\stra V\Patrick Juvet - I Love america.wav;;;1
9196;5150;CLN;;Goodnight Tonight;0;PAUL MCCARTNEY;;2;;;;;;N;S;;03:14;00:41;FF;;;76;76;37;1979;STRA 70;2;stra V;;L:\AudioToscana\stra V\Paul McCartney - Goodnight Tonight.wav;;;1
9202;5127;CLN;;Last Kiss;0;PEARL JAM;;3;;;;;;N;S;;03:08;00:00;SM;;;94;94;29;1998;STRA 90;4;stra V;;L:\AudioToscana\stra V\Pearl Jam - Last Kiss.wav;;;1
9207;1736;CLN;;Walking On Music;0;PETER JACQUES BAND;;1;;;;;;N;S;;04:00;00:28;FF;;;103;103;26;1978;STRA 70;2;stra V;;L:\AudioToscana\stra V\Peter Jaques band - Walking on music.wav;;;1
9211;5569;CLN;;You Can't Hurry Love;0;PHIL COLLINS;;2;;;;;;N;S;;02:27;00:07;MF;;;68;68;27;1988;STRA 80;3;stra V;;L:\AudioToscana\stra V\Phil Collins - You Can't Hurry Love.wav;;;1
9212;2515;CLN;;Dance Into The Light;0;PHIL COLLINS;;2;;;;;;N;S;;03:19;00:17;FF;;;74;74;34;1996;STRA 90;4;stra V;;L:\AudioToscana\stra V\Phil Collins - Dance Into The Light - Phil Collins.wav;;;1
9214;4081;CLN;;Walking On The Cinese Wall;0;"PHILIP BAILEY; PHIL COLLINS";;2;;;;;;NO;S;;03:30;00:48;SF;;;78;78;33;1984;STRA 80;3;stra V;;L:\AudioToscana\stra V\Philip Bailey - Walking On The Cinese Wall - Philip Bailey.wav;;;1
9215;4082;CLN;;Stand;0;POISON;;2;;;;;;N;S;;04:50;00:10;SM;;;103;103;23;1993;STRA 90;4;stra V;;L:\AudioToscana\stra V\Poison - Stand.wav;;;1
9225;3227;CLN;;These Are The Days Of Our Lives;0;"QUEEN; FREDDIE MERCURY";;3;;;;;;NO;S;;03:52;00:08;SS;;;27;27;51;1991;STRA 90;4;stra V;;L:\AudioToscana\stra V\Queen - These Are The Days Of Our Lives - Queen.wav;;;1
9226;1344;CLN;;Karma Police;0;RADIOHEAD;;3;;;;;;N;S;;04:14;00:26;SM;;;96;96;29;1997;STRA 90;4;stra V;;L:\AudioToscana\stra V\Radiohead - Karma Police.wav;;;1
9229;6842;CLN;;Street Life;0;RANDY CRAWFORD;;2;;;;;;N;S;;03:41;00:59;MF;;;109;109;22;2008;STRA 70;2;stra V;;L:\AudioToscana\stra V\Randy Crawford - Street Life (Single Edit).wav;;;1
9232;8453;CLN;;Jack And Jill;0;RAY PARKER JR;;2;;;;;;N;S;;03:02;00:38;MM;;;69;61;20;2012;STRA 70;2;stra V;;L:\AudioToscana\stra V\RAY PARKER JR - Jack and Jill.wav;;;2
9242;1589;CLN;;Whenever You Need Somebody;0;RICK ASTLEY;;2;;;;;;N;S;;03:04;00:05;FF;;;100;100;30;1987;STRA 80;3;stra V;;L:\AudioToscana\stra V\Rick Astley - Whenever You Need Somebody.wav;;;1
9248;5118;CLN;;Ruby Tuesday;0;ROLLING STONES;;3;;;;;;N;S;;03:03;00:01;SM;;;90;90;35;2006;STRA 60;1;stra V;;L:\AudioToscana\stra V\Rolling Stones - Ruby Tuesday.wav;;;1
9249;6679;CLN;;Satisfaction;0;ROLLING STONES;;3;;;;;;N;S;;03:07;00:15;FF;;;93;93;39;2008;STRA 60;1;stra V;;L:\AudioToscana\stra V\Rolling Stones - (I Can't Get No) Satisfaction.wav;;;1
9254;1768;CLN;;Dolce Vita;0;RYAN PARIS;N;1;;;;;;N;S;;03:45;00:39;MF;3;;158;30;19;1983;STRA 80;3;stra V;;L:\AudioToscana\stra V\Ryan Paris - Dolce vita.wav;;;1
9257;3304;CLN;;Paradise;0;SADE;N;2;;;;;;NO;S;;03:06;00:20;SM;2;;93;26;24;1983;STRA 80;3;stra V;;L:\AudioToscana\stra V\Sade - Paradise - Sade.wav;;;1
9259;6370;CLN;;Everlasting Love;0;SANDRA;;1;;;;;;N;S;;03:17;00:33;FF;;;89;89;33;2007;STRA 80;3;stra V;;L:\AudioToscana\stra V\Sandra - Everlasting love.wav;;;1
9264;4262;CLN;;San Francisco;0;SCOTT MCKENZIE;;2;;;;;;N;S;;02:24;00:06;SM;2;;103;80;19;1967;STRA 60;1;stra V;;L:\AudioToscana\stra V\Scott McKenzie - San Francisco (Be Sure To Wear Flowers In Your Hair).wav;;;1
9266;3324;CLN;;Future Love Paradise;0;SEAL;;2;;;;;;N;S;;04:10;00:00;FF;;;93;93;27;1991;STRA 90;4;stra V;;L:\AudioToscana\stra V\Seal - Future Love Paradise.wav;;;1
9268;1778;CLN;;The Second Time Around;0;SHALAMAR;;1;;;;;;N;S;;03:26;00:19;FF;;;102;102;24;1979;STRA 80;3;stra V;;L:\AudioToscana\stra V\Shalamar - The second time around.wav;;;1
9271;2533;CLN;;If It Makes You Happy;0;SHERYL CROW;;R3;;;;;;N;S;;04:39;00:20;MF;;;90;90;34;1996;STRA 90;4;stra V;;L:\AudioToscana\stra V\Sheryl Crow - If It Makes You Happy.wav;;;1
9273;5207;CLN;;Fly Robin Fly;0;SILVER CONVENTION;;1;;;;;;N;S;;03:28;00:17;MF;;;92;92;24;1975;STRA 70;2;stra V;;L:\AudioToscana\stra V\silver convention - Fly Robin Fly.wav;;;1
9274;1783;CLN;;Get Up And Boogie;0;SILVER CONVENTION;;1;;;;;;N;S;;03:03;00:18;FF;;;95;95;34;1976;STRA 70;2;stra V;;L:\AudioToscana\stra V\Silver Convention - Get Up And Boogie - Silver Convention.wav;;;1
9278;3361;CLN;;Let There Be Love;0;SIMPLE MINDS;;2;;;;;;N;S;;03:49;00:53;MF;2;;93;58;27;1991;STRA 90;4;stra V;;L:\AudioToscana\stra V\Simple Minds - Let There Be Love - Simple Minds.wav;;;1
9284;3387;CLN;;The Right Thing;0;SIMPLY RED;;2;;;;;;N;S;;04:14;00:18;MM;;;89;89;36;1987;STRA 80;3;stra V;;L:\AudioToscana\stra V\Simply Red - The Right Thing - Simply Red.wav;;;1
9287;3233;CLN;;He's The Greatest Dancer;0;SISTER SLEDGE;;1;;;;;;N;S;;02:43;00:35;FF;;;94;94;35;1979;STRA 70;2;stra V;;L:\AudioToscana\stra V\Sister Sledge - He's The Greatest Dancer.wav;;;1
9288;1788;CLN;;Lost In Music;0;SISTER SLEDGE;;1;;;;;;N;S;;02:44;00:17;FF;;;94;94;27;1979;STRA 70;2;stra V;;L:\AudioToscana\stra V\Sister Sledge - Lost In Music - Sister Sledge.wav;;;1
9289;1787;CLN;;Get To Love Somebody;0;SISTER SLEDGE;;1;;;;;;N;S;;02:44;00:17;FF;;;99;99;40;2006;STRA 70;2;stra V;;L:\AudioToscana\stra V\Sister Sledge - Get To Love Somebody.wav;;;1
9290;1786;CLN;;All American Girls;0;SISTER SLEDGE;;1;;;;;;N;S;;03:55;00:16;FF;;;97;97;23;1981;STRA 80;3;stra V;;L:\AudioToscana\stra V\Sister sledge - All american girls.wav;;;1
9307;3553;CLN;;Na Na Hey Hey Kiss Him Goodbye;0;STEAM;;2;;;;;;N;S;;02:16;00:09;MF;;;112;112;22;1969;STRA 60;1;stra V;;L:\AudioToscana\stra V\Steam - Na Na Hey Hey Kiss Him Goodbye.wav;;;1
9313;3533;CLN;;Sir Duke;0;STEVIE WONDER;N;3;;;;;;N;S;;03:52;00:19;FF;3;;123;25;26;1976;STRA 70;2;stra V;;L:\AudioToscana\stra V\Stevie Wonder - Sir Duke.wav;;;1
9316;3411;CLN;;All This Time;0;STING;;2;;;;;;N;S;;04:12;00:16;FF;;;78;78;37;1991;STRA 90;4;stra V;;L:\AudioToscana\stra V\Sting - All This Time - Sting.wav;;;1
9319;6084;CLN;;It's Probably Me;0;STING;;2;;;;;;N;S;;04:31;00:10;SS;;;79;79;35;2007;STRA 90;4;stra V;;L:\AudioToscana\stra V\Sting - It's Probably Me - Sting.wav;;;1
9320;3426;CLN;;Shape Of My Heart;0;STING;;3;;;;;;NO;S;;04:29;00:23;SS;;;77;77;33;1993;STRA 90;4;stra V;;L:\AudioToscana\stra V\Sting - Shape Of My Heart.wav;;;1
9321;7871;CLN;;Burning Heart;0;SURVIVOR;N;2;;;;;;N;S;;03:27;00:26;MF;2;;107;26;26;1985;STRA 80;3;stra V;;L:\AudioToscana\stra V\Survivor -  Burning Heart.wav;;;1
9322;3799;CLN;;Book Of Dreams;0;SUZANNE VEGA;;2;;;;;;N;S;;03:07;00:07;FF;;;99;99;34;1990;STRA 90;4;stra V;;L:\AudioToscana\stra V\Suzanne Vega - Book of Dreams.wav;;;1
9326;7242;CLN;;You On My Mind;0;SWING OUT SISTERS;;2;;;;;;N;S;;03:17;00:27;MF;;;99;99;32;1989;STRA 80;3;stra V;;L:\AudioToscana\stra V\Swing Out Sisters - You On My Mind.wav;;;1
9327;2846;CLN;;Am I The Same Girl;0;SWING OUT SISTERS;;2;;;;;;N;S;;03:03;00:25;MF;3;;92;49;22;1992;STRA 90;4;stra V;;L:\AudioToscana\stra V\Swing Out Sister - Am I the Same Girl.wav;;;1
9330;3583;CLN;;Heaven Must Be Missing An Angel;0;TAVARES;;2;;;;;;N;S;;03:19;00:41;FF;;;108;108;21;1986;STRA 70;2;stra V;;L:\AudioToscana\stra V\Tavares - Heaven Must Be Missing An Angel.wav;;;1
9333;1821;CLN;;Wishing Well;0;TERENCE TRENT D'ARBY;;2;;;;;;N;S;;03:20;00:08;FF;;;90;90;28;1987;STRA 80;3;stra V;;L:\AudioToscana\stra V\Terence Trent D'arby - Wishing well.wav;;;1
9339;5434;CLN;;Wouldn't It Be Nice;0;THE BEACH BOYS;;2;;;;;;N;S;;02:09;00:06;FF;;;94;94;30;1966;STRA 60;1;stra V;;L:\AudioToscana\stra V\The Beach Boys - Wouldn't It Be Nice.wav;;;1
9341;5431;CLN;;Surfin' Safari;0;THE BEACH BOYS;;2;;;;;;N;S;;01:55;00:00;FF;;;95;95;32;1962;STRA 60;1;stra V;;L:\AudioToscana\stra V\The Beach Boys - Surfin' Safari.wav;;;1
9343;5439;CLN;;Good Vibrations;0;THE BEACH BOYS;;2;;;;;;N;S;;03:26;00:01;SF;;;92;92;31;1966;STRA 60;1;stra V;;L:\AudioToscana\stra V\The Beach Boys - Good Vibrations.wav;;;1
9344;3622;CLN;;Barbara Ann;0;THE BEACH BOYS;;2;;;;;;N;S;;01:56;00:01;MF;;;98;98;33;1975;STRA 60;1;stra V;;L:\AudioToscana\stra V\The Beach Boys - Barbara Ann.wav;;;1
9346;4941;CLN;;With A Little Help From My Friends;0;"THE BEATLES; JOHN LENNON; PAUL MCCARTNEY; GEORGE HARRISON; RINGO STARR";;2;;;;;;N;S;;02:31;00:09;MM;;;28;28;65;1967;STRA 60;1;stra V;;L:\AudioToscana\stra V\The Beatles - With A Little Help From My Friends.wav;;;1
9352;2541;CLN;;Eleanor Rigby;0;"THE BEATLES; JOHN LENNON; PAUL MCCARTNEY; GEORGE HARRISON; RINGO STARR";;2;;;;;;N;S;;02:03;00:00;FS;;;27;27;26;1966;STRA 60;1;stra V;;L:\AudioToscana\stra V\The Beatles - Eleanor Rigby - The Beatles.wav;;;1
9353;2540;CLN;;Can't Buy Me Love;0;"THE BEATLES; JOHN LENNON; PAUL MCCARTNEY; GEORGE HARRISON; RINGO STARR";;2;;;;;;N;S;;02:07;00:00;FM;;;30;30;27;1964;STRA 60;1;stra V;;L:\AudioToscana\stra V\The Beatles - Can't Buy Me Love.wav;;;1
9355;6970;CLN;;Twist And Shout;0;"THE BEATLES; JOHN LENNON; PAUL MCCARTNEY; GEORGE HARRISON; RINGO STARR";;2;;;;;;N;S;;02:28;00:07;MM;3;;24;16;54;1963;STRA 60;1;stra V;;L:\AudioToscana\stra V\The Beatles - Twist And Shout.wav;;;1
9356;6044;CLN;;She Loves You;0;"THE BEATLES; JOHN LENNON; PAUL MCCARTNEY; GEORGE HARRISON; RINGO STARR";;2;;;;;;N;S;;02:17;00:00;FF;3;;26;22;49;1963;STRA 60;1;stra V;;L:\AudioToscana\stra V\The Beatles - She Loves You.wav;;;1
9363;2552;CLN;;Ob-la-di, Ob-la-da;0;"THE BEATLES; JOHN LENNON; PAUL MCCARTNEY; GEORGE HARRISON; RINGO STARR";;1;;;;;;N;S;;03:04;00:11;FF;3;;30;26;22;2006;STRA 60;1;stra V;;L:\AudioToscana\stra V\The Beatles - Ob-La-Di, Ob-La-Da.wav;;;1
9365;2560;CLN;;Yellow Submarine;0;"THE BEATLES; JOHN LENNON; PAUL MCCARTNEY; GEORGE HARRISON; RINGO STARR";;1;;;;;;N;S;;02:19;00:00;FF;3;;26;22;49;1969;STRA 60;1;stra V;;L:\AudioToscana\stra V\The Beatles - Yellow Submarine - The Beatles.wav;;;1
9366;4937;CLN;;Drive My Car;0;"THE BEATLES; JOHN LENNON; PAUL MCCARTNEY; GEORGE HARRISON; RINGO STARR";;2;;;;;;N;S;;02:10;00:04;SF;3;;27;23;72;1965;STRA 60;1;stra V;;L:\AudioToscana\stra V\The Beatles - Drive My Car - The Beatles.wav;;;1
9367;4942;CLN;;Come Together;0;"THE BEATLES; JOHN LENNON; PAUL MCCARTNEY; GEORGE HARRISON; RINGO STARR";;2;;;;;;N;S;;03:05;00:12;MF;2;;28;25;79;1969;STRA 60;1;stra V;;L:\AudioToscana\stra V\The Beatles - Come Together.wav;;;1
9375;4273;CLN;;Turn! Turn! Turn!;0;THE BYRDS;;2;;;;;;N;S;;03:21;00:15;SM;;;104;104;26;1965;STRA 60;1;stra V;;L:\AudioToscana\stra V\The Byrds - Turn! Turn! Turn! (To Everything There Is A Season).wav;;;1
9377;4935;CLN;;Please Mr Postman;0;THE CARPENTERS;;1;;;;;;N;S;;02:33;00:00;MF;;;100;100;27;2006;STRA 70;2;stra V;;L:\AudioToscana\stra V\The Carpenters - Please Mr. Postman.wav;;;1
9379;8506;CLN;;Nightshift;0;"COMMODORES; LIONEL RICHIE";N;2;;;;;;N;S;;03:57;00:28;SF;2;;113;25;47;1993;STRA 80;3;stra V;;L:\AudioToscana\stra V\THE COMMODORES - Nightshift.wav;;;1
9386;5040;CLN;;Tribute;0;THE PASADENAS;;1;;;;;;N;S;;03:43;00:21;FF;;;104;104;26;2006;STRA 80;3;stra V;;L:\AudioToscana\stra V\The Pasadenas - Tribute (Right On).wav;;;1
9387;4279;CLN;;The Great Pretender;0;THE PLATTERS;;2;;;;;;NO;S;;02:34;00:05;SS;;;101;101;30;1955;STRA 60;1;stra V;;L:\AudioToscana\stra V\The Platters - The Great Pretender.wav;;;1
9391;1844;CLN;;The Best Disco In Town;0;THE RITCHIE FAMILY;;1;;;;;;N;S;;05:23;00:08;FF;;;99;99;33;1976;STRA 70;2;stra V;;L:\AudioToscana\stra V\The Ritchie Family - The best disco in town.wav;;;1
9392;5219;CLN;;American Generation;0;THE RITCHIE FAMILY;;1;;;;;;N;S;;03:03;00:16;FF;;;96;96;28;2006;STRA 70;2;stra V;;L:\AudioToscana\stra V\ritchie family - American Generation.wav;;;1
9396;6634;CLN;;Happy Together;0;THE TURTLES;;2;;;;;;N;S;;02:46;00:08;MF;;;102;102;24;1967;STRA 60;1;stra V;;L:\AudioToscana\stra V\The Turtles - Happy Together.wav;;;1
9401;1220;CLN;;It's Not Unusual;0;TOM JONES;;2;;;;;;N;S;;01:55;00:13;FF;3;;126;23;12;1965;STRA 60;1;stra V;;L:\AudioToscana\stra V\Tom Jones - It's Not Unusual.wav;;;1
9402;3465;CLN;;Learning To Fly;0;TOM PETTY & THE HEARTBREAKERS;;2;;;;;;N;S;;03:39;00:08;MF;;;102;102;27;1991;STRA 90;4;stra V;;L:\AudioToscana\stra V\Tom Petty & The Heartbreakers - Learning To Fly.wav;;;1
9403;7828;CLN;;Don't Walk Away;0;TONI CHILDS;;2;;;;;;N;S;;03:32;00:04;SF;;;107;107;20;1988;STRA 80;3;stra V;;L:\AudioToscana\stra V\Toni Childs - Don't Walk Away.wav;;;1
9407;5201;CLN;;If I Had A Hammer;0;TRINI LOPEZ;;0;;;;;;N;S;;02:55;00:19;FF;;;90;90;30;1963;STRA 60;1;stra V;;L:\AudioToscana\stra V\Trini Lopez - If I Had a Hammer.wav;;;1
9408;1862;CLN;;We All Need Love;0;TROIANO;;0;;;;;;N;S;;03:02;00:17;FF;;;91;91;31;2006;STRA 70;2;stra V;;L:\AudioToscana\stra V\Troiano - We All Need Love.wav;;;1
9414;8414;CLN;;Red Red Wine;0;UB40;;2;;;;;;N;S;;02:40;00:01;MM;3;;102;72;27;1983;STRA 80;3;stra V;;L:\AudioToscana\stra V\ub40 - Red Red Wine.wav;;;1
9415;7020;CLN;;I Got You Babe;0;"UB40 FEAT CHRISSIE HYNDE; UB40";;2;;;;;;N;S;;02:29;00:11;MM;;;98;98;25;2013;STRA 80;3;stra V;;L:\AudioToscana\stra V\UB40 - I Got You Babe.wav;;;1
9417;1872;CLN;;The Hustle;0;VAN MCCOY & THE SOUL CITY SIMPHONY;;1;;;;;;N;S;;02:51;00:35;MF;;;106;106;26;1975;STRA 70;2;stra V;;L:\AudioToscana\stra V\Van McCoy & The Soul City Simphony - The hustle.wav;;;1
9418;5139;CLN;;Brown Eyed Girl;0;VAN MORRISON;;2;;;;;;N;S;;02:52;00:14;MF;;;102;102;23;1967;STRA 60;1;stra V;;L:\AudioToscana\stra V\Van Morrison - Brown Eyed Girl.wav;;;1
9420;1873;CLN;;Diamond;0;VIA VERDI;;0;;;;;;N;S;;03:16;00:46;FF;;;98;98;35;1985;STRA 80;3;stra V;;L:\AudioToscana\stra V\Via Verdi - Diamond.wav;;;1
9423;6686;CLN;;Go West;0;VILLAGE PEOPLE;;0;;;;;;N;S;;03:22;00:38;FF;;;73;24;25;1979;STRA 70;2;stra V;;L:\AudioToscana\stra V\Village People - Go West.wav;;;1
9424;1876;CLN;;Macho Man;0;VILLAGE PEOPLE;;0;;;;;;N;S;;03:02;00:08;FF;;;75;75;36;1978;STRA 70;2;stra V;;L:\AudioToscana\stra V\Village People - Macho man.wav;;;1
9426;1881;CLN;;Dance Hall Days;0;WANG CHUNG;;1;;;;;;N;S;;03:12;00:19;FF;;;105;105;20;1984;STRA 80;3;stra V;;L:\AudioToscana\stra V\Wang Chung - Dance all days - Wang Chung.wav;;;1
9441;5877;CLN;;The Only Way Is Up;0;YAZZ;;1;;;;;;N;S;;03:39;00:24;FF;;;106;106;28;1988;STRA 80;3;stra V;;L:\AudioToscana\stra V\Yazz - The Only Way Is Up.wav;;;1
9445;4002;CLN;;Back In Black;0;ACDC;;R3;;;;;;N;S;;03:45;00:27;RR;;;102;94;23;1980;STRA 80;3;stra V;;L:\AudioToscana\stra V\ACDC - Back In Black.wav;;;1
9447;11116;CLN;;Dream On;0;AEROSMITH;;3;;;;;;N;S;;03:36;00:37;SR;1;;94;86;34;1973;STRA 70;2;stra V;;L:\AudioToscana\stra V\AEROSMITH - Dream On.wav;;;1
9448;5130;CLN;;Walk This Way;0;AEROSMITH;;3;;;;;;N;S;;02:56;00:13;RR;3;;88;80;38;1975;STRA 80;3;stra V;;L:\AudioToscana\stra V\Aerosmith - Walk This Way.wav;;;1
9450;4955;CLN;;All Out Of Love;0;AIR SUPPLY;N;3;;;;;;NO;S;;03:57;00:23;SS;1;;131;25;19;1980;STRA 80;3;stra V;;L:\AudioToscana\stra V\Air Supply - All Out of Love.wav;;;1
9451;5257;CLN;;On The Border;0;AL STEWART;N;3;;;;;;NO;S;;03:06;00:30;SR;2;;137;29;16;1976;STRA 70;2;stra V;;L:\AudioToscana\stra V\Al Stewart - On the Border.wav;;;1
9453;8427;CLN;;Time Passages;0;AL STEWART;;3;;;;;;N;S;;05:37;00:35;SR;1;;93;83;29;1978;STRA 70;2;stra V;;L:\AudioToscana\stra V\Al Stewart - Time Passages.wav;;;1
9454;4627;CLN;;Weak In The Presence Of Beauty;0;ALISON MOYET;;3;;;;;;N;S;;03:23;00:20;MR;;;96;87;40;1984;STRA 80;3;stra V;;L:\AudioToscana\stra V\Alison Moyet - Weak In the Presence of Beauty.wav;;;1
9455;4334;CLN;;Is This Love;0;ALISON MOYET;;3;;;;;;N;S;;03:37;00:17;MR;;;89;81;34;1982;STRA 80;3;stra V;;L:\AudioToscana\stra V\Alison Moyet - Is This Love.wav;;;1
9456;8562;CLN;;All Cried Out;0;ALISON MOYET;;2;;;;;;N;S;;03:25;00:13;MR;;;105;96;25;1982;STRA 80;3;stra V;;L:\AudioToscana\stra V\Alison Moyet - All Cried Out.wav;;;1
9458;4353;CLN;;Love Resurrection;0;ALISON MOYET;;3;;;;;;N;S;;03:12;00:16;SR;2;;97;89;34;1982;STRA 80;3;stra V;;L:\AudioToscana\stra V\Alison Moyet - Love Resurrection.wav;;;1
9462;2572;CLN;;Ventura Highway;0;AMERICA;;3;;;;;;N;S;;03:17;00:18;MM;1;;89;86;34;2006;STRA 70;2;stra V;;L:\AudioToscana\stra V\America - Ventura Highway.wav;;;1
9464;1408;CLN;;Heat Of The Moment;0;ASIA;;3;;;;;;N;S;;03:33;00:10;FR;;;103;95;27;1982;STRA 80;3;stra V;;L:\AudioToscana\stra V\Asia - Heat Of the moment.wav;;;1
9465;5064;CLN;;Flesh For Fantasy;0;BILLY IDOL;;3;;;;;;N;S;;03:38;00:11;RR;2;;93;84;31;1983;STRA 80;3;stra V;;L:\AudioToscana\stra V\Billy Idol - Flesh For Fantasy.wav;;;1
9467;5021;CLN;;Rebel Yell;0;BILLY IDOL;;3;;;;;;N;S;;04:42;00:24;RR;3;;92;84;37;1983;STRA 80;3;stra V;;L:\AudioToscana\stra V\Billy Idol - Rebel Yell.wav;;;1
9468;2985;CLN;;Sweet Sixteen;0;BILLY IDOL;;3;;;;;;N;S;;03:49;00:06;SR;;;97;36;22;1986;STRA 80;3;stra V;;L:\AudioToscana\stra V\Billy Idol - Sweet Sixteen.wav;;;1
9472;2617;CLN;;Movin' Out (anthony's Song);0;BILLY JOEL;;3;;;;;;N;S;;03:09;00:15;MR;;;87;78;40;1977;STRA 80;3;stra V;;L:\AudioToscana\stra V\Billy Joel - Movin' Out (Anthony's Song).wav;;;1
9473;6532;CLN;;We Didn't Start The Fire;0;BILLY JOEL;;3;;;;;;N;S;;03:31;00:19;FR;;;89;82;37;1989;STRA 80;3;stra V;;L:\AudioToscana\stra V\Billy Joel - We Didn't Start The Fire.wav;;;1
9474;1431;CLN;;I Hear You Call;0;BLISS;N;3;;;;;;N;S;;03:31;00:06;SR;;;103;33;23;1989;STRA 80;3;stra V;;L:\AudioToscana\stra V\Bliss - I hear you call.wav;;;1
9477;8383;CLN;;Hurricane;0;BOB DYLAN;;3;;;;;;N;S;;05:38;00:16;MR;;;88;80;30;1986;STRA 70;2;stra V;;L:\AudioToscana\stra V\Bob Dylan - Hurricane.wav;;;1
9478;2390;CLN;;Knockin' On Heaven's Door;0;BOB DYLAN;;3;;;;;;NO;S;;02:15;00:29;SR;;;84;74;30;1973;STRA 70;2;stra V;;L:\AudioToscana\stra V\Bob Dylan - Knockin' On Heaven's Door.wav;;;1
9485;5058;CLN;;Bad Medicine;0;BON JOVI;;3;;;;;;N;S;;04:21;00:16;FR;;;86;78;41;1988;STRA 80;3;stra V;;L:\AudioToscana\stra V\Bon Jovi - Bad Medicine - Bon Jovi.wav;;;1
9490;1440;CLN;;Amanda;0;BOSTON;N;3;;;;;;NO;S;;04:06;00:08;SR;1;;162;25;20;1986;STRA 80;3;stra V;;L:\AudioToscana\stra V\Boston - Amanda.wav;;;1
9491;2383;CLN;;The Way It Is;0;BRUCE HORNSBY;N;2;;;;;;NO;S;;04:20;00:50;SR;2;;172;30;16;1986;STRA 80;3;stra V;;L:\AudioToscana\stra V\Bruce Hornsby - The way it is.wav;;;1
9492;3023;CLN;;My Hometown;0;BRUCE SPRINGSTEEN;;3;;;;;;N;S;;03:38;00:18;SR;;;78;71;42;1984;STRA 80;3;stra V;;L:\AudioToscana\stra V\Bruce Springsteen - My Hometown.wav;;;1
9494;3018;CLN;;I'm Goin' Down;0;BRUCE SPRINGSTEEN;;3;;;;;;N;S;;03:09;00:15;MR;;;80;73;39;1984;STRA 80;3;stra V;;L:\AudioToscana\stra V\Bruce Springsteen - I'm Goin' Down.wav;;;1
9496;3029;CLN;;The River;0;BRUCE SPRINGSTEEN;N;R3;;;;;;N;S;;04:10;00:17;SF;1;;158;23;32;1980;STRA 80;3;stra V;;L:\AudioToscana\stra V\Bruce Springsteen - The River.wav;;;1
9497;3014;CLN;;Glory Days;0;BRUCE SPRINGSTEEN;;R3;;;;;;N;S;;03:08;00:17;FR;2;;102;43;29;1984;STRA 80;3;stra V;;L:\AudioToscana\stra V\Bruce Springsteen - Glory Days.wav;;;1
9498;3019;CLN;;I'm On Fire;0;BRUCE SPRINGSTEEN;;3;;;;;;N;S;;02:11;00:23;MR;;;81;74;38;1978;STRA 80;3;stra V;;L:\AudioToscana\stra V\Bruce Springsteen - I'm On Fire.wav;;;1
9499;3008;CLN;;Born To Run;0;BRUCE SPRINGSTEEN;;3;;;;;;N;S;;04:22;00:14;FR;;;76;70;33;1975;STRA 70;2;stra V;;L:\AudioToscana\stra V\Bruce Springsteen - Born To Run.wav;;;1
9500;3032;CLN;;Working On The Highway;0;BRUCE SPRINGSTEEN;;3;;;;;;N;S;;03:10;00:06;FR;;;78;71;45;1984;STRA 80;3;stra V;;L:\AudioToscana\stra V\Bruce Springsteen - Working On The Highway.wav;;;1
9501;3003;CLN;;Badlands;0;BRUCE SPRINGSTEEN;;3;;;;;;N;S;;03:54;00:17;FR;;;79;71;46;1978;STRA 70;2;stra V;;L:\AudioToscana\stra V\Bruce Springsteen - Badlands.wav;;;1
9505;1247;CLN;;Let's Stick Together;0;BRYAN FERRY;;3;;;;;;N;S;;02:48;00:24;FR;3;;94;85;32;1976;STRA 70;2;stra V;;L:\AudioToscana\stra V\BRYAN FERRY - Let's Stick Together.wav;;;1
9506;773;CLN;;Don't Stop The Dance;0;BRYAN FERRY;;3;;;;;;N;S;;04:13;00:27;MR;;;96;87;37;1985;STRA 80;3;stra V;;L:\AudioToscana\stra V\Bryan Ferry - Don't Stop the Dance.wav;;;1
9508;3355;CLN;;Kiss And Tell;0;BRYAN FERRY;;3;;;;;;N;S;;02:59;00:21;MR;;;100;91;37;1987;STRA 80;3;stra V;;L:\AudioToscana\stra V\Bryan Ferry - Kiss And Tell.wav;;;1
9509;4984;CLN;;Everlasting Love;0;CARL CARLTON;N;2;;;;;;N;S;;02:21;00:13;FR;3;;105;30;22;1973;STRA 70;2;stra V;;L:\AudioToscana\stra V\Carl Carlton - Everlasting Love.wav;;;1
9515;5274;CLN;;Just Like Jesse James;0;CHER;N;3;;;;;;NO;S;;03:58;00:14;SS;1;;151;26;20;1989;STRA 80;3;stra V;;L:\AudioToscana\stra V\Cher - Just Like Jesse James.wav;;;1
9520;3050;CLN;;Josephine;0;CHRIS REA;;2;;;;;;NO;S;;04:13;00:21;MR;2;;106;97;32;1987;STRA 80;3;stra V;;L:\AudioToscana\stra V\Chris Rea - Josephine - Chris Rea.wav;;;1
9521;3045;CLN;;Fool (if You Think It's Over);0;CHRIS REA;;2;;;;;;NO;S;;03:41;00:23;SR;2;;98;89;35;1978;STRA 80;3;stra V;;L:\AudioToscana\stra V\Chris Rea - Fool (If You Think It's Over) - Chris Rea.wav;;;1
9522;3048;CLN;;I Can Hear Your Heartbeat;0;CHRIS REA;;2;;;;;;N;S;;03:03;00:15;FR;;;99;91;32;1983;STRA 80;3;stra V;;L:\AudioToscana\stra V\Chris Rea - I Can Hear Your Heartbeat - Chris Rea.wav;;;1
9529;4037;CLN;;I Heard It Trough The Grapevine;0;CREEDENCE CLEARWATER REVIVAL;;3;;;;;;N;S;;05:07;00:16;SR;2;;58;49;8;1970;STRA 70;2;stra V;;L:\AudioToscana\stra V\Creedence Clearwater Revival - I Heard It Trough The Grapevine.wav;;I Heard It Through The Grapewine;1
9530;6683;CLN;;Our House;0;CROSBY STILLS NASH & YOUNG;;3;;;;;;NO;S;;02:55;00:00;SS;1;;105;96;25;2008;STRA 70;2;stra V;;L:\AudioToscana\stra V\CROSBY STILLS NESH & YOUNG - Our House.wav;;;1
9534;5044;CLN;;Rebel Rebel;0;DAVID BOWIE;;3;;;;;;N;S;;04:23;00:31;RR;;;84;76;33;1974;STRA 70;2;stra V;;L:\AudioToscana\stra V\David Bowie - Rebel Rebel - David Bowie.wav;;;1
9535;5041;CLN;;Changes;0;DAVID BOWIE;N;3;;;;;;N;S;;03:27;00:00;SS;2;;110;25;28;1972;STRA 70;2;stra V;;L:\AudioToscana\stra V\David Bowie - Changes - David Bowie.wav;;;1
9537;6670;CLN;;This Is Not America;0;DAVID BOWIE;N;3;;;;;;NO;S;;03:12;00:09;MR;2;;84;25;25;1988;STRA 80;3;stra V;;L:\AudioToscana\stra V\David Bowie - This Is Not America.wav;;;1
9539;2424;CLN;;Young Americans;0;DAVID BOWIE;;3;;;;;;N;S;;04:39;00:26;MR;;;81;74;32;1975;STRA 70;2;stra V;;L:\AudioToscana\stra V\David Bowie - Young Americans - David Bowie.wav;;;1
9540;2419;CLN;;China Girl;0;DAVID BOWIE;N;3;;;;;;N;S;;03:55;00:22;FR;3;;85;25;32;1983;STRA 80;3;stra V;;L:\AudioToscana\stra V\David Bowie - China Girl - David Bowie.wav;;;1
9541;2421;CLN;;Let's Dance;0;DAVID BOWIE;;3;;;;;;N;S;;03:43;00:25;FF;3;;112;64;31;1983;STRA 80;3;stra V;;L:\AudioToscana\stra V\David Bowie - Let's Dance - David Bowie.wav;;;1
9542;2140;CLN;;Smoke On The Water;0;DEEP PURPLE;;R3;;;;;;N;S;;04:58;00:51;FR;2;;102;92;28;1972;STRA 70;2;stra V;;L:\AudioToscana\stra V\Deep Purple - Smoke on the water.wav;;;1
9543;4953;CLN;;Hysteria;1;DEF LEPPARD;N;3;;;;;;NO;S;;03:04;00:17;MR;2;;175;31;17;1987;STRA 80;3;stra V;;L:\AudioToscana\stra V\Def Leppard - Hysteria.wav;;;1
9544;1494;CLN;;Just Can't Get Enough;0;DEPECHE MODE;;2;;;;;;N;S;;03:19;00:23;FR;;;100;92;32;1988;STRA 80;3;stra V;;L:\AudioToscana\stra V\Depeche Mode - Just can't get enough.wav;;;1
9553;2442;CLN;;Twisting By The Pool;0;DIRE STRAITS;;2;;;;;;N;S;;03:28;00:05;FR;3;;134;35;20;1982;STRA 80;3;stra V;;L:\AudioToscana\stra V\Dire Straits - Twisting By The Pool - Dire Straits.wav;;;1
9554;2428;CLN;;Brothers In Arms;0;DIRE STRAITS;;3;;;;;;NO;S;;04:11;00:22;SS;1;;84;77;39;1985;STRA 80;3;stra V;;L:\AudioToscana\stra V\Dire Straits - Brothers In Arms - Dire Straits.wav;;;1
9558;3070;CLN;;Girls On Film;0;DURAN DURAN;;2;;;;;;N;S;;02:58;00:17;FR;3;;87;78;30;1981;STRA 80;3;stra V;;L:\AudioToscana\stra V\Duran Duran - Girls On Film.wav;;;1
9563;2623;CLN;;Confusion;0;ELECTRIC LIGHT ORCHESTRA;N;3;;;;;;N;S;;03:22;00:20;MR;2;;117;28;25;1979;STRA 70;2;stra V;;L:\AudioToscana\stra V\Electric Light Orchestra - Confusion.wav;;;1
9564;1415;CLN;;Don't Bring Me Down;0;ELECTRIC LIGHT ORCHESTRA;;3;;;;;;N;S;;03:59;00:15;FR;;;87;79;35;1973;STRA 70;2;stra V;;L:\AudioToscana\stra V\Electric Light Orchestra - Don't Bring Me Down.wav;;;1
9565;2452;CLN;;Turn To Stone;0;ELECTRIC LIGHT ORCHESTRA;;3;;;;;;N;S;;03:11;00:13;FR;2;;87;78;36;1977;STRA 70;2;stra V;;L:\AudioToscana\stra V\Electric Light Orchestra - Turn to Stone.wav;;;1
9568;2451;CLN;;Livin' Thing;0;ELECTRIC LIGHT ORCHESTRA;N;3;;;;;;N;S;;03:02;00:23;FR;2;;119;27;19;1976;STRA 70;2;stra V;;L:\AudioToscana\stra V\Electric Light Orchestra - Livin' Thing.wav;;;1
9570;2663;CLN;;Philadelphia Freedom;0;ELTON JOHN;;3;;;;;;N;S;;05:05;00:15;FR;2;;51;44;49;1975;STRA 70;2;stra V;;L:\AudioToscana\stra V\Elton John - Philadelphia Freedom - Elton John.wav;;;1
9571;2661;CLN;;Part Time Love;0;ELTON JOHN;N;3;;;;;;N;S;;03:00;00:15;FR;3;;51;10;23;1978;STRA 80;3;stra V;;L:\AudioToscana\stra V\Elton John - Part-Time Love - Elton John.wav;;;1
9573;4756;CLN;;Lucky Man;0;EMERSON LAKE AND PALMER;;3;;;;;;N;S;;03:58;00:09;SR;;;94;84;32;1970;STRA 70;2;stra V;;L:\AudioToscana\stra V\Emerson Lake and Palmer - Lucky Man.wav;;;1
9575;1542;CLN;;Cocaine;0;ERIC CLAPTON;;3;;;;;;N;S;;03:01;00:18;FR;;;95;85;37;1977;STRA 70;2;stra V;;L:\AudioToscana\stra V\Eric Clapton - Cocaine.wav;;;1
9577;2457;CLN;;I Shot The Sheriff;0;ERIC CLAPTON;;2;;;;;;N;S;;03:28;00:00;FR;;;91;84;32;1974;STRA 70;2;stra V;;L:\AudioToscana\stra V\Eric Clapton - I Shot The Sheriff - Eric Clapton.wav;;;1
9578;2460;CLN;;Layla;0;ERIC CLAPTON;;3;;;;;;N;S;;06:52;00:25;FR;;;89;80;34;2006;STRA 70;2;stra V;;L:\AudioToscana\stra V\Eric Clapton - Layla - Eric Clapton.wav;;;1
9579;2009;CLN;;Rock The Night;0;EUROPE;;2;;;;;;N;S;;04:03;00:23;FR;;;100;91;41;1985;STRA 80;3;stra V;;L:\AudioToscana\stra V\Europe - Rock the Night.wav;;;1
9583;2698;CLN;;When Tomorrow Comes;0;"EURYTHMICS; ANNIE LENNOX; DAVE STEWART";N;2;;;;;;N;S;;03:56;00:28;FR;3;;88;23;26;1986;STRA 80;3;stra V;;L:\AudioToscana\stra V\Eurythmics - When Tomorrow Comes.wav;;;1
9586;1550;CLN;;Feels Like Heaven;0;FICTION FACTORY;N;2;;;;;;N;S;;03:20;00:18;FR;2;;172;30;15;0;STRA 80;3;stra V;;L:\AudioToscana\stra V\Fiction Factory - Feels Like Heaven.wav;;;1
9588;4436;CLN;;Don't Stop;0;FLEETWOOD MAC;;2;;;;;;N;S;;02:49;00:17;SR;;;100;91;33;1977;STRA 70;2;stra V;;L:\AudioToscana\stra V\Fleetwood Mac - Don't Stop.wav;;;1
9590;5733;CLN;;Waiting For A Girl Like You;0;FOREIGNER;N;3;;;;;;NO;S;;03:28;00:34;SR;1;;148;25;21;1981;STRA 80;3;stra V;;L:\AudioToscana\stra V\Foreigner - Waiting for a Girl Like You.wav;;;1
9591;1552;CLN;;Urgent;0;FOREIGNER;;3;;;;;;N;S;;04:04;00:24;MR;;;90;81;41;1981;STRA 80;3;stra V;;L:\AudioToscana\stra V\Foreigner - Urgent.wav;;;1
9592;4224;CLN;;Love Of My Life;0;FRANK ZAPPA;;3;;;;;;NO;S;;01:54;00:13;MR;;;104;95;24;1981;STRA 80;3;stra V;;L:\AudioToscana\stra V\Frank Zappa - Love Of My Life.wav;;;1
9595;8567;CLN;;Abacab;0;"GENESIS; PHIL COLLINS; PETER GABRIEL";;3;;;;;;N;S;;03:47;00:34;FR;;;73;64;35;1981;STRA 80;3;stra V;;L:\AudioToscana\stra V\Genesis - Abacab.wav;;;1
9597;6579;CLN;;Land Of Confusion;0;"GENESIS; PHIL COLLINS; PETER GABRIEL";;3;;;;;;N;S;;04:37;00:10;FR;;;74;67;32;1986;STRA 80;3;stra V;;L:\AudioToscana\stra V\Genesis - Land of Confusion.wav;;;1
9600;8397;CLN;;All Those Years Ago;0;GEORGE HARRISON;;3;;;;;;N;S;;03:12;00:09;MR;;;79;71;34;1981;STRA 80;3;stra V;;L:\AudioToscana\stra V\George Harrison - All Those Years Ago.wav;;;1
9601;5010;CLN;;Blow Away;0;GEORGE HARRISON;N;3;;;;;;N;S;;03:52;00:19;SS;2;;99;24;24;1979;STRA 70;2;stra V;;L:\AudioToscana\stra V\George Harrison - Blow Away.wav;;;1
9603;4174;CLN;;Wild Horses;0;GINO VANNELLI;N;2;;;;;;N;S;;04:11;00:31;MR;2;;153;29;18;1987;STRA 80;3;stra V;;L:\AudioToscana\stra V\Gino Vannelli - Wild Horses.wav;;;1
9604;1567;CLN;;I Just Wanna Stop;0;GINO VANNELLI;;2;;;;;;NO;S;;03:20;00:14;SR;1;;107;47;19;1978;STRA 70;2;stra V;;L:\AudioToscana\stra V\Gino Vannelli - I Just Wanna Stop.wav;;;1
9605;1571;CLN;;The Heat Is On;0;GLENN FREY;;2;;;;;;N;S;;03:25;00:25;FR;3;;144;43;14;1984;STRA 80;3;stra V;;L:\AudioToscana\stra V\Glenn Frey - The heat is on.wav;;;1
9606;1579;CLN;;Jeopardy;0;GREG KIHN BAND;;2;;;;;;N;S;;03:45;00:17;MR;;;117;109;22;1983;STRA 80;3;stra V;;L:\AudioToscana\stra V\Greg Kihn Band - Jeopardy - Greg Kihn Band.wav;;;1
9609;1479;CLN;;Out Of Touch;0;HALL & OATES;;2;;;;;;N;S;;03:15;00:44;MR;;;105;96;28;1984;STRA 80;3;stra V;;L:\AudioToscana\stra V\Daryl Hall & John Oates - Out of touch.wav;;;1
9610;2726;CLN;;Maneater;0;HALL & OATES;;2;;;;;;N;S;;04:08;00:43;MR;3;;125;72;28;2006;STRA 80;3;stra V;;L:\AudioToscana\stra V\Hall & Oates - Maneater.wav;;;1
9611;2725;CLN;;Kiss On My List;0;HALL & OATES;;2;;;;;;N;S;;03:29;00:19;FR;;;101;93;27;1980;STRA 80;3;stra V;;L:\AudioToscana\stra V\Hall & Oates - Kiss On My List.wav;;;1
9612;1480;CLN;;Private Eyes;0;HALL & OATES;;2;;;;;;N;S;;03:06;00:17;MR;;;99;91;29;1983;STRA 80;3;stra V;;L:\AudioToscana\stra V\Daryl Hall & John Oates - Private eyes.wav;;;1
9613;2729;CLN;;Say It Isn't So;0;HALL & OATES;;2;;;;;;N;S;;04:00;00:36;FR;;;101;93;30;1973;STRA 80;3;stra V;;L:\AudioToscana\stra V\Hall & Oates - Say It Isn't So.wav;;;1
9614;2724;CLN;;I Can't Go For That (no Can Do);0;HALL & OATES;;2;;;;;;N;S;;03:25;00:26;MR;;;103;94;27;1981;STRA 80;3;stra V;;L:\AudioToscana\stra V\Hall & Oates - I Can't Go For That (No Can Do).wav;;;1
9617;1591;CLN;;I Want A New Drug (called Love);0;HUEY LEWIS & THE NEWS;;2;;;;;;N;S;;03:48;00:18;FR;;;103;94;30;1984;STRA 80;3;stra V;;L:\AudioToscana\stra V\Huey Lewis & The News - I want a new drug (called love).wav;;;1
9618;1363;CLN;;The Passenger;0;IGGY POP;;3;;;;;;N;S;;03:20;00:22;FR;;;108;99;30;1977;STRA 70;2;stra V;;L:\AudioToscana\stra V\Iggy Pop - The Passenger.wav;;;1
9621;1602;CLN;;Sweet Lui-louise;0;IRONHORSE;;2;;;;;;N;S;;02:48;00:24;FR;3;;106;98;26;1999;STRA 70;2;stra V;;L:\AudioToscana\stra V\Ironhorse - Sweet Lui-Louise.wav;;;1
9622;8455;CLN;;The Road;0;JACKSON BROWNE;;3;;;;;;N;S;;04:41;00:37;SS;;;91;83;35;1974;STRA 70;2;stra V;;L:\AudioToscana\stra V\Jackson Browne - The Road.wav;;;1
9624;8435;CLN;;Somebody's Baby;0;JACKSON BROWNE;;3;;;;;;N;S;;03:46;00:16;FR;;;98;89;30;1982;STRA 80;3;stra V;;L:\AudioToscana\stra V\Jackson Browne - Somebody's Baby.wav;;;1
9629;1613;CLN;;Drop The Pilot;0;JOAN ARMATRADING;;2;;;;;;N;S;;03:18;00:17;FR;;;117;108;23;1983;STRA 80;3;stra V;;L:\AudioToscana\stra V\Joan armatrading - Drop the pilot.wav;;;1
9634;1615;CLN;;Don't You Love Me Anymore;0;JOE COCKER;;2;;;;;;NO;S;;03:43;00:14;MR;;;93;86;34;1986;STRA 80;3;stra V;;L:\AudioToscana\stra V\Joe Cocker - Don't you love me anymore.wav;;;1
9637;4062;CLN;;Steppin' Out;0;JOE JACKSON;N;2;;;;;;N;S;;03:53;00:42;MR;2;;147;31;18;1982;STRA 80;3;stra V;;L:\AudioToscana\stra V\Joe Jackson - Steppin' Out - Joe Jackson.wav;;;1
9641;2744;CLN;;Instant Karma;0;JOHN LENNON;;3;;;;;;N;S;;02:55;00:05;MR;;;65;58;42;1970;STRA 70;2;stra V;;L:\AudioToscana\stra V\John Lennon - Instant Karma.wav;;;1
9643;2747;CLN;;Stand By Me;0;JOHN LENNON;;3;;;;;;N;S;;03:00;00:18;MR;;;54;50;35;1975;STRA 70;2;stra V;;L:\AudioToscana\stra V\John Lennon - Stand By Me.wav;;;1
9644;2739;CLN;;(just Like) Starting Over;0;JOHN LENNON;B;3;;;;;;NO;S;;03:14;00:06;SR;2;;90;21;19;1980;STRA 80;3;stra V;;L:\AudioToscana\stra V\John Lennon - (Just Like) Starting Over.wav;;;1
9646;8376;CLN;;Jack And Diane;0;JOHN MELLENCAMP;;2;;;;;;N;S;;03:46;00:28;MR;;;106;97;23;1982;STRA 80;3;2012;;L:\AudioToscana\2012\JOHN MELLENCAMP - Jack and Diane.wav;;;1
9649;7673;CLN;;Who's Crying Now;0;JOURNEY;;3;;;;;;N;S;;03:25;00:17;SR;;;109;100;27;1981;STRA 80;3;stra V;;L:\AudioToscana\stra V\Journey - Who's Crying Now.wav;;;1
9650;5470;CLN;;Babooshka;0;KATE BUSH;N;3;;;;;;N;S;;03:14;00:19;SS;2;;148;27;25;1980;STRA 80;3;stra V;;L:\AudioToscana\stra V\Kate Bush - Babooshka.wav;;;1
9651;3125;CLN;;Running Up That Hill;0;KATE BUSH;N;3;;;;;;N;S;;04:39;00:25;FR;2;;126;27;28;2022;STRA 80;3;stra V;;L:\AudioToscana\stra V\Kate Bush - Running Up That Hill.wav;;;1
9657;5120;CLN;;Reason To Live;0;KISS;;3;;;;;;N;S;;03:24;00:21;MS;;;98;89;27;1987;STRA 80;3;stra V;;L:\AudioToscana\stra V\Kiss - Reason To Live.wav;;;1
9658;5116;CLN;;Stairway To Heaven;0;LED ZEPPELIN;;3;;;;;;N;S;;07:59;00:53;SS;;;93;85;19;1971;STRA 70;2;stra V;;L:\AudioToscana\stra V\Led Zeppelin - Stairway To Heaven.wav;;Stairway To Heaven;1
9659;6221;CLN;;It's So Easy;0;LINDA RONDSTAT;;2;;;;;;N;S;;02:24;00:08;MR;;;112;104;22;1977;STRA 70;2;stra V;;L:\AudioToscana\stra V\Linda Rondstat - It's So Easy.wav;;;1
9660;7153;CLN;;Walk On The Wild Side;0;LOU REED;;3;;;;;;N;S;;03:39;00:20;SR;;;98;90;32;1972;STRA 70;2;stra V;;L:\AudioToscana\stra V\Lou Reed - Walk On the Wild Side.wav;;;1
9662;2588;CLN;;Sweet Home Alabama;0;LYNYRD SKYNYRD;;R3;;;;;;N;S;;04:05;00:23;FR;3;;99;31;21;1974;STRA 70;2;stra V;;L:\AudioToscana\stra V\Lynyrd Skynyrd - sweet home alabama.wav;;;1
9663;4623;CLN;;Home Sweet Home;0;MOTLEY CRUE;;3;;;;;;NO;S;;03:16;00:11;SR;;;105;95;27;1985;STRA 80;3;stra V;;L:\AudioToscana\stra V\Motley Crue - Home Sweet Home.wav;;;1
9664;3499;CLN;;My My, Hey Hey (out Of The Blue);0;NEIL YOUNG;;3;;;;;;N;S;;02:34;00:36;SR;;;105;96;29;2006;STRA 70;2;stra V;;L:\AudioToscana\stra V\Neil Young - My My, Hey Hey (Out Of The Blue).wav;;;1
9671;7790;CLN;;Come Back And Stay;0;PAUL YOUNG;;3;;;;;;N;S;;03:48;00:29;MR;;;90;82;31;1983;STRA 80;3;stra V;;L:\AudioToscana\stra V\Paul Young - Come Back And Stay.wav;;;1
9672;1732;CLN;;Show Me The Way;0;PETER FRAMPTON;;3;;;;;;N;S;;03:26;00:21;FR;;;95;87;31;1975;STRA 80;3;stra V;;L:\AudioToscana\stra V\Peter Frampton - Show Me The Way .wav;;;1
9675;6388;CLN;;Solsbury Hill;0;PETER GABRIEL;;3;;;;;;N;S;;03:20;00:29;MR;;;92;83;31;1983;STRA 70;2;stra V;;L:\AudioToscana\stra V\Peter Gabriel - Solsbury Hill.wav;;;1
9676;1734;CLN;;Shock The Monkey;0;PETER GABRIEL;;3;;;;;;N;S;;03:55;00:12;FR;;;90;83;32;1982;STRA 80;3;stra V;;L:\AudioToscana\stra V\Peter Gabriel - Shock the monkey.wav;;;1
9687;5053;CLN;;Time;0;PINK FLOYD;;3;;;;;;N;S;;04:31;02:13;SS;;;82;74;41;1973;STRA 70;2;stra V;;L:\AudioToscana\stra V\Pink Floyd - Time.wav;;;1
9690;5052;CLN;;Shine On You Crazy Diamond;0;PINK FLOYD;;3;;;;;;N;S;;07:18;07:36;SS;;;87;79;34;1974;STRA 70;2;stra V;;L:\AudioToscana\stra V\Pink Floyd - Shine On You Crazy Diamond.wav;;;1
9692;5515;CLN;;When Love Breaks Down;0;PREFAB SPROUT;N;2;;;;;;NO;S;;03:26;00:16;SR;1;;158;28;34;1983;STRA 80;3;stra V;;L:\AudioToscana\stra V\Prefab Sprout - When Love Breaks Down.wav;;;1
9693;4983;CLN;;Appetite;0;PREFAB SPROUT;;3;;;;;;NO;S;;03:47;00:24;SS;;;97;89;34;1983;STRA 80;3;stra V;;L:\AudioToscana\stra V\Prefab Sprout - Appetite.wav;;;1
9695;1742;CLN;;Harden My Heart;0;QUARTERFLASH;N;2;;;;;;N;S;;03:37;00:16;MR;3;;123;38;19;1981;STRA 80;3;stra V;;L:\AudioToscana\stra V\Quarterflash - Harden My Heart - Quarterflash.wav;;;1
9697;3210;CLN;;Killer Queen;0;"QUEEN; FREDDIE MERCURY";;3;;;;;;N;S;;02:44;00:03;FR;;;26;22;56;1974;STRA 70;2;stra V;;L:\AudioToscana\stra V\Queen - Killer Queen.wav;;;1
9704;3209;CLN;;It's A Hard Life;0;"QUEEN; FREDDIE MERCURY";;3;;;;;;NO;S;;03:52;00:00;MS;;;29;15;124;1984;STRA 80;3;stra V;;L:\AudioToscana\stra V\Queen - It's A Hard Life - Queen.wav;;;1
9705;3236;CLN;;You're My Best Friend;0;"QUEEN; FREDDIE MERCURY";;3;;;;;;N;S;;02:46;00:08;MR;;;25;23;84;1975;STRA 70;2;stra V;;L:\AudioToscana\stra V\Queen - You're My Best Friend.wav;;;1
9706;3193;CLN;;Bicycle Race;0;"QUEEN; FREDDIE MERCURY";;3;;;;;;N;S;;02:56;00:01;FR;;;25;22;35;1978;STRA 70;2;stra V;;L:\AudioToscana\stra V\Queen - Bicycle Race.wav;;;1
9707;3217;CLN;;Princes Of The Universe;0;"QUEEN; FREDDIE MERCURY";;3;;;;;;N;S;;03:27;00:00;FR;;;24;21;125;1986;STRA 80;3;stra V;;L:\AudioToscana\stra V\Queen - Princes Of The Universe - Queen.wav;;;1
9708;3218;CLN;;Save Me;0;"QUEEN; FREDDIE MERCURY";;3;;;;;;N;S;;03:34;00:00;SS;;;24;22;62;1980;STRA 80;3;stra V;;L:\AudioToscana\stra V\Queen - Save Me.wav;;;1
9714;3224;CLN;;The Miracle;0;"QUEEN; FREDDIE MERCURY";;3;;;;;;N;S;;04:41;00:06;SS;;;27;25;28;1980;STRA 80;3;stra V;;L:\AudioToscana\stra V\Queen - The Miracle - Queen.wav;;;1
9720;6434;CLN;;It's The End Of The World As We Know It;0;REM;;2;;;;;;N;S;;03:08;00:01;FR;;;96;89;32;1987;STRA 80;3;stra V;;L:\AudioToscana\stra V\REM - It's the End of the World As We K.wav;;;1
9721;6223;CLN;;Keep On Loving You;0;REO SPEEDWAGON;N;3;;;;;;N;S;;03:15;00:12;SS;1;;146;30;18;1980;STRA 80;3;stra V;;L:\AudioToscana\stra V\Reo Speedwagon - Keep On Loving You.wav;;;1
9725;3281;CLN;;Young Turks;0;ROD STEWART;;2;;;;;;N;S;;04:16;00:18;FR;;;97;90;35;1981;STRA 80;3;stra V;;L:\AudioToscana\stra V\Rod Stewart - Young Turks - Rod Stewart.wav;;;1
9727;8438;CLN;;Start Me Up;0;ROLLING STONES;;3;;;;;;N;S;;03:18;00:16;FR;;;97;89;36;2012;STRA 80;3;stra V;;L:\AudioToscana\stra V\Rolling Stones - Start Me Up.wav;;;1
9732;1767;CLN;;Voices;0;RUSS BALLARD;;2;;;;;;N;S;;03:57;00:48;SR;;;116;107;24;1984;STRA 80;3;stra V;;L:\AudioToscana\stra V\Russ Ballard - Voices - Russ Ballard.wav;;;1
9733;3310;CLN;;Black Magic Woman;0;SANTANA;;3;;;;;;N;S;;04:00;01:26;MR;;;92;84;35;1970;STRA 70;2;stra V;;L:\AudioToscana\stra V\Santana - Black Magic Woman-Gypsy Queen.wav;;;1
9734;2532;CLN;;Still Loving You;0;SCORPIONS;N;3;;;;;;NO;S;;05:41;00:22;SR;1;;218;4;3;1984;STRA 80;3;stra V;;L:\AudioToscana\stra V\Scorpions - Still Loving You.wav;;;1
9739;11091;CLN;;We Built This City;0;STARSHIP;;2;;;;;;N;S;;03:53;00:01;MR;;;99;91;33;1985;STRA 80;3;stra V;;L:\AudioToscana\stra V\Starship - We Built This City.wav;;;1
9740;5200;CLN;;Sarah;0;STARSHIP;;3;;;;;;NO;S;;03:59;00:19;SR;;;91;83;36;2006;STRA 80;3;stra V;;L:\AudioToscana\stra V\Starship - Sara.wav;;;1
9742;4621;CLN;;Stuck In The Middle With You;0;STEALERS WHEEL;;3;;;;;;N;S;;03:11;00:15;FR;;;106;97;27;1972;STRA 70;2;stra V;;L:\AudioToscana\stra V\Stealers Wheel - Stuck in the Middle With Youl.wav;;;1
9743;8624;CLN;;Do It Again;0;STEELY DAN;;3;;;;;;N;S;;04:54;01:05;MR;;;103;95;26;1972;STRA 70;2;stra V;;L:\AudioToscana\stra V\Steely Dan - Do It Again.wav;;;1
9744;5016;CLN;;Abracadabra;0;STEVE MILLER BAND;N;3;;;;;;N;S;;02:35;00:16;FR;;;102;30;28;1973;STRA 80;3;stra V;;L:\AudioToscana\stra V\Steve Miller Band - Abracadabra.wav;;;1
9746;8440;CLN;;While You See A Chance;0;STEVE WINWOOD;;2;;;;;;N;S;;03:44;00:58;MR;;;102;94;32;1980;STRA 80;3;stra V;;L:\AudioToscana\stra V\Steve Winwood - While You See a Chance.wav;;;1
9748;5486;CLN;;I Wish;0;STEVIE WONDER;;3;;;;;;N;S;;03:56;00:18;MR;;;79;72;39;1976;STRA 70;2;stra V;;L:\AudioToscana\stra V\Stevie Wonder - I Wish.wav;;;1
9750;3418;CLN;;If You Love Somebody Set Them Free;0;STING;;2;;;;;;N;S;;03:38;00:15;MR;;;82;73;31;2006;STRA 80;3;stra V;;L:\AudioToscana\stra V\Sting - If You Love Somebody Set Them Free - Sting.wav;;;1
9751;3427;CLN;;We'll Be Together;0;STING;;2;;;;;;N;S;;03:23;00:30;FR;;;79;72;36;1987;STRA 80;3;stra V;;L:\AudioToscana\stra V\Sting - We'll Be Together - Sting.wav;;;1
9752;4982;CLN;;It's Raining Again;0;SUPERTRAMP;;2;;;;;;N;S;;02:55;00:15;FS;;;95;87;33;1982;STRA 80;3;stra V;;L:\AudioToscana\stra V\Supertramp - It's Raining Again.wav;;;1
9753;4994;CLN;;Lord Is It Mine;0;SUPERTRAMP;;3;;;;;;NO;S;;03:54;00:26;SS;;;91;83;34;1978;STRA 70;2;stra V;;L:\AudioToscana\stra V\Supertramp - Lord Is It Mine (Remastered).wav;;;1
9757;5007;CLN;;Take The Long Way Home;0;SUPERTRAMP;;3;;;;;;N;S;;03:57;01:04;SS;;;88;81;45;1979;STRA 70;2;stra V;;L:\AudioToscana\stra V\SUPERTRAMP - Take the Long Way Home.wav;;;1
9759;5126;CLN;;Stumblin' In;0;SUZI QUATRO;;3;;;;;;N;S;;03:48;00:00;FR;;;103;94;29;2006;STRA 70;2;stra V;;L:\AudioToscana\stra V\Suzi Quatro - Stumblin' In.wav;;;1
9762;3544;CLN;;Wild Wild Life;0;TALKING HEADS;;3;;;;;;N;S;;03:37;00:15;FR;;;106;97;29;1986;STRA 80;3;stra V;;L:\AudioToscana\stra V\Talking Heads - Wild Wild Life.wav;;;1
9763;5430;CLN;;Good Tradition;0;TANITA TIKARAM;;2;;;;;;N;S;;02:46;00:14;FR;;;113;105;31;1988;STRA 80;3;stra V;;L:\AudioToscana\stra V\Tanita Tikaram - Good Tradition.wav;;;1
9764;4930;CLN;;Twist In My Sobriety;0;TANITA TIKARAM;N;2;;;;;;N;S;;04:42;00:17;SS;2;;129;28;19;1988;STRA 80;3;stra V;;L:\AudioToscana\stra V\Tanita Tikaram - Twist In My Sobriety.mp3;;;1
9766;6362;CLN;;Woman In Chains;0;TEARS FOR FEARS;N;2;;;;;;NO;S;;03:59;01:00;SR;2;;106;27;21;1989;STRA 80;3;stra V;;L:\AudioToscana\stra V\Tears For Fears - Woman in chains.wav;;;1
9769;3551;CLN;;Mad World;0;TEARS FOR FEARS;;2;;;;;;N;S;;03:13;00:09;MR;;;89;81;39;1983;STRA 80;3;stra V;;L:\AudioToscana\stra V\Tears For Fears - Mad World - Tears For Fears.wav;;;1
9770;3548;CLN;;Change;0;TEARS FOR FEARS;;2;;;;;;N;S;;03:40;00:24;MR;;;92;85;31;1983;STRA 80;3;stra V;;L:\AudioToscana\stra V\Tears For Fears - Change - Tears For Fears.wav;;;1
9773;5066;CLN;;Don't Answer Me;0;THE ALAN PARSONS PROJECT;N;3;;;;;;N;S;;03:50;00:17;MR;2;;113;26;20;1984;STRA 80;3;stra V;;L:\AudioToscana\stra V\Alan Parsons Project - Don't Answer Me.wav;;;1
9774;8474;CLN;;You Don't Believe;0;THE ALAN PARSONS PROJECT;;3;;;;;;N;S;;03:44;00:16;MR;;;91;83;36;1977;STRA 80;3;stra V;;L:\AudioToscana\stra V\Alan Parsons Project - You Don't Believe.wav;;;1
9777;5577;CLN;;Shake A Tail Feather;0;THE BLUES BROTHERS;;2;;;;;;N;S;;02:37;00:08;SR;;;102;94;30;2006;STRA 80;3;stra V;;L:\AudioToscana\stra V\The Blues Brothers - Shake A Tail Feather.wav;;;1
9778;5576;CLN;;Gimme Some Lovin;0;THE BLUES BROTHERS;;2;;;;;;N;S;;02:54;00:23;FR;;;97;85;37;1980;STRA 80;3;stra V;;L:\AudioToscana\stra V\The Blues Brothers - Gimme Some Lovin.wav;;;1
9780;5580;CLN;;Sweet Home Chicago;0;THE BLUES BROTHERS;;2;;;;;;N;S;;03:02;00:07;FR;;;99;91;27;2006;STRA 80;3;stra V;;L:\AudioToscana\stra V\The Blues Brothers - Sweet Home Chicago.wav;;;1
9782;2600;CLN;;Heartbeat City;0;THE CARS;;3;;;;;;N;S;;03:41;00:35;FR;;;99;91;35;1984;STRA 80;3;stra V;;L:\AudioToscana\stra V\The Cars - Heartbeat City.wav;;;1
9784;1831;CLN;;Brick House;0;"COMMODORES; LIONEL RICHIE";;2;;;;;;N;S;;03:01;00:00;MR;;;85;78;34;1977;STRA 70;2;stra V;;L:\AudioToscana\stra V\The Commodores - Brick house.wav;;;1
9785;6638;CLN;;Lullaby;0;THE CURE;;R3;;;;;;N;S;;04:06;01:02;SR;2;;93;44;28;1989;STRA 80;3;2008;;L:\AudioToscana\stra V\The Cure - Lullaby.wav;;;1
9786;4381;CLN;;Close To Me;0;THE CURE;;3;;;;;;N;S;;03:33;00:43;FR;3;;101;44;26;1985;STRA 80;3;stra V;;L:\AudioToscana\stra V\The Cure - Close to Me.wav;;;1
9787;1360;CLN;;Long Train Running;0;THE DOOBIE BROTHERS;;3;;;;;;N;S;;03:15;00:17;MR;;;93;85;36;1973;STRA 70;2;stra V;;L:\AudioToscana\stra V\The Dobbie Brothers - Long Train Running.wav;;;1
9788;8462;CLN;;Listen To The Music;0;THE DOOBIE BROTHERS;;3;;;;;;N;S;;02:57;00:18;MR;;;105;97;26;1972;STRA 70;2;stra V;;L:\AudioToscana\stra V\The Doobie Brothers - Listen to the Music.wav;;;1
9789;5114;CLN;;Roadhouse Blues;0;THE DOORS;;3;;;;;;N;S;;03:58;00:24;MR;;;106;97;26;1985;STRA 70;2;stra V;;L:\AudioToscana\stra V\The Doors - Roadhouse Blues.wav;;;1
9791;2807;CLN;;I Can't Tell You Why;1;THE EAGLES;B;3;;;;;;NO;S;;04:19;00:23;SR;1;;241;2;2;1979;STRA 70;2;stra V;;L:\AudioToscana\stra V\The Eagles - I Can't Tell You Why.wav;;;1
9792;2812;CLN;;Take It Easy;0;THE EAGLES;;3;;;;;;N;S;;03:27;00:17;MR;;;92;84;34;2006;STRA 70;2;stra V;;L:\AudioToscana\stra V\The Eagles - Take It Easy.wav;;;1
9794;2810;CLN;;One Of These Nights;0;THE EAGLES;;3;;;;;;N;S;;03:54;00:35;FR;;;88;80;36;2006;STRA 70;2;stra V;;L:\AudioToscana\stra V\The Eagles - One Of These Nights.wav;;;1
9795;4999;CLN;;Happy Hour;0;THE HOUSEMARTINS;;2;;;;;;N;S;;02:16;00:10;FR;3;;96;89;27;1986;STRA 80;3;stra V;;L:\AudioToscana\stra V\The Housemartins - Happy Hour.wav;;;1
9800;3443;CLN;;Don't Stand So Close To Me;0;"THE POLICE; STING";;2;;;;;;N;S;;03:06;00:36;SR;;;80;72;31;1980;STRA 80;3;stra V;;L:\AudioToscana\stra V\The Police - Don't Stand so Close to Me - The Police.wav;;;1
9802;3445;CLN;;King Of Pain;0;"THE POLICE; STING";;2;;;;;;N;S;;03:50;00:16;SS;;;79;71;34;1983;STRA 80;3;stra V;;L:\AudioToscana\stra V\The Police - King Of Pain - The Police.wav;;;1
9804;3451;CLN;;Wrapped Around Your Finger;0;"THE POLICE; STING";;2;;;;;;N;S;;04:05;00:31;SR;;;79;72;34;1983;STRA 80;3;stra V;;L:\AudioToscana\stra V\The Police - Wrapped Around Your Finger - The Police.wav;;;1
9806;3448;CLN;;Roxanne;0;"THE POLICE; STING";;3;;;;;;N;S;;02:57;00:18;SR;;;79;72;37;1978;STRA 70;2;stra V;;L:\AudioToscana\stra V\The Police - Roxanne - The Police.wav;;;1
9808;4014;CLN;;Brass In My Pocket;0;THE PRETENDERS;;3;;;;;;N;S;;02:55;00:04;MR;;;92;84;41;1980;STRA 80;3;stra V;;L:\AudioToscana\stra V\The Pretenders - Brass In My Pocket - The Pretenders.wav;;;1
9809;5971;CLN;;Heaven;0;THE PSYCHEDELIC FURS;N;2;;;;;;N;S;;03:01;00:14;FR;3;;107;26;32;1984;STRA 80;3;stra V;;L:\AudioToscana\stra V\The Psychedelic Furs - Heaven.wav;;;1
9810;1846;CLN;;Sugar Baby Love;0;THE RUBETTES;;1;;;;;;N;S;;03:18;00:14;FR;3;;109;35;20;1988;STRA 70;2;stra V;;L:\AudioToscana\stra V\The Rubettes - Sugar baby love.wav;;;1
9816;3562;CLN;;Let's Stay Together;0;TINA TURNER;N;2;;;;;;N;S;;03:26;00:06;SR;3;;110;24;33;1984;STRA 80;3;stra V;;L:\AudioToscana\stra V\Tina Turner - Let's Stay Together - TINA TURNER-YANNI.wav;;;1
9819;3464;CLN;;I Won't Back Down;0;TOM PETTY & THE HEARTBREAKERS;;3;;;;;;N;S;;02:51;00:08;FR;;;98;90;35;1989;STRA 80;3;stra V;;L:\AudioToscana\stra V\Tom Petty & The Heartbreakers - I Won't Back Down.wav;;;1
9823;3578;CLN;;Georgy Porgy;0;TOTO;N;3;;;;;;NO;S;;04:06;00:10;SR;2;;131;25;31;1978;STRA 80;3;stra V;;L:\AudioToscana\stra V\Toto - Georgy Porgy - Toto.wav;;;1
9824;3576;CLN;;99;0;TOTO;N;3;;;;;;NO;S;;03:27;00:20;SS;2;;122;24;29;1978;STRA 80;3;stra V;;L:\AudioToscana\stra V\Toto - 99 - Toto.wav;;;1
9826;3582;CLN;;Pamela;0;TOTO;;3;;;;;;N;S;;04:09;00:30;SR;;;81;74;41;1988;STRA 80;3;stra V;;L:\AudioToscana\stra V\Toto - Pamela - Toto.wav;;;1
9827;6395;CLN;;Talkin' Bout A Revolution;0;TRACY CHAPMAN;;3;;;;;;N;S;;02:31;00:09;SR;;;94;86;31;1988;STRA 80;3;stra V;;L:\AudioToscana\stra V\Tracy Chapman - Talkin' Bout A Revolution.wav;;;1
9829;5597;CLN;;Fast Car;0;TRACY CHAPMAN;N;3;;;;;;N;S;;04:51;00:21;SS;1;;165;27;29;1988;STRA 80;3;stra V;;L:\AudioToscana\stra V\Tracy Chapman - Fast Car.wav;;;1
9830;3350;CLN;;Handle With Care;0;TRAVELING WILBURYS;;2;;;;;;N;S;;03:03;00:09;FR;;;97;88;28;1988;STRA 80;3;stra V;;L:\AudioToscana\stra V\Traveling Wilburys - Handle With Care.wav;;;1
9832;3606;CLN;;Sweetest Thing;0;U2;;3;;;;;;N;S;;02:57;00:20;SR;2;;91;61;30;1987;STRA 80;3;stra V;;L:\AudioToscana\stra V\U2 - Sweetest Thing.wav;;;1
9834;3597;CLN;;New Year's Day;0;U2;;3;;;;;;N;S;;04:03;00:37;FR;;;82;76;39;1983;STRA 80;3;stra V;;L:\AudioToscana\stra V\U2 - New Year's Day.wav;;;1
9835;3587;CLN;;Angel Of Harlem;0;U2;;3;;;;;;N;S;;03:10;00:19;FR;;;82;75;35;1988;STRA 80;3;stra V;;L:\AudioToscana\stra V\U2 - Angel Of Harlem.wav;;;1
9840;1868;CLN;;Dancing With Tears In My Eyes;0;"ULTRAVOX; MIDGE URE";N;3;;;;;;N;S;;03:22;00:13;FR;2;;104;25;23;1984;STRA 80;3;stra V;;L:\AudioToscana\stra V\Ultravox - Dancing with tears in my eyes.wav;;;1
9842;2607;CLN;;Werewolves Of London;0;WARREN ZEVON;;2;;;;;;N;S;;03:06;00:20;MR;;;107;98;20;1978;STRA 70;2;stra V;;L:\AudioToscana\stra V\Warren Zevon - Werewolves Of London.wav;;;1
9843;5065;CLN;;Here I Go Again;0;WHITESNAKE;;3;;;;;;N;S;;04:04;00:12;SR;;;93;73;32;1982;STRA 80;3;stra V;;L:\AudioToscana\stra V\Whitesnake - Here I Go Again.wav;;;1
9939;933;CLN;;Stella;0;ANTONELLO VENDITTI;N;;;;;;;O;I;;03:07;00:29;SS;1;;154;;;1984;ITA 80;3;ita V;;L:\AudioToscana\ita V\Antonello Venditti - Stella.wav;;;1
10839;1173;CLN;;Anima Fragile;0;VASCO ROSSI;B;;;;;;;O;I;;03:35;00:32;SS;1;;110;;;1980;ITA 70;2;ita V;;L:\AudioToscana\ita V\Vasco Rossi - Anima Fragile.wav;;;1
10889;5522;CLN;;Stay On These Roads;0;A HA;N;2;;;;;;NO;S;;04:05;00:32;SM;1;;121;28;21;1988;STRA 80;3;stra V;;L:\AudioToscana\stra V\A ha - Stay On These Roads.wav;;;1
10933;4144;CLN;;The Devil Is Loose;0;ASHA PUTHLI;N;1;;;;;;NO;S;;03:11;00:15;JM;2;;140;30;20;1976;STRA 70;2;stra V;;L:\AudioToscana\stra V\Asha Puthli - The Devil Is Loose.wav;;;1
10947;6789;CLN;;Emotions;0;"SAMANTHA SANG & BEE GEES; BEE GEES";N;2;;;;;;NO;S;;03:34;00:11;SM;1;;80;23;27;2008;STRA 70;2;stra V;;L:\AudioToscana\stra V\Bee Gees - Emotions.mp3;;;1
10967;6531;CLN;;She's Always A Woman;0;BILLY JOEL;;L3;;;;;;NO;S;;03:12;00:08;SS;1;;78;58;26;1977;STRA 70;;stra V;;L:\AudioToscana\stra V\Billy Joel - She's Always A Woman.wav;;;1
11025;5229;CLN;;Some People;0;CLIFF RICHARD;N;;;;;;;O;S;;03:40;00:05;SS;2;;82;5;;1987;STRA 80;3;stra V;;L:\AudioToscana\stra V\Cliff Richard - Some people.wav;;;1
11114;2689;CLN;;Orinoco Flow;0;ENYA;N;2;;;;;;NO;S;;04:09;00:16;SS;1;;111;27;21;1988;STRA 80;3;stra V;;L:\AudioToscana\stra V\Enya - Orinoco Flow - Enya.wav;;;1
11220;2478;CLN;;"We've Got Tonight; Grazie Perchè";0;"KENNY ROGERS & SHEENA EASTON; KENNY ROGERS; GIANNI MORANDI - AMII STEWART";B;2;;;;;;NO;S;;03:40;00:15;SS;1;;161;15;16;1983;STRA 80;3;stra V;;L:\AudioToscana\stra V\Kenny Rogers & Sheena Easton - We've got tonight.wav;;;1
11281;1672;CLN;;Toy Soldiers;0;MARTIKA;;1;;;;;;NO;S;;03:47;00:00;SS;1;;111;87;20;1988;STRA 80;3;stra V;;L:\AudioToscana\stra V\Martika - Toy Soldiers.wav;;;1
11287;1674;CLN;;Guardian Angel;0;MASQUERADE;N;1;;;;;;NO;S;;04:21;00:44;MM;2;;139;31;19;1983;STRA 80;3;stra V;;L:\AudioToscana\stra V\Masquerade - Guardian angel.wav;;;1
11303;6934;CLN;;Will You Be There;0;MICHAEL JACKSON;N;2;;;;;;NO;S;;03:19;00:26;SM;2;;179;8;13;1991;STRA 90;3;stra V;;L:\AudioToscana\stra V\Michael Jackson - Will You Be There.wav;;;1
11327;1703;CLN;;On My Own;0;NIKKA COSTA;N;1;;;;;;NO;S;;03:27;00:07;SS;1;;148;30;29;0;STRA 80;3;stra V;;L:\AudioToscana\stra V\Nikka Costa - On My Own - Nikka Costa.wav;;;1
11341;5148;CLN;;On My Own;0;"PATTI LABELLE - MICHAEL MCDONALD; PATTI LABELLE";;2;;;;;;NO;S;;03:53;00:21;SM;;;82;54;19;1986;STRA 80;;stra V;;L:\AudioToscana\stra V\Patti LaBelle & Michael McDonald - On My Own.wav;;;1
11353;6389;CLN;;Don't Give Up;0;"PETER GABRIEL & KATE BUSH; PETER GABRIEL; KATE BUSH";;3;;;;;;O;S;;04:41;00:18;SS;;;26;12;;1986;STRA 80;;stra V;;L:\AudioToscana\stra V\Peter Gabriel - Don't Give Up.wav;;;1
11376;3183;CLN;;Gold;0;PRINCE;;3;;;;;;N;S;;04:59;00:25;JR;2;;83;60;32;1995;STRA 90;4;stra V;;L:\AudioToscana\stra V\Prince - Gold.wav;;;1
11436;3299;CLN;;Hang On To Your Love;0;SADE;N;2;;;;;;NO;S;;03:33;00:36;MM;2;;102;29;27;1984;STRA 80;3;stra V;;L:\AudioToscana\stra V\Sade - Hang On To Your Love - Sade.wav;;;1
11450;6364;CLN;;Oh Patti;0;SCRITTI POLITTI;N;1;;;;;;NO;S;;04:18;00:22;SS;1;;147;29;20;1988;STRA 80;3;stra V;;L:\AudioToscana\stra V\Scritti Politti - Oh patti.wav;;;1
11512;5596;CLN;;Old And Wise;0;THE ALAN PARSONS PROJECT;N;;;;;;;O;S;;03:15;00:26;SS;1;;51;3;;1977;STRA 80;3;stra V;;L:\AudioToscana\stra V\The Alan Parson Project - Old and Wise.wav;;;1
11593;1885;CLN;;City Lights;0;WILLIAM PITT;N;1;;;;;;NO;S;;03:16;00:20;MM;2;;158;29;19;1986;STRA 80;3;stra V;;L:\AudioToscana\stra V\William Pitt - City Lights.wav;;;1
12979;5756;CLN;;You Shook Me All Night Long;0;ACDC;;R3;;;;;;N;S;;03:29;00:31;SF;3;;95;88;33;1980;STRA 80;3;stra V;;L:\AudioToscana\stra V\ACDC - You Shook Me All Night Long.wav;;;1
12984;2303;CLN;;Rag Doll;0;AEROSMITH;;R3;;;;;;N;S;;04:01;00:23;MF;3;;120;33;14;1987;STRA 80;3;stra V;;L:\AudioToscana\stra V\Aerosmith - Rag Doll - Aerosmith.wav;;;1
12986;3476;CLN;;Reckless;0;"AFRIKA BAMBAATAA FEATURING UB40; UB40";;1;;;;;;N;S;;03:39;00:21;FF;;;89;89;28;1988;STRA 80;3;stra V;;L:\AudioToscana\stra V\Afrika Bambaataa Featuring UB40 - Reckless.wav;;;1
12992;1911;CLN;;Big In Japan;0;ALPHAVILLE;N;1;;;;;;N;S;;03:47;00:46;FF;2;;97;29;26;1984;STRA 80;3;stra V;;L:\AudioToscana\stra V\Alphaville - Big in Japan.wav;;;1
13002;1414;CLN;;Ring My Bell;0;ANITA WARD;;1;;;;;;N;S;;02:40;00:15;FF;2;;106;105;28;1979;STRA 70;2;stra V;;L:\AudioToscana\stra V\Anita Ward - Ring My Bell.wav;;;1
13015;4005;CLN;;Venus;0;BANANARAMA;;1;;;;;;N;S;;03:00;00:20;FF;3;;92;27;25;1986;STRA 80;3;stra V;;L:\AudioToscana\stra V\Bananarama - Venus.wav;;;1
13029;1426;CLN;;Imagination;0;BELOUIS SOME;;1;;;;;;N;S;;02:57;00:27;FF;2;;106;97;25;1988;STRA 80;3;stra V;;L:\AudioToscana\stra V\Belouis Some - Imagination.wav;;;1
13037;2986;CLN;;Caribbean Queen;0;BILLY OCEAN;;2;;;;;;N;S;;03:45;00:19;FF;2;;100;99;32;1984;STRA 80;3;stra V;;L:\AudioToscana\stra V\Billy Ocean - Caribbean Queen.wav;;;1
13044;2988;CLN;;The Tide Is High;0;BLONDIE;N;2;;;;;;N;S;;03:30;00:30;FF;2;;176;28;20;1980;STRA 80;3;stra V;;L:\AudioToscana\stra V\Blondie - The Tide Is High.wav;;;1
13066;5379;CLN;;Run To You;0;BRYAN ADAMS;;3;;;;;;N;S;;03:26;00:16;MR;2;;84;75;40;1984;STRA 90;4;stra V;;L:\AudioToscana\stra V\Bryan Adams - Run to You.wav;;;1
13070;4972;CLN;;Why;0;CARLY SIMON;N;2;;;;;;N;S;;03:21;00:21;MF;2;;143;26;18;1982;STRA 80;3;stra V;;L:\AudioToscana\stra V\Carly simon - why.wav;;;1
13074;1454;CLN;;I'm Every Woman;0;CHAKA KHAN;N;2;;;;;;N;S;;03:54;00:17;MF;3;;171;31;24;1978;STRA 80;3;stra V;;L:\AudioToscana\stra V\Chaka Khan - I'm Every Woman - Chaka Khan.wav;;;1
13077;4035;CLN;;Good Times;0;CHIC;;1;;;;;;N;S;;03:10;00:20;MF;2;;121;31;18;1979;STRA 70;2;stra V;;L:\AudioToscana\stra V\Chic - Good Times - Chic.wav;;;1
13078;1458;CLN;;Everybody Dance;0;CHIC;;1;;;;;;N;S;;03:14;00:31;FF;2;;96;95;27;1977;STRA 70;2;stra V;;L:\AudioToscana\stra V\Chic - Everybody dance.wav;;;1
13079;1459;CLN;;Le Freak;0;CHIC;;1;;;;;;N;S;;03:13;00:19;FF;2;;133;27;23;1978;STRA 70;2;stra V;;L:\AudioToscana\stra V\Chic - Le Freak - Chic.wav;;;1
13081;3054;CLN;;On The Beach;0;CHRIS REA;N;2;;;;;;N;S;;03:45;00:46;FM;2;;94;27;20;1986;STRA 80;3;stra V;;L:\AudioToscana\stra V\Chris Rea - On The Beach - Chris Rea.wav;;;1
13086;4173;CLN;;Ride Like The Wind;0;CHRISTOPHER CROSS;N;2;;;;;;N;S;;03:21;00:36;MF;2;;166;27;29;1979;STRA 80;3;stra V;;L:\AudioToscana\stra V\Christopher Cross - Ride Like The Wind.wav;;;1
13088;5055;CLN;;Rock The Casbah;0;CLASH;;R3;;;;;;N;S;;03:22;00:15;MF;3;;100;93;33;2006;STRA 80;3;stra V;;L:\AudioToscana\stra V\Clash - Rock the Casbah.wav;;;1
13089;5134;CLN;;Should I Stay Or Should I Go;0;CLASH;;R3;;;;;;N;S;;03:06;00:15;MF;3;;101;86;39;2006;STRA 80;3;stra V;;L:\AudioToscana\stra V\Clash - Should I Stay or Should I Go.wav;;;1
13091;1461;CLN;;Love Changes (everything);0;CLIME FISHER;N;1;;;;;;NO;S;;03:33;00:29;MF;2;;146;32;16;1987;STRA 80;3;stra V;;L:\AudioToscana\stra V\Clime Fisher - Love Changes (Everything).wav;;;1
13103;8360;CLN;;Miss Me Blind;0;"CULTURE CLUB; BOY GEORGE";N;1;;;;;;N;S;;03:17;00:00;MF;3;;97;24;36;1983;STRA 80;3;stra V;;L:\AudioToscana\stra V\Culture Club - Miss Me Blind.wav;;;1
13110;6222;CLN;;Absolute Beginners;0;DAVID BOWIE;B;R3;;;;;;N;S;;04:52;00:37;MF;2;;169;28;25;1986;STRA 80;3;stra V;;L:\AudioToscana\stra V\David Bowie - Absolute Beginners.wav;;;1
13111;1481;CLN;;Rhythm Of The Night;0;DE BARGE;;1;;;;;;N;S;;03:40;00:18;FF;2;;96;74;23;2006;STRA 80;3;stra V;;L:\AudioToscana\stra V\De Barge - Rithm of the night.wav;;;1
13112;1483;CLN;;You Spin Me Round;0;DEAD OR ALIVE;;1;;;;;;N;S;;02:52;00:18;FF;3;;90;56;17;1983;STRA 80;3;stra V;;L:\AudioToscana\stra V\Dead or alive - You Spin Me Round.wav;;;1
13117;1502;CLN;;I'm Coming Out;0;DIANA ROSS;;1;;;;;;N;S;;03:06;00:00;MF;3;;94;62;40;1980;STRA 80;3;stra V;;L:\AudioToscana\stra V\Diana Ross - I'm coming out CUT.wav;;;1
13122;1506;CLN;;Money For Nothing;0;DIRE STRAITS;;R3;;;;;;N;S;;03:23;01:04;FF;2;;118;30;30;1985;STRA 80;3;stra V;;L:\AudioToscana\stra V\Dire Straits - Money For Nothing - Dire Straits.wav;;;1
13127;4927;CLN;;Spirit In The Sky;0;DOCTOR AND THE MEDICS;;R2;;;;;;N;S;;03:14;00:16;FF;3;;121;81;22;1986;STRA 80;3;stra V;;L:\AudioToscana\stra V\Doctor And The Medics - Spirit in the Sky.wav;;;1
13128;858;CLN;;Hot Stuff;0;DONNA SUMMER;;1;;;;;;N;S;;03:10;00:32;FF;2;;113;30;19;1976;STRA 70;2;stra V;;L:\AudioToscana\stra V\Donna Summer - Hot Stuff.wav;;;1
13130;6286;CLN;;This Time I Know It's For Real;0;DONNA SUMMER;;1;;;;;;N;S;;03:07;00:28;FF;3;;88;31;24;1980;STRA 80;3;stra V;;L:\AudioToscana\stra V\Donna Summer - This Time I Know It's For Real.wav;;;1
13131;1512;CLN;;I Feel Love;0;DONNA SUMMER;;1;;;;;;N;S;;03:03;00:40;FF;2;;90;64;29;1982;STRA 70;2;stra V;;L:\AudioToscana\stra V\Donna Summer - I feel love.wav;;;1
13133;1519;CLN;;Hungry Like The Wolf;0;DURAN DURAN;N;2;;;;;;N;S;;03:13;00:09;FF;3;;100;25;36;1982;STRA 80;3;stra V;;L:\AudioToscana\stra V\Duran Duran - Hungry like the wolf.wav;;;1
13134;1525;CLN;;The Reflex;0;DURAN DURAN;;2;;;;;;N;S;;03:58;00:14;FF;2;;77;30;23;1998;STRA 80;3;stra V;;L:\AudioToscana\stra V\Duran Duran - The Reflex.wav;;;1
13135;1526;CLN;;Wild Boys;0;DURAN DURAN;;2;;;;;;N;S;;02:42;00:26;FF;3;;118;34;26;1984;STRA 80;3;stra V;;L:\AudioToscana\stra V\Duran Duran - Wild boys.wav;;;1
13140;1518;CLN;;A View To A Kill;0;DURAN DURAN;N;2;;;;;;N;S;;03:32;00:20;FF;3;;84;26;12;1989;STRA 80;3;stra V;;L:\AudioToscana\stra V\Duran Duran - A Wiev to a kill.wav;;;1
13146;1531;CLN;;Let's Groove;0;EARTH WIND & FIRE;;1;;;;;;N;S;;03:59;00:00;MF;2;;78;32;14;1981;STRA 80;3;stra V;;L:\AudioToscana\stra V\Earth Wind & Fire - Let's Groove .wav;;;1
13148;3072;CLN;;Gimme Hope Jo'anna;0;EDDY GRANT;;0;;;;;;N;S;;03:43;00:15;FF;3;;81;48;25;1988;STRA 80;3;stra V;;L:\AudioToscana\stra V\Eddy Grant - Gimme Hope Jo'anna.wav;;;1
13149;2017;CLN;;What I Am;0;EDIE BRICKELL;;2;;;;;;N;S;;03:56;00:11;MM;3;;134;71;33;1988;STRA 90;3;stra V;;L:\AudioToscana\stra V\Edie Brickell - What i am.wav;;;1
13150;1537;CLN;;Stay With Me;0;EIGHT WONDER;;1;;;;;;N;S;;03:15;00:23;FF;3;;81;33;17;2006;STRA 80;3;stra V;;L:\AudioToscana\stra V\Eighth Wonder - Stay With Me.wav;;;1
13151;1536;CLN;;I'm Not Scared;0;EIGHT WONDER;N;1;;;;;;N;S;;03:54;00:23;SM;2;;116;27;24;1988;STRA 80;3;stra V;;L:\AudioToscana\stra V\Eighth Wonder - I'm Not Scared.wav;;;1
13152;2450;CLN;;Evil Woman;0;ELECTRIC LIGHT ORCHESTRA;N;3;;;;;;N;S;;03:49;00:01;FF;2;;150;25;23;1975;STRA 70;2;stra V;;L:\AudioToscana\stra V\Electric Light Orchestra - Evil Woman.wav;;;1
13157;2669;CLN;;Sad Songs (say So Much);0;ELTON JOHN;;2;;;;;;N;S;;03:50;00:19;FF;2;;53;36;39;1984;STRA 80;3;stra V;;L:\AudioToscana\stra V\Elton John - Sad Songs (Say So Much) - Elton John.wav;;;1
13159;2657;CLN;;I'm Still Standing;0;ELTON JOHN;;2;;;;;;N;S;;02:51;00:12;FF;3;;54;45;40;1983;STRA 80;3;stra V;;L:\AudioToscana\stra V\Elton John - I'm Still Standing - Elton John.wav;;;1
13160;2638;CLN;;Club At The End Of The Street;0;ELTON JOHN;;2;;;;;;N;S;;04:17;00:17;FF;3;;47;32;25;2006;STRA 80;3;stra V;;L:\AudioToscana\stra V\Elton John - Club At The End Of The Street.wav;;;1
13162;2654;CLN;;I Don't Wanna Go On With You Like That;0;ELTON JOHN;;2;;;;;;N;S;;03:17;00:15;FF;3;;52;37;34;1988;STRA 80;3;stra V;;L:\AudioToscana\stra V\Elton John - I Don't Wanna Go On With You Like That - Elton John.wav;;;1
13169;1543;CLN;;Sweet Dreams (are Made Of This);0;"EURYTHMICS; ANNIE LENNOX; DAVE STEWART";N;2;;;;;;N;S;;04:34;00:27;FF;2;;162;24;32;1983;STRA 80;3;stra V;;L:\AudioToscana\stra V\Eurythmics - Sweet Dreams (Are Made Of This).wav;;;1
13180;1554;CLN;;Relax;0;FRANKIE GOES TO HOLLYWOOD;;2;;;;;;N;S;;03:49;00:28;MF;2;;124;36;23;1984;STRA 80;3;stra V;;L:\AudioToscana\stra V\Frankie Goes to Hollywood - Relax.wav;;;1
13189;2463;CLN;;Give Me The Night;0;GEORGE BENSON;N;2;;;;;;N;S;;03:24;00:18;MF;2;;106;25;28;1980;STRA 80;3;stra V;;L:\AudioToscana\stra V\George Benson - Give Me The Night.wav;;;1
13197;5339;CLN;;Dr Beat;0;GLORIA ESTEFAN & MIAMI SOUND MACHINE;;1;;;;;;N;S;;03:37;00:28;MF;3;;82;52;19;2006;STRA 80;3;ita V;;L:\AudioToscana\stra V\Gloria Estefan & Miami Sound Machine - Dr. Beat.wav;;;1
13198;5356;CLN;;Conga;0;GLORIA ESTEFAN & MIAMI SOUND MACHINE;;1;;;;;;N;S;;03:23;00:00;FF;3;;83;46;21;1985;STRA 80;3;stra V;;L:\AudioToscana\stra V\Gloria Estefan & Miami Sound Machine - Conga (Single Version).wav;;;1
13199;1575;CLN;;Reach Out, I'll Be There;0;GLORIA GAYNOR;;1;;;;;;N;S;;03:29;00:19;FF;3;;121;43;31;0;STRA 70;2;stra V;;L:\AudioToscana\stra V\Gloria Gaynor - Reach Out, I'll Be There.wav;;;1
13213;5975;CLN;;What Is Love;0;HOWARD JONES;N;1;;;;;;N;S;;03:27;00:19;SM;2;;99;28;22;1983;STRA 80;3;stra V;;L:\AudioToscana\stra V\Howard Jones - What is love.wav;;;1
13214;1590;CLN;;Rock The Boat;0;HUES CORPORATION;N;1;;;;;;N;S;;02:53;00:09;FF;2;;133;32;16;1973;STRA 70;2;stra V;;L:\AudioToscana\stra V\Hues Corporation - Rock the boat.wav;;;1
13215;1592;CLN;;The Power Of Love;0;HUEY LEWIS & THE NEWS;N;3;;;;;;N;S;;03:42;00:21;FF;3;;169;26;24;1984;STRA 80;3;stra V;;L:\AudioToscana\stra V\Huey Lewis & The News - The power of love.wav;;;1
13216;3105;CLN;;Human;0;HUMAN LEAGUE;N;2;;;;;;N;S;;03:36;00:38;MM;2;;157;27;21;0;STRA 80;3;stra V;;L:\AudioToscana\stra V\Human League - Human.wav;;;1
13221;1599;CLN;;Need You Tonight;0;INXS;N;2;;;;;;N;S;;02:49;00:20;FF;2;;164;34;19;1987;STRA 80;3;stra V;;L:\AudioToscana\stra V\INXS - Need You Tonight - INXS.wav;;;1
13222;8749;CLN;;Original Sin;0;INXS;;3;;;;;;N;S;;03:45;00:26;FF;3;;95;36;27;1983;STRA 80;3;stra V;;L:\AudioToscana\stra V\INXS - Original Sin.wav;;;1
13227;7868;CLN;;Living In America;0;JAMES BROWN;;1;;;;;;N;S;;04:02;00:35;MM;2;;93;51;20;1985;STRA 80;3;stra V;;L:\AudioToscana\stra V\James Brown - Living In America.wav;;;1
13228;4126;CLN;;I Got You (i Feel Good);0;JAMES BROWN;;2;;;;;;N;S;;02:42;00:00;FF;3;;116;39;17;1966;STRA 60;1;stra V;;L:\AudioToscana\stra V\James Brown - I Got You (I Feel Good).wav;;;1
13235;1611;CLN;;Gimme Some;0;JIMMY BO HORNE;;1;;;;;;N;S;;02:57;00:24;MF;2;;117;37;16;1978;STRA 70;2;stra V;;L:\AudioToscana\stra V\Jimmy Bo Horne - Gimme Some.wav;;;1
13236;4234;CLN;;Reggae Night;0;JIMMY CLIFF;;1;;;;;;N;S;;03:48;00:29;MF;3;;85;37;20;1983;STRA 80;3;stra V;;L:\AudioToscana\stra V\Jimmy Cliff - Reggae Night.wav;;;1
13237;1614;CLN;;I Love Rock'n Roll;0;JOAN JETT & THE BLACKHEARTS;;R2;;;;;;N;S;;02:53;00:16;MF;3;;128;56;14;1981;STRA 80;3;stra V;;L:\AudioToscana\stra V\Joan Jett & The Blackhearts - I love rock'n roll.wav;;;1
13238;3114;CLN;;One Of Us;0;JOAN OSBORNE;;R3;;;;;;N;S;;04:14;01:01;FF;2;;84;20;6;1995;STRA 90;4;stra V;;L:\AudioToscana\stra V\Joan Osborne - One Of Us.wav;;;1
13245;5027;CLN;;Turn Back The Clock;0;JOHNNY HATES JAZZ;N;2;;;;;;N;S;;03:30;00:19;MM;2;;173;5;8;1988;STRA 80;3;stra V;;L:\AudioToscana\stra V\Johny Hates Jazz - Turn Back The Clock.wav;;;1
13247;1632;CLN;;Walking On Sunshine;0;KATRINA & THE WAVES;;2;;;;;;N;S;;03:39;00:17;FF;3;;136;33;15;1985;STRA 80;3;stra V;;L:\AudioToscana\stra V\Katrina & The Waves - Walking on sunshine.wav;;;1
13248;7664;CLN;;Keep It Comin' Love;0;KC & THE SUNSHINE BAND;;1;;;;;;N;S;;03:28;00:17;MF;2;;92;91;27;1976;STRA 70;2;stra V;;L:\AudioToscana\stra V\Kc & The Sunshine Band - Keep It Comin' Love.wav;;;1
13249;8446;CLN;;Give It Up;0;KC & THE SUNSHINE BAND;;1;;;;;;N;S;;03:07;00:47;MF;3;;91;89;37;1982;STRA 80;3;stra V;;L:\AudioToscana\stra V\KC & THE SUNSHINE BAND - Give It Up.wav;;;1
13250;1627;CLN;;That's The Way (i Like It);0;KC & THE SUNSHINE BAND;;2;;;;;;N;S;;03:21;00:18;FF;3;;120;29;18;1975;STRA 70;2;stra V;;L:\AudioToscana\stra V\K.C.&The Sunshine Band - That's The Way (I Like It).wav;;;1
13254;1636;CLN;;Footloose;0;KENNY LOGGINS;;1;;;;;;N;S;;03:43;00:31;MF;2;;98;75;27;1971;STRA 80;3;stra V;;L:\AudioToscana\stra V\Kenny Loggins - Footloose.wav;;;1
13256;1641;CLN;;You Came;0;KIM WILDE;N;1;;;;;;N;S;;03:19;00:28;MF;3;;102;26;23;1988;STRA 80;3;stra V;;L:\AudioToscana\stra V\Kim Wilde - You Came - Kim Wilde.wav;;;1
13259;6432;CLN;;Get Down On It;0;KOOL & THE GANG;N;1;;;;;;N;S;;02:54;00:28;MF;2;;126;26;21;1981;STRA 80;3;stra V;;L:\AudioToscana\stra V\kool and the gang - get down on it.wav;;;1
13260;1647;CLN;;Fresh;0;KOOL & THE GANG;N;1;;;;;;N;S;;03:59;00:17;FF;2;;117;25;23;1984;STRA 80;3;stra V;;L:\AudioToscana\stra V\Kool & The gang - Fresh.wav;;;1
13264;6335;CLN;;The Loco-motion;0;KYLIE MINOGUE;;1;;;;;;N;S;;02:48;00:02;FF;3;;77;35;16;2007;STRA 80;3;stra V;;L:\AudioToscana\stra V\Kylie Minogue - The Loco-motion (7' Mix).wav;;;1
13274;1656;CLN;;Lessons In Love;0;LEVEL 42;N;2;;;;;;N;S;;03:43;00:22;MF;3;;166;28;20;1987;STRA 80;3;stra V;;L:\AudioToscana\stra V\Level 42 - Lessons in love.wav;;;1
13275;1657;CLN;;Running In The Family;0;LEVEL 42;N;1;;;;;;N;S;;03:37;00:16;FF;3;;166;29;17;1989;STRA 80;3;stra V;;L:\AudioToscana\stra V\Level 42 - Running in the family.wav;;;1
13276;2771;CLN;;Something About You;0;LEVEL 42;N;2;;;;;;N;S;;03:30;00:17;FF;3;;176;28;25;1985;STRA 80;3;stra V;;L:\AudioToscana\stra V\Level 42 - Something about you.wav;;;1
13281;1660;CLN;;Funkytown;0;LIPPS INC.;;1;;;;;;N;S;;03:50;00:39;FF;2;;111;37;20;1979;STRA 70;2;stra V;;L:\AudioToscana\stra V\Lipps Inc. - Funkytown.wav;;;1
13283;5187;CLN;;I've Been Thinkin' About You;0;LONDONBEAT;;2;;;;;;N;S;;03:34;00:17;FF;2;;96;76;25;1990;STRA 90;4;stra V;;L:\AudioToscana\stra V\Londonbeat - I've Been Thinking About You.wav;;;1
13289;4755;CLN;;Material Girl;0;MADONNA;N;1;;;;;;N;S;;03:49;00:29;MM;3;;120;15;17;1984;STRA 80;3;stra V;;L:\AudioToscana\stra V\Madonna - Material Girl - Madonna.wav;;;1
13290;5954;CLN;;True Blue;0;MADONNA;;1;;;;;;N;S;;03:57;00:18;FF;2;;95;49;43;1986;STRA 80;3;stra V;;L:\AudioToscana\stra V\Madonna - True Blue.wav;;;1
13291;2936;CLN;;Like A Virgin;0;MADONNA;N;1;;;;;;N;S;;03:03;00:07;MF;3;;133;15;25;1984;STRA 80;3;stra V;;L:\AudioToscana\stra V\Madonna - Like A Virgin - Madonna.wav;;;1
13294;2932;CLN;;Into The Groove;0;MADONNA;N;1;;;;;;N;S;;03:50;00:16;FF;3;;122;14;40;1990;STRA 80;3;stra V;;L:\AudioToscana\stra V\Madonna - Into The Groove - Madonna.wav;;;1
13295;2927;CLN;;Express Yourself;0;MADONNA;;2;;;;;;N;S;;03:21;00:20;FF;3;;63;34;27;1989;STRA 80;3;stra V;;L:\AudioToscana\stra V\Madonna - Express Yourself - Madonna.wav;;;1
13297;2929;CLN;;Holiday;0;MADONNA;N;1;;;;;;N;S;;03:49;00:33;FF;3;;128;18;22;1983;STRA 80;3;stra V;;L:\AudioToscana\stra V\Madonna - Holiday - Madonna.wav;;;1
13298;2943;CLN;;Open Your Heart;0;MADONNA;;1;;;;;;N;S;;03:33;00:19;FF;2;;96;46;35;1986;STRA 80;3;stra V;;L:\AudioToscana\stra V\Madonna - Open Your Heart - Madonna.wav;;;1
13308;7779;CLN;;Sneaking Out The Back Door;0;MATT BIANCO;N;2;;;;;;N;S;;03:18;00:20;MM;2;;109;29;20;1984;STRA 80;3;stra V;;L:\AudioToscana\stra V\Matt Bianco - Sneaking Out the Back Door.wav;;;1
13309;1678;CLN;;Who Can It Be Now;0;MEN AT WORK;N;2;;;;;;N;S;;03:16;00:17;MF;2;;166;26;24;1981;STRA 80;3;stra V;;L:\AudioToscana\stra V\Men At Work - Who can it be now.wav;;;1
13310;4991;CLN;;Down Under;0;MEN AT WORK;N;2;;;;;;N;S;;03:18;00:12;MF;2;;139;29;22;1981;STRA 80;3;stra V;;L:\AudioToscana\stra V\Men At Work -  Down Under.wav;;;1
13315;2781;CLN;;Bad;0;MICHAEL JACKSON;N;2;;;;;;N;S;;04:05;00:18;FF;2;;141;16;23;1987;STRA 80;3;stra V;;L:\AudioToscana\stra V\Michael Jackson - Bad - Michael Jackson.wav;;;1
13318;2782;CLN;;Beat It;0;MICHAEL JACKSON;N;2;;;;;;N;S;;03:14;00:38;FF;3;;150;16;18;1982;STRA 80;3;stra V;;L:\AudioToscana\stra V\Michael Jackson - Beat It - Michael Jackson.wav;;;1
13321;2792;CLN;;Rock With You;0;MICHAEL JACKSON;N;2;;;;;M JACKSON;N;S;;03:23;00:19;SF;2;;66;5;5;1979;STRA 80;3;stra V;;L:\AudioToscana\stra V\Michael Jackson - Rock With You - Michael Jackson.wav;;;1
13323;2795;CLN;;The Way You Make Me Feel;0;MICHAEL JACKSON;N;2;;;;;M JACKSON;N;S;;03:58;00:37;FF;2;;87;6;4;1995;STRA 80;3;stra V;;L:\AudioToscana\stra V\Michael Jackson - The Way You Make Me Feel - Michael Jackson.wav;;;1
13324;2798;CLN;;Wanna Be Startin' Somethin' - Michael Jackson;0;MICHAEL JACKSON;;2;;;;;;N;S;;03:25;00:24;FF;2;;105;22;25;1982;STRA 80;3;stra V;;L:\AudioToscana\stra V\Michael Jackson - Wanna Be Startin' Somethin' - Michael Jackson.wav;;;1
13325;7167;CLN;;Another Part Of Me;0;MICHAEL JACKSON;N;2;;;;;M JACKSON;N;S;;02:55;00:24;MF;2;;65;5;1;1987;STRA 80;3;stra V;;L:\AudioToscana\stra V\Michael Jackson - Another Part of Me.wav;;;1
13332;1683;CLN;;Survivor;0;MIKE FRANCIS;N;1;;;;;;N;S;;04:05;00:29;MF;2;;174;31;16;1984;STRA 80;3;stra V;;L:\AudioToscana\stra V\Mike Francis - Survivor.wav;;;1
13341;4176;CLN;;True Faith;0;NEW ORDER;N;2;;;;;;N;S;;04:41;00:35;FF;2;;105;32;19;1987;STRA 80;3;stra V;;L:\AudioToscana\stra V\New Order - True Faith.wav;;;1
13343;1698;CLN;;Each Time You Break My Heart;0;NICK KAMEN;N;1;;;;;;N;S;;03:40;00:17;FF;3;;98;26;22;1987;STRA 80;3;stra V;;L:\AudioToscana\stra V\Nick Kamen - Each Time You Break My Heart.wav;;;1
13344;1701;CLN;;Wouldn't It Be Good;0;NIK KERSHAW;N;2;;;;;;N;S;;04:04;00:41;FF;2;;175;29;19;1984;STRA 80;3;stra V;;L:\AudioToscana\stra V\Nik kershaw - Wouldn't it be good.wav;;;1
13345;1700;CLN;;The Riddle;0;NIK KERSHAW;N;1;;;;;;N;S;;03:39;00:31;FF;3;;163;27;19;1984;STRA 80;3;stra V;;L:\AudioToscana\stra V\Nik Kershaw - The Riddle - Nik Kershaw.wav;;;1
13348;1705;CLN;;Movin On;0;NOVECENTO;N;1;;;;;;N;S;;03:26;00:34;MF;2;;142;30;21;2006;STRA 80;3;stra V;;L:\AudioToscana\stra V\Novecento - Movin on.wav;;;1
13349;1706;CLN;;I Can't Wait;0;NU SHOOZ;;0;;;;;;N;S;;03:22;00:55;FF;3;;82;64;31;1985;STRA 80;3;stra V;;L:\AudioToscana\stra V\Nu Shooz - I can't wait.wav;;;1
13355;5510;CLN;;You're The One That I Want;0;OLIVIA NEWTON JOHN;N;1;;;;;;N;S;;02:24;00:09;FF;3;;116;26;23;0;STRA 70;2;stra V;;L:\AudioToscana\stra V\Olivia Newton John - You're The One That I Want.wav;;;1
13356;5427;CLN;;Physical;0;OLIVIA NEWTON JOHN;N;2;;;;;;N;S;;03:35;00:16;FF;2;;143;26;31;1981;STRA 80;3;stra V;;L:\AudioToscana\stra V\Olivia Newton John - Physical.wav;;;1
13358;1711;CLN;;Live Is Life;0;OPUS;N;1;;;;;;N;S;;03:56;00:30;FF;3;;103;31;18;1984;STRA 80;3;stra V;;L:\AudioToscana\stra V\Opus - Live Is Life.wav;;;1
13361;5061;CLN;;People Have The Power;0;PATTI SMITH;N;2;;;;;;N;S;;03:38;00:16;FF;3;;180;28;30;1988;STRA 80;3;stra V;;L:\AudioToscana\stra V\PATTI SMITH - People Have the Power.wav;;;1
13364;2863;CLN;;Say Say Say;0;"PAUL MCCARTNEY - MICHAEL JACKSON; PAUL MCCARTNEY; MICHAEL JACKSON";N;2;;;;;M JACKSON;N;S;;03:16;00:16;MM;2;;58;7;15;1983;STRA 80;3;stra V;;L:\AudioToscana\stra V\Paul McCartney - Say Say Say.wav;;;1
13366;1721;CLN;;Love Of The Common People;0;PAUL YOUNG;N;2;;;;;;N;S;;03:34;02:04;MM;2;;170;29;24;1983;STRA 80;3;stra V;;L:\AudioToscana\stra V\Paul Young - Love of the common people.wav;;;1
13368;1731;CLN;;West End Girls;0;PET SHOP BOYS;N;1;;;;;;N;S;;03:23;00:45;SF;3;;102;26;20;1984;STRA 80;3;stra V;;L:\AudioToscana\stra V\Pet Shop Boys - West end girls.wav;;;1
13370;1727;CLN;;It's A Sin;0;PET SHOP BOYS;N;1;;;;;;N;S;;04:27;00:45;FF;3;;96;26;40;1987;STRA 80;3;stra V;;L:\AudioToscana\stra V\Pet Shop Boys - It's a sin.wav;;;1
13371;6007;CLN;;Sledgehammer;0;PETER GABRIEL;;R3;;;;;;N;S;;03:50;00:21;MF;2;;151;29;21;1986;STRA 80;3;stra V;;L:\AudioToscana\stra V\Peter Gabriel - Sledgehammer.wav;;;1
13373;2525;CLN;;Something Happened On The Way To Heaven - Phil Col;0;PHIL COLLINS;N;2;;;;;;N;S;;04:33;00:30;FF;2;;113;19;24;1989;STRA 80;3;stra V;;L:\AudioToscana\stra V\Phil Collins - Something Happened On The Way To Heaven - Phil Collins.wav;;;1
13376;2526;CLN;;Sussudio;0;PHIL COLLINS;N;3;;;;;;N;S;;03:38;00:19;FF;2;;147;17;20;1985;STRA 80;3;stra V;;L:\AudioToscana\stra V\Phil Collins - Sussudio - Phil Collins.wav;;;1
13377;2528;CLN;;Two Hearts;0;PHIL COLLINS;N;2;;;;;;N;S;;03:08;00:25;FF;3;;108;19;32;1988;STRA 80;3;stra V;;L:\AudioToscana\stra V\Phil Collins - Two Hearts - Phil Collins.wav;;;1
13380;2516;CLN;;Easy Lover;0;"PHIL COLLINS - PHILIP BAILEY; PHIL COLLINS; PHILIP BAILEY";N;3;;;;;;N;S;;04:21;00:29;FF;2;;122;16;32;1985;STRA 80;3;stra V;;L:\AudioToscana\stra V\Phil Collins - Easy Lover - Phil Collins.wav;;;1
13394;3196;CLN;;Crazy Little Thing Called Love;0;"QUEEN; FREDDIE MERCURY";N;3;;;;;;N;S;;02:30;00:06;FF;3;;84;5;;1980;STRA 70;2;stra V;;L:\AudioToscana\stra V\Queen - Crazy Little Thing Called Love.wav;;;1
13395;2592;CLN;;We Will Rock You;0;"QUEEN; FREDDIE MERCURY";N;3;;;;;;N;S;;02:01;00:13;MF;2;;95;5;74;1977;STRA 70;2;stra V;;L:\AudioToscana\stra V\Queen - We will rock you.wav;;;1
13402;2594;CLN;;Ghostbusters;0;RAY PARKER JR;;0;;;;;;N;S;;03:04;00:27;SF;2;;82;82;32;1984;STRA 80;3;stra V;;L:\AudioToscana\stra V\Ray Parker Jr - Ghostbusters.wav;;;1
13411;1755;CLN;;Never Gonna Give You Up;0;RICK ASTLEY;N;1;;;;;;N;S;;03:15;00:18;FF;3;;164;29;18;1987;STRA 80;3;stra V;;L:\AudioToscana\stra V\Rick Astley - Never gonna give you up.wav;;;1
13412;4973;CLN;;Together Forever;0;RICK ASTLEY;;1;;;;;;N;S;;03:05;00:19;FF;3;;86;69;30;1987;STRA 80;3;stra V;;L:\AudioToscana\stra V\Rick Astley - Together Forever.wav;;;1
13423;1758;CLN;;Johnny And Mary;0;ROBERT PALMER;N;2;;;;;;N;S;;03:14;00:25;MF;2;;162;32;23;1980;STRA 80;3;stra V;;L:\AudioToscana\stra V\Robert Palmer - Johnny And Mary.wav;;;1
13429;3292;CLN;;Joyride;0;ROXETTE;N;2;;;;;ROXETTE;N;S;;03:56;00:00;FM;3;;85;11;6;2006;STRA 90;4;stra V;;L:\AudioToscana\stra V\Roxette - Joyride.wav;;;1
13430;3296;CLN;;The Look;0;ROXETTE;N;2;;;;;ROXETTE;N;S;;03:42;00:19;FF;2;;103;20;4;1988;STRA 80;3;stra V;;L:\AudioToscana\stra V\Roxette - The Look.wav;;;1
13435;1765;CLN;;Ain't Nobody;0;RUFUS & CHAKA KHAN;;2;;;;;;N;S;;03:52;00:37;MM;2;;96;96;26;1983;STRA 80;3;stra V;;L:\AudioToscana\stra V\Rufus & Chaka Khan - Ain't Nobody.wav;;;1
13438;1775;CLN;;Don't Let Me Be Misunderstood;0;SANTA ESMERALDA;N;1;;;;;;N;S;;03:54;00:57;FF;3;;113;30;24;1977;STRA 70;2;stra V;;L:\AudioToscana\stra V\Santa Esmeralda - Don't let me be misunderstood m-w Esmeralda suite.wav;;;1
13450;1782;CLN;;Spacer;0;SHEILA & B DEVOTION;;1;;;;;;N;S;;03:23;00:29;MF;2;;89;31;24;1980;STRA 80;3;stra V;;L:\AudioToscana\stra V\Sheila B. Devotion - Spacer - Sheila B. Devotion.wav;;;1
13453;6237;CLN;;Venus;0;SHOCKING BLUE;;2;;;;;;N;S;;02:37;00:19;FF;2;;121;87;22;1969;STRA 60;1;stra V;;L:\AudioToscana\stra V\Shocking Blue - Venus.wav;;;1
13455;4288;CLN;;Someone, Somewhere In Summertime;0;SIMPLE MINDS;;3;;;;;;N;S;;03:51;00:10;MF;2;;94;31;29;1982;STRA 80;3;stra V;;L:\AudioToscana\stra V\Simple Minds - Someone, Somewhere In Summertime.wav;;;1
13458;3383;CLN;;Something Got Me Started;0;SIMPLY RED;;2;;;;;;N;S;;02:44;00:26;FF;2;;124;57;26;1991;STRA 90;4;stra V;;L:\AudioToscana\stra V\Simply Red - Something Got Me Started - Simply Red.wav;;;1
13459;3379;CLN;;Money's Too Tight To Mention;0;SIMPLY RED;;;;;;;;N;S;;03:40;00:26;FF;2;;39;33;3;1985;STRA 80;3;stra V;;L:\AudioToscana\stra V\Simply Red - Money's Too Tight To Mention - Simply Red.wav;;;1
13464;1789;CLN;;We Are Family;0;SISTER SLEDGE;N;1;;;;;;N;S;;02:59;00:34;FF;2;;137;28;23;1979;STRA 70;2;stra V;;L:\AudioToscana\stra V\Sister Sledge - We Are Family - Sister Sledge.wav;;;1
13469;1790;CLN;;Tainted Love;0;SOFT CELL;N;3;;;;;;N;S;;02:38;00:10;FF;3;;177;29;16;1981;STRA 80;3;stra V;;L:\AudioToscana\stra V\Soft Cell - Tainted Love.wav;;;1
13480;4004;CLN;;Two Princes;0;SPIN DOCTORS;;R3;;;;;;N;S;;03:56;00:20;FF;3;;106;53;18;1991;STRA 90;4;stra V;;L:\AudioToscana\stra V\Spin Doctors - Two Princes.wav;;;1
13482;1803;CLN;;Whatever You Want;0;STATUS QUO;;R3;;;;;;N;S;;03:00;01:12;FF;3;;115;37;14;1983;STRA 70;2;stra V;;L:\AudioToscana\stra V\Status Quo - Whatever you want.wav;;;1
13484;5328;CLN;;Higher Love;0;STEVE WINWOOD;N;2;;;;;;N;S;;03:31;00:10;MF;2;;147;28;18;2007;STRA 80;3;stra V;;L:\AudioToscana\stra V\Steve Winwood - Higher Love.wav;;;1
13485;6578;CLN;;Valerie;0;STEVE WINWOOD;N;2;;;;;;N;S;;04:04;00:09;MM;2;;114;28;19;2008;STRA 80;3;stra V;;L:\AudioToscana\stra V\Steve Winwood - Valerie.wav;;;1
13492;3538;CLN;;Luka;0;SUZANNE VEGA;N;2;;;;;;N;S;;03:35;00:25;MM;2;;167;28;14;1987;STRA 80;3;stra V;;L:\AudioToscana\stra V\Suzanne Vega - Luka.wav;;;1
13493;8079;CLN;;Breakout;0;SWING OUT SISTERS;;2;;;;;;N;S;;03:27;00:19;MF;2;;97;49;20;1986;STRA 80;3;stra V;;L:\AudioToscana\stra V\Swing Out Sister - Breakout.wav;;;1
13494;7798;CLN;;Surrender;0;SWING OUT SISTERS;;2;;;;;;N;S;;03:16;00:25;MF;2;;91;50;20;1986;STRA 80;3;stra V;;L:\AudioToscana\stra V\Swing Out Sister - Surrender.wav;;;1
13500;1818;CLN;;Tell It To My Heart;0;TAYLOR DAYNE;;0;;;;;;N;S;;03:27;00:18;FF;3;;81;31;20;1988;STRA 80;3;stra V;;L:\AudioToscana\stra V\Taylor Dayne - Tell it to my heart.wav;;;1
13503;1819;CLN;;Shout;0;TEARS FOR FEARS;;3;;;;;;N;S;;04:07;00:09;FF;2;;146;30;17;0;STRA 80;3;stra V;;L:\AudioToscana\stra V\Tears For Fears - Shout.wav;;;1
13505;4772;CLN;;If You Let Me Stay;0;TERENCE TRENT D'ARBY;N;2;;;;;;N;S;;02:58;00:00;MF;2;;176;26;27;1987;STRA 80;3;stra V;;L:\AudioToscana\stra V\Terence Trent D'Arby - If you let me stay.wav;;;1
13506;4773;CLN;;Dance Little Sister;0;TERENCE TRENT D'ARBY;;2;;;;;;N;S;;02:55;00:35;FF;2;;120;67;27;1987;STRA 80;3;stra V;;L:\AudioToscana\stra V\Terence Trent D'Arby - Dance Little Sister.wav;;;1
13512;5020;CLN;;Walk Like An Egyptian;0;THE BANGLES;N;2;;;;;;N;S;;02:42;00:14;FF;3;;181;30;21;1985;STRA 80;3;stra V;;L:\AudioToscana\stra V\Bangles - Walk Like An Egyptian.wav;;;1
13520;1825;CLN;;It Doesn't Have To Be This Way;0;THE BLOW MONKEYS;N;2;;;;;;N;S;;03:58;00:21;MM;2;;143;28;25;1986;STRA 80;3;stra V;;L:\AudioToscana\stra V\The Blow Monkeys - It Doesn't Have To Be This Way - The Blow Monkeys.wav;;;1
13521;1435;CLN;;Digging Your Scene;0;THE BLOW MONKEYS;;2;;;;;;N;S;;03:17;00:22;MM;2;;106;96;24;1986;STRA 80;3;stra V;;L:\AudioToscana\stra V\Blow monkeys - Digging Your scene.wav;;;1
13529;1463;CLN;;Don't Leave Me This Way;0;"THE COMMUNARDS; Jimmy Somerville";;1;;;;;;N;S;;02:36;00:30;FF;2;;92;19;5;1986;STRA 80;3;stra V;;L:\AudioToscana\stra V\Communards - Don't Leave Me This Way.wav;;;1
13532;2571;CLN;;Zombie;0;THE CRANBERRIES;;3;;;;;;N;S;;04:52;00:49;FF;2;;122;68;34;1994;STRA 90;4;stra V;;L:\AudioToscana\stra V\The Cranberries - Zombie.wav;;;1
13543;3441;CLN;;De Do Do Do, De Da Da Da;0;"THE POLICE; STING";;3;;;;;;N;S;;03:26;00:26;FF;3;;105;52;30;1980;STRA 80;3;stra V;;L:\AudioToscana\stra V\The Police - De Do Do Do, De Da Da Da - The Police.wav;;;1
13546;3446;CLN;;Message In A Bottle;0;"THE POLICE; STING";;3;;;;;;N;S;;03:54;00:06;MF;2;;121;21;32;1984;STRA 80;3;stra V;;L:\AudioToscana\stra V\The Police - Message in a Bottle - The Police.wav;;;1
13547;5276;CLN;;Don't Get Me Wrong;0;THE PRETENDERS;N;2;;;;;;N;S;;03:41;00:18;FF;3;;128;27;24;1986;STRA 80;3;stra V;;L:\AudioToscana\stra V\The Pretenders -  Don't Get Me Wrong.wav;;;1
13553;5689;CLN;;I Think We're Alone Now;0;TIFFANY;;0;;;;;;N;S;;03:11;00:19;FF;3;;82;80;35;1987;STRA 80;3;stra V;;L:\AudioToscana\stra V\Tiffany - I Think We're Alone Now.wav;;;1
13554;3570;CLN;;Typical Male;0;TINA TURNER;N;2;;;;;;N;S;;04:04;00:10;FF;2;;159;27;28;1986;STRA 80;3;stra V;;L:\AudioToscana\stra V\Tina Turner - Typical Male - TINA TURNER-YANNI.wav;;;1
13555;3572;CLN;;We Don't Need Another Hero;1;TINA TURNER;B;2;;;;;;N;S;;03:58;00:20;MM;2;;179;29;23;1985;STRA 80;3;stra V;;L:\AudioToscana\stra V\Tina Turner - We Don't Need Another Hero - TINA TURNER-YANNI.wav;;;1
13565;1860;CLN;;Hold The Line;0;TOTO;N;3;;;;;;N;S;;03:53;00:21;SF;2;;124;25;34;1978;STRA 70;2;stra V;;L:\AudioToscana\stra V\Toto - Hold the line.wav;;;1
13574;1865;CLN;;I Still Haven't Found What I'm Looking For;0;U2;N;R3;;;;;;N;S;;03:42;00:28;MM;1;;152;27;22;1987;STRA 80;3;stra V;;L:\AudioToscana\stra V\U2 - I still haven't found what i'm looking for.wav;;;1
13576;1866;CLN;;Where The Streets Have No Name;0;U2;N;R3;;;;;;N;S;;03:43;01:48;FF;2;;154;26;25;1987;STRA 80;3;stra V;;L:\AudioToscana\stra V\U2 - Where the streets have no name.wav;;;1
13586;1883;CLN;;Freedom;0;"WHAM; GEORGE MICHAEL";N;1;;;;;;N;S;;04:53;00:16;FF;3;;141;25;27;1984;STRA 80;3;stra V;;L:\AudioToscana\stra V\Wham - Freedom.wav;;;1
13588;3624;CLN;;I'm Your Man;0;"WHAM; GEORGE MICHAEL";N;1;;;;;;N;S;;02:52;00:14;FF;3;;141;24;25;1986;STRA 80;3;stra V;;L:\AudioToscana\stra V\Wham! - I'm Your Man - Wham!.wav;;;1
13589;3626;CLN;;The Edge Of Heaven;0;"WHAM; GEORGE MICHAEL";;1;;;;;;N;S;;04:14;00:38;FF;3;;106;29;21;1986;STRA 80;3;stra V;;L:\AudioToscana\stra V\Wham! - The Edge Of Heaven - Wham!.wav;;;1
13592;7389;CLN;;I'm Your Baby Tonight;0;WHITNEY HOUSTON;;1;;;;;;N;S;;03:21;00:09;MF;3;;49;20;4;1990;STRA 90;4;stra V;;L:\AudioToscana\stra V\Whitney Houston - I'm Your Baby Tonight.wav;;;1
13597;1887;CLN;;Owner Of A Lonely Heart;0;YES;;R3;;;;;;N;S;;03:32;00:25;MF;2;;169;37;18;1983;STRA 80;3;stra V;;L:\AudioToscana\stra V\Yes - Owner of a lonely heart.wav;;;1
13599;6157;CLN;;Tomorrow People;0;ZIGGY MARLEY;;1;;;;;;N;S;;03:20;00:08;SM;3;;94;79;24;1988;STRA 80;3;stra V;;L:\AudioToscana\stra V\Ziggy Marley - Tomorrow People.wav;;;1
14595;5441;CLN;;Loco In Acapulco;0;THE FOUR TOPS;;2;;;;;;N;S;;03:05;00:32;FF;2;;101;101;21;2007;STRA 80;3;stra V;;L:\AudioToscana\stra V\The Four Tops - Loco In Acapulco.wav;;;1
15142;8481;CLN;;Reet Petite;0;JACKIE WILSON;;1;;;;;;N;S;;02:38;00:07;FF;3;;102;102;17;1957;STRA 60;1;stra V;;L:\AudioToscana\stra V\Jackie Wilson - Reet Petite.wav;;;1
15143;1833;CLN;;Best Of My Love;0;THE EMOTIONS;;1;;;;;;N;S;;03:34;00:13;FF;3;;97;97;24;1977;STRA 70;2;stra V;;L:\AudioToscana\stra V\The Emotions - Best of my love.wav;;;1
15144;3416;CLN;;Fragile;0;STING;N;L2;;;;;;N;S;;02:45;00:44;SM;1;;110;21;27;1987;STRA 80;3;stra V;;L:\AudioToscana\stra V\Sting - Fragile - Sting.wav;;;1
15145;1726;CLN;;Heart;0;PET SHOP BOYS;;1;;;;;;N;;;03:28;00:44;;;;16;16;8;2006;STRA 80;;stra V;;L:\AudioToscana\stra V\Pet Shop Boys - Heart.wav;;;2
15146;6392;CLN;;Xanadu;0;"OLIVIA NEWTON JOHN & ELO; OLIVIA NEWTON JOHN; ELECTRIC LIGHT ORCHESTRA";;2;;;;;;N;S;;03:19;00:09;MR;2;;76;76;41;1980;STRA 80;3;stra V;;L:\AudioToscana\stra V\Olivia Newton John - Xanadu.wav;;;1
15147;4177;CLN;;I (just) Can't Wait;0;MANDY SMITH;;0;;;;;;N;S;;03:06;00:20;MF;3;;85;85;32;2006;STRA 80;3;stra V;;L:\AudioToscana\stra V\Mandy Smith - I (Just) Can't Wait.wav;;;1
15148;4019;CLN;;Someday;0;LISA STANSFIELD;;2;;;;;;N;S;;03:25;00:03;MF;2;;85;85;29;2006;STRA 90;4;stra V;;L:\AudioToscana\stra V\LISA STANSFIELD - Someday.wav;;;1
15150;5449;CLN;;Too Late For Goodbyes;0;JULIAN LENNON;;1;;;;;;N;S;200;03:09;00:32;MF;2;;89;89;28;1984;STRA 80;3;stra V;;L:\AudioToscana\stra V\Julian Lennon - Too Late for Goodbyes.wav;;;1
15151;1605;CLN;;Centerfold;0;J. GEILS BAND;;1;;;;;;N;S;;03:21;00:17;FF;3;;98;98;28;1981;STRA 80;3;stra V;;L:\AudioToscana\stra V\J. Geils Band - Centerfold - J. Geils Band.wav;;;1
15152;5239;CLN;;Music And Lights;0;IMAGINATION;;1;;;;;;N;S;;03:13;00:10;MF;2;;83;83;37;2019;STRA 80;3;stra V;;L:\AudioToscana\stra V\imagination - Music and Lights.wav;;;1
15153;1583;CLN;;Let Me Go;0;HEAVEN 17;;0;;;;;;N;S;;04:10;00:17;FF;2;;84;84;35;2006;STRA 80;3;stra V;;L:\AudioToscana\stra V\Heaven 17 - Let me go - Heaven 17.wav;;;1
15155;1570;CLN;;Bamboleo;0;GIPSY KINGS;;0;;;;;;N;S;;03:14;00:15;MF;3;;85;85;31;1988;STRA 80;3;stra V;;L:\AudioToscana\stra V\Gipsy Kings - Bamboleo.wav;;;1
15156;8136;CLN;;Monkey;0;GEORGE MICHAEL;;2;;;;;;N;S;;03:26;00:05;FF;3;;79;79;39;2011;STRA 80;3;stra V;;L:\AudioToscana\stra V\George Michael - Monkey.wav;;;1
15161;1451;CLN;;Wot;0;CAPTAIN SENSIBLE'S;;0;;;;;;N;;;02:55;00:28;;;;69;69;32;1987;STRA 80;;stra V;;L:\AudioToscana\stra V\Captain Sensible's - Wot.wav;;;1
15162;1444;CLN;;Stomp;0;BROTHERS JOHNSONS;;2;;;;;;N;S;;03:36;00:20;FF;3;;98;98;21;1980;STRA 80;3;stra V;;L:\AudioToscana\stra V\Brothers Johnsons - Stomp.wav;;;1
15163;6703;CLN;;Rivers Of Babylon;0;BONEY M;;1;;;;;;N;S;;02:33;00:39;FF;3;;81;80;30;1984;STRA 70;2;stra V;;L:\AudioToscana\stra V\Boney M - Rivers of Babylon.wav;;;1
15164;1909;CLN;;Square Rooms;0;AL CORLEY;;0;;;;;;N;S;;03:06;00:23;FF;3;;81;52;20;1984;STRA 80;3;stra V;;L:\AudioToscana\stra V\Al Corley - Square Rooms.wav;;;1
15601;12456;CLN;;Relight My Fire;0;DAN HARTMAN;;1;;;;;;N;S;;03:26;00:19;FF;3;;84;84;29;1979;STRA 70;2;stra V;;L:\AudioToscana\stra V\DAN HARTMAN - Relight My Fire.wav;;;1
15830;6159;CLN;;Tell Me;0;NICK KAMEN;;1;;;;;;N;S;;03:22;00:16;MM;3;;73;73;34;1988;STRA 80;3;stra V;;L:\AudioToscana\stra V\Nick Kamen - Tell Me.wav;;;1
16324;12862;CLN;;Lotta Love;0;NICOLETTE LARSON;N;2;;;;;;NO;S;;02:50;00:17;JM;2;;124;31;21;1978;STRA 70;2;stra V;;L:\AudioToscana\stra V\Nicolette Larson - Lotta Love.wav;;;1
16991;4946;CLN;;Ticket To Ride;0;"THE BEATLES; JOHN LENNON; PAUL MCCARTNEY; GEORGE HARRISON; RINGO STARR";;;;;;;;N;;;02:53;00:08;;;;11;11;9;2006;STRA 60;;;;L:\AudioToscana\stra V\The Beatles - Ticket To Ride.wav;;;2
5867;261;XMS;;Natale;0;FRANCESCO DE GREGORI;N;N;2;;08/12/2025;26/12/2025 23:00;;;I;;02:23;00:18;SS;;;9;;;1978;ITA 70;2;ita V;;L:\AudioToscana\ita V\Francesco De Gregori - Natale.wav;;;2
10865;4120;XMS;;Va, Pensiero;0;ZUCCHERO;B;N;2;;08/12/2025;26/12/2025 23:00;;O;I;;03:28;00:12;SS;;;41;;;1997;ITA 90;4;ita V;;L:\AudioToscana\ita V\Zucchero - Va, Pensiero.wav;;;1
10880;1219;XMS;;Così Celeste;0;ZUCCHERO;N;;;;;;;O;I;;04:36;00:36;SS;1;;204;;;1995;ITA 90;4;ita V;;L:\AudioToscana\ita V\Zucchero - Così Celeste.wav;;;1
11598;5551;XMS;;Do They Know It's Christmas (1984);0;BAND AID;B;N;2;;08/12/2025;26/12/2025 23:00;;N;S;;03:36;00:09;SN;2;;53;;;1984;NATALE;3;stra V;;L:\AudioToscana\stra V\Band Aid - Do They Know It's Christmas.wav;;;2
11602;5552;XMS;;Jingle Bell Rock;0;BOBBY HELMS;B;N;2;;08/12/2025;26/12/2025 23:00;;N;S;;02:06;00:08;JN;2;;81;;;1957;NATALE;;stra V;;L:\AudioToscana\stra V\Bobby Helms - Jingle Bell Rock.wav;;;2
11603;9666;XMS;;Rockin' Around The Christmas Tree;0;BRENDA LEE;B;N;2;;08/12/2025;26/12/2025 23:00;;;S;;02:03;00:08;NM;3;;50;;;1991;CATALOGO;;Christmas;;L:\AudioToscana\Christmas\Brenda Lee - Rockin' Around the Christmas Tree.wav;;;2
11605;11841;XMS;;Jingle Bells;0;GWEN STEFANI;B;N;2;;08/12/2025;26/12/2025 23:00;;;S;;02:53;00:11;NM;3;;49;;;2021;NATALE;6;;;L:\AudioToscana\2017\Gwen Stefani - Jingle Bells.wav;;;2
11607;2742;XMS;;Happy Christmas (war Is Over);0;JOHN LENNON;B;N;2;;08/12/2025;26/12/2025 23:00;;NO;S;;03:18;00:03;JN;2;;63;;;2006;STRA 70;2;stra V;;L:\AudioToscana\stra V\John Lennon - Happy Christmas (War Is Over).wav;;;2
11613;3221;XMS;;Thank God It's Christmas;0;"QUEEN; FREDDIE MERCURY";B;N;2;;08/12/2025;26/12/2025 23:00;;;S;;03:55;00:00;NS;2;;29;;;1984;STRA 90;4;stra V;;L:\AudioToscana\stra V\Queen - Thank God It's Christmas - Queen.wav;;;2
11615;3625;XMS;;Last Christmas;0;"WHAM; GEORGE MICHAEL";B;N;2;;08/12/2025;26/12/2025 23:00;;N;S;;03:35;00:46;MN;2;;92;1;;1984;STRA 80;3;stra V;;L:\AudioToscana\stra V\Wham! - Last Christmas - Wham!.wav;;;2
11616;5345;XMS;;Le Luci Di Natale;0;"883; MAX PEZZALI";B;N;2;;08/12/2025;26/12/2025 23:00;;O;I;;04:21;00:14;NM;2;;43;;;1999;ITA 2000;4;ita V;;L:\AudioToscana\ita V\883 - Le luci di Natale.wav;;;2
11620;9105;XMS;;Happy Xmas (war Is Over);0;CELINE DION;;N;;;;;;;;;04:00;00:00;SS;;;8;;;2014;NATALE;;Christmas;;L:\AudioToscana\Christmas\Céline Dion - Happy Xmas (War Is Over).wav;;;2
11628;5433;XMS;;Che Natale Sei;0;GIORGIO PANARIELLO E PETRA MAGONI;N;N;2;;08/12/2025;26/12/2025 23:00;;;I;;03:52;00:17;SS;1;;37;;;2006;NATALE;4;ita V;;L:\AudioToscana\ita V\Giorgio Panariello e Petra Magoni - Che Natale sei.wav;;;2
11644;7310;XMS;;White Christmas;0;SHERYL CROW;N;N;2;;08/12/2025;26/12/2025 23:00;;;S;;03:22;00:28;SS;;;39;;;2008;2008;5;2008;;L:\AudioToscana\2008\Sheryl Crow - White Christmas.wav;;;2
13032;9109;XMS;;Christmas Is All Around (love Actually);0;BILL NIGHY;N;N;2;;08/12/2025;26/12/2025 23:00;;;S;;03:41;00:11;NS;2;;37;;;2014;NATALE;4;Christmas;;L:\AudioToscana\Christmas\Bill Nighy -  Christmas Is All Around (Love Actually).wav;;;2
13300;5545;XMS;;All I Want For Christmas Is You - Mariah Carey;0;MARIAH CAREY;B;N;2;;08/12/2025;26/12/2025 23:00;;;S;;03:34;00:07;NF;3;;43;;;1994;NATALE;4;stra V;;L:\AudioToscana\stra V\Mariah Carey - All I Want For Christmas Is You - Mariah Carey.wav;;;2
13301;5548;XMS;;Santa Claus Is Comin' To Town - Mariah Carey;0;MARIAH CAREY;B;N;2;;08/12/2025;26/12/2025 23:00;;;S;;02:30;00:45;NF;3;;48;;;1994;NATALE;4;stra V;;L:\AudioToscana\stra V\Mariah Carey - Santa Claus Is Comin' To Town - Mariah Carey.wav;;;2
13311;5544;XMS;;Let It Snow;0;MICHAEL BUBLE';B;N;2;;08/12/2025;26/12/2025 23:00;;;S;;01:58;00:07;NS;2;;58;;;2006;NATALE;5;stra V;;L:\AudioToscana\stra V\Michael Buble - Let It Snow.mp3;;;2
13363;5471;XMS;;Wonderful Christmastime;0;PAUL MCCARTNEY;N;N;2;;08/12/2025;26/12/2025 23:00;;N;S;;03:29;00:21;MN;2;;27;;;1980;NATALE;2;stra V;;L:\AudioToscana\stra V\Paul McCartney - Wonderful Christmastime.wav;;;2
13758;9006;XMS;;Do They Know It's Christmas 2014;0;"BAND AID 30; BAND AID";N;N;2;;08/12/2025;26/12/2025 23:00;BANDAID;;S;;03:05;00:20;NM;2;;29;;;1984;2014;6;2014;;L:\AudioToscana\2014\Band Aid 30 - Do They Know It's Christmas 2014.wav;;;2
14001;5542;XMS;;Do They Know It's Christmas (2004);0;"BAND AID 20; BAND AID";N;N;2;;08/12/2025;26/12/2025 23:00;BANDAID;;S;;03:37;00:16;NF;2;;24;;;1984;NATALE;5;stra V;;L:\AudioToscana\stra V\Band Aid 20 - Do They Know It's Christmas.wav;;;2
14175;6293;XMS;;"Bianco Natale; White Christmas";0;IRENE GRANDI;N;N;2;;08/12/2025;26/12/2025 23:00;;;I;;03:57;00:16;NS;2;;25;;;2008;2008;5;2008;;L:\AudioToscana\2008\IRENE GRANDI - BIANCO NATALE.WAV;;;2
11617;9102;XMM;;Sleigh Ride;0;AIR SUPPLY;;N;;;;;;;;;02:13;00:13;MM;;;;;;1987;NATALE;;Christmas;;L:\AudioToscana\Christmas\Air Supply - Sleigh Ride.wav;;;2
11618;6952;XMM;;Regali Di Natale;0;ANTONELLO VENDITTI;;N;;;;;;;;;03:52;00:15;SM;;;;;;2008;2008;;2008;;L:\AudioToscana\2008\antonello venditti - regali di natale.wav;;;2
11619;9108;XMM;;Joy To The World;0;ARETHA FRANKLIN;N;N;2;;08/12/2025;26/12/2025 23:00;;;S;;02:54;00:01;MM;2;;;;;2014;NATALE;;Christmas;;L:\AudioToscana\Christmas\Aretha Franklin - Joy to the World.wav;;;2
11621;6769;XMM;;Christmas Lights;0;COLDPLAY;;N;;;;;;;;;03:42;00:22;SS;;;;;;2010;2010;;2010;;L:\AudioToscana\2010\Coldplay - Christmas Lights.wav;;;2
11622;9106;XMM;;Jingle Bell Rock;0;DARY HALL & JOHN OATES;;N;;;;;;;;;01:58;00:08;MM;;;;;;2014;NATALE;;Christmas;;L:\AudioToscana\Christmas\Dary Hall & John Oates - Jingle Bell Rock.wav;;;2
11623;5543;XMM;;Jingle Bells;0;DIANA KRALL;;N;;;;;;;;;02:38;00:10;MF;;;;;;2006;NATALE;;stra V;;L:\AudioToscana\stra V\Diana Krall - Jingle Bells.wav;;;2
11624;11782;XMM;;Merry Christmas;0;ED SHEERAN & ELTON JOHN;;N;;;;;;;;;03:20;00:00;SM;;;;;;2021;2021;;;;L:\AudioToscana\2021\Ed Sheeran & Elton John - Merry Christmas.wav;;;2
11625;9808;XMM;;Buon Natale (se Vuoi);0;EROS RAMAZZOTTI;;N;;;;;;;;;03:56;00:19;MM;;;;;;2015;2015;;2015;;L:\AudioToscana\2015\Eros Ramazzotti - Buon Natale (Se Vuoi).wav;;;2
11626;8169;XMM;;Lovely On My Hand;0;FABRIZIO CAMPANELLI FEAT DOROTEA MELE;;N;;;;;;O;S;;02:16;00:00;SS;;;;;;2011;2011;;2011;;L:\AudioToscana\2011\Fabrizio Campanelli feat Dorotea Mele - Lovely On My Hand.mp3;;;2
11627;4590;XMM;;December Song (i Dreamed Of Christmas);0;GEORGE MICHAEL;;N;;;;;;;;;03:01;00:47;SS;;;;;;2010;2010;;2010;;L:\AudioToscana\2010\George Michael - December Song (I Dreamed of Christmas).wav;;;2
11629;10350;XMM;;Let It Snow;0;GIULIANO PALMA;;N;;;;;;;;;02:12;00:10;MM;;;;;;2017;2017;;2017;;L:\AudioToscana\2017\Giuliano Palma - Let It Snow.wav;;;2
11630;6885;XMM;;All I Want For Christmas Is New Year's Day;0;HURTS;;N;;;;;;;;;04:27;00:15;SS;;;;;;2010;2010;;2010;;L:\AudioToscana\2010\Hurts - All I Want For Christmas Is New Year's Day.wav;;;2
11631;7740;XMM;;Wonderful Christmastime;0;IRENE GRANDI;;N;;;;;;;;;03:33;00:21;SF;;;;;;2009;2009;;2009;;L:\AudioToscana\2009\Irene Grandi - Wonderful Christmastime.wav;;;2
11632;5208;XMM;;Wonderful Christmastime;0;KYLIE MINOGUE FEAT MIKA;;N;;;;;;;;;03:38;00:21;SM;;;;;;2016;2016;;2016;;L:\AudioToscana\2016\Kylie Minogue Feat Mika - Wonderful Christmastime.wav;;;2
11634;446;XMM;;O È Natale Tutti I Giorni...;0;"LUCA CARBONI - JOVANOTTI; LUCA CARBONI; JOVANOTTI";;N;;;;;;;;;03:55;00:40;SS;;;;;;2005;NATALE;;ita V;;L:\AudioToscana\ita V\Luca Carboni - O è natale tutti i giorni....wav;;;2
11635;6990;XMM;;Oh Santa;0;MARIAH CAREY;;N;;;;;;;;;03:19;00:03;MM;;;;;;2010;2010;;2010;;L:\AudioToscana\2010\Mariah Carey - Oh Santa.wav;;;2
11636;9072;XMM;;Santa Claus Is Coming To Town;0;MARIO BIONDI;;N;;;;;;;;;02:42;00:19;MM;;;;;;2014;NATALE;;2014;;L:\AudioToscana\2014\MARIO BIONDI - SANTA CLAUS IS COMING TO TOWN.wav;;;2
11637;9834;XMM;;The More You Give;0;MICHAEL BUBLÈ;;N;;;;;;;;;03:02;00:00;SM;;;;;;2015;2015;;2015;;L:\AudioToscana\2015\Michael Bublè  - The More You Give.wav;;;2
11638;6647;XMM;;Mele Kalikimaka;0;MINA;;N;;;;;;;;;02:54;00:11;FF;;;;;;2010;2010;;2010;;L:\AudioToscana\2010\Mina - Mele Kalikimaka.wav;;;2
11640;5555;XMM;;Merry Christmas In Love;0;RENEE OLSTEAD;;N;;;;;;;;;03:25;00:18;MM;;;1;1;;2006;NATALE;;stra V;;L:\AudioToscana\stra V\Renee Olstead - Merry Christmas in love.wav;;;2
11641;11166;XMM;;Time For Change;0;Robbie Williams;;N;;;;;;;;;03:23;00:11;SM;;;;;;2019;2019;;2019;;L:\AudioToscana\2019\Robbie Williams - Time For Change.wav;;;2
11642;9107;XMM;;A Natale Puoi;0;ROBERTA BONANNO;;N;;;;;;;;;03:36;00:11;SS;;;;;;2014;NATALE;;Christmas;;L:\AudioToscana\Christmas\Roberta Bonanno - A Natale puoi.wav;;;2
11643;10344;XMM;;Oh Happy Day;0;SERGIO SYLVESTRE;;N;;;;;;;;;02:18;00:03;MM;;;1;1;;2017;2017;;2017;;L:\AudioToscana\2017\Sergio Sylvestre - Oh Happy Day.wav;;;2
11645;6774;XMM;;Oh Happy Day;0;THE EDWIN HAWKINS SINGERS;;N;2;;;;;NO;S;;05:05;00:22;SS;;;11;1;;2013;NATALE;;Christmas;;L:\AudioToscana\Christmas\The Edwin Hawkins Singers - Oh Happy Day.wav;;;2
11646;9812;XMM;;Shake Up Christmas;0;TONY HADLEY;;N;;;;;;;;;03:32;00:03;MM;;;;;;2015;2015;;2015;;L:\AudioToscana\2015\TONY HADLEY - Shake Up Christmas.wav;;;2
11647;6598;XMM;;Shake Up Christmas;0;TRAIN;;N;;;;;;;;;03:51;00:00;MM;;;;;;2010;2010;;2010;;L:\AudioToscana\2010\Train - Shake Up Christmas.wav;;;2
15933;12774;XMM;;Natale Tanto Vale;0;FRANCESCO GABBANI;;;;;;;;;I;;02:41;00:07;NJ;2;;26;;;2022;2022;;2022;;L:\AudioToscana\2022\Francesco gabbani - natale tanto vale.wav;;;2
2941;7239;OAI;;Piove;0;ALEX BRITTI;;;;;;;;O;I;;02:32;00:18;;;;80;80;19;2009;2009;;2009;;L:\AudioToscana\2009\Alex Britti - Piove.wav;;;1
2994;6523;OAI;;Sei;0;BIAGIO ANTONACCI;;;;;;;;O;I;;04:53;00:14;SS;1;;71;31;16;1994;ITA 90;4;2008;;L:\AudioToscana\ita v\Biagio Antonacci - Sei.wav;;;1
3378;9213;OAI;;Siamo Uguali;0;LORENZO FRAGOLA;;;;;;;;O;I;;03:59;00:11;;2;;83;83;10;2015;2015;6;SANREMO;;L:\AudioToscana\2015\SANREMO\LORENZO FRAGOLA - SIAMO UGUALI.wav;;;2
3602;1086;OAI;;Dimmi Chi Dorme Accanto A Me;0;RENATO ZERO;;;;;;;;O;I;;05:20;00:22;MM;2;;38;35;32;1998;ITA 90;;ita V;;L:\AudioToscana\ita V\Renato Zero - Dimmi Chi Dorme Accanto A Me.wav;;;1
5008;104;OAI;;Non So Più A Chi Credere;0;BIAGIO ANTONACCI;;L;;;;;;O;I;;04:07;00:15;SS;1;;33;22;35;1993;ITA 90;4;ita V;;L:\AudioToscana\ita V\Biagio Antonacci - Non so più a chi credere.wav;;;1
5241;122;OAI;;Gongi Boy;0;CESARE CREMONINI;;;;;;;;O;I;;03:32;00:24;SS;1;;62;57;26;2003;ITA 2000;5;ita V;;L:\AudioToscana\ita V\cesare cremonini - gongi boy.wav;;;1
6897;11247;OAI;;Il Confronto;0;MARCO MASINI;;;;;;;;O;I;;03:09;00:04;MM;2;;81;66;20;2020;SANREMO 2020;7;2020;;L:\AudioToscana\2020\sanremo\Marco Masini - Il confronto.wav;;;1
7760;1082;OAI;;Amando Amando;0;RENATO ZERO;;;;;;;;O;I;;05:08;00:35;SS;1;;22;14;21;1994;ITA 90;4;ita V;;L:\AudioToscana\ita V\Renato Zero - Amando Amando.wav;;;1
8514;11451;OAI;;Cerotti;0;TIROMANCINO;;;;;;;;O;I;;03:42;00:16;MM;1;;129;46;22;2021;2021;7;2021;;L:\AudioToscana\2021\Tiromancino - Cerotti.wav;;;1
8756;1235;OAI;;Pane E Sale;0;ZUCCHERO;N;;;;;;ZUCCHERO;;I;;05:06;00:00;SS;1;;108;1;;1995;ITA 90;4;ita V;;L:\AudioToscana\ita V\Zucchero - Pane E Sale.wav;;;1
9847;5;OAI;;Gli Anni;0;"883; MAX PEZZALI";;;;;;;;O;I;;03:34;00:04;SM;;;11;11;22;1996;ITA 90;;ita V;;L:\AudioToscana\ita V\883 - Gli anni.wav;;883 - Gli anni.wav;1
9862;19;OAI;;Confessa;0;ADRIANO CELENTANO;;;;;;;CELENTANO;O;I;;03:51;00:25;SS;;;62;6;18;2002;ITA 2000;;ita V;;L:\AudioToscana\ita V\Adriano Celentano - Confessa - Adriano Celentano.wav;;;1
9863;22;OAI;;L'arcobaleno;0;ADRIANO CELENTANO;;;;;;;CELENTANO;O;I;;03:06;00:24;SS;1;;87;8;13;1999;ITA 90;4;ita V;;L:\AudioToscana\ita V\Adriano Celentano - L'arcobaleno.wav;;;1
9864;28;OAI;;Pregherò;0;ADRIANO CELENTANO;;;;;;;;O;I;;02:35;00:15;SF;;;48;19;12;1965;ITA 60;1;ita V;;L:\AudioToscana\ita V\Adriano Celentano - Pregherò.wav;;;1
9867;26;OAI;;Per Averti;0;ADRIANO CELENTANO;;;;;;;CELENTANO;O;I;;03:54;00:11;MF;3;;74;11;24;2000;ITA 2000;5;ita V;;L:\AudioToscana\ita V\Adriano Celentano - Per Averti.wav;;;1
9868;6446;OAI;;Hai Bucato La Mia Vita;0;ADRIANO CELENTANO;;;;;;;;O;I;;03:41;00:54;SS;;;88;88;30;2007;2007;;2007;;L:\AudioToscana\2007\Adriano Celentano - Hai bucato la mia vita.wav;;;1
9869;27;OAI;;Per Sempre;0;ADRIANO CELENTANO;;;;;;;CELENTANO;O;I;;03:49;00:24;MF;;;43;9;24;2002;ITA 2000;;ita V;;L:\AudioToscana\ita V\Adriano Celentano - Per sempre - Adriano Celentano.wav;;;1
9870;6592;OAI;;Dormi Amore;0;ADRIANO CELENTANO;;;;;;;;O;I;;04:32;00:17;SM;;;84;84;33;2008;2008;;2008;;L:\AudioToscana\2008\Adriano Celentano - Dormi amore.wav;;;1
9871;6465;OAI;;Apri Il Cuore;0;ADRIANO CELENTANO;;;;;;;;O;I;;04:05;00:32;SM;;;87;87;26;2000;ITA 2000;;ita V;;L:\AudioToscana\ita V\Adriano Celentano - Apri Il Cuore.wav;;;1
9872;8374;OAI;;Ti Penso E Cambia Il Mondo;0;ADRIANO CELENTANO;;;;;;;CELENTANO;O;I;;03:55;00:06;SM;1;;84;14;25;2012;2012;6;2012;;L:\AudioToscana\2012\Adriano Celentano - Ti Penso E Cambia Il Mondo.wav;;;1
9873;6416;OAI;;E' Ancora Giorno;0;ADRIANO PAPPALARDO;;;;;;;;O;I;;04:29;00:11;SM;;;97;54;15;1972;ITA 70;;ita V;;L:\AudioToscana\ita V\Adriano Pappalardo - E' Ancora Giorno.wav;;;1
9875;4316;OAI;;Donna Luna;0;ALAN SORRENTI;;;;;;;;O;I;;02:36;00:21;SF;;;111;111;20;1977;ITA 70;;ita V;;L:\AudioToscana\ita V\Alan Sorrenti - Donna luna.wav;;;1
9876;37;OAI;;Qui La Luna;0;ALBERTO FORTIS;;;;;;;;O;I;;03:40;00:26;MM;;;111;111;20;1987;ITA 80;;ita V;;L:\AudioToscana\ita V\Alberto Fortis - Qui la luna.wav;;;1
9877;34;OAI;;Il Duomo Di Notte;0;ALBERTO FORTIS;;;;;;;;O;I;;03:28;00:35;SS;;;85;51;14;1979;ITA 70;;ita V;;L:\AudioToscana\ita V\Alberto Fortis - Il duomo di notte.wav;;;1
9878;39;OAI;;Svegliati Amore Con Me;0;ALBERTO FORTIS;;;;;;;;O;I;;04:14;00:13;MS;;;103;103;22;1984;ITA 80;;ita V;;L:\AudioToscana\ita V\Alberto Fortis - Svegliati amore con me.wav;;;1
9882;10101;OAI;;Sul Ciglio Senza Far Rumore;0;ALESSANDRA AMOROSO;;;;;;;;O;I;;03:11;00:07;SS;;;105;105;24;2016;2016;;2016;;L:\AudioToscana\2016\ALESSANDRA AMOROSO - SUL CIGLIO SENZA FAR RUMORE.wav;;;1
9884;7671;OAI;;Stupida;0;ALESSANDRA AMOROSO;;;;;;;;O;I;;03:25;00:08;SS;;;97;97;23;2009;2009;;2009;;L:\AudioToscana\2009\alessandra amoroso - stupida.wav;;;1
9890;48;OAI;;Lo Zingaro Felice;0;ALEX BRITTI;;;;;;;;O;I;;02:42;00:11;MS;;;93;93;27;2003;ITA 2000;;ita V;;L:\AudioToscana\ita V\Alex Britti - Lo Zingaro Felice.wav;;;1
9891;781;OAI;;Quanto Ti Amo;0;ALEX BRITTI;;;;;;;;O;I;;03:33;00:22;SS;;;97;97;23;2005;ITA 2000;;2005;;L:\AudioToscana\2005\Alex Britti - Quanto ti amo.wav;;;1
9894;5690;OAI;;Milano;0;ALEX BRITTI;;;;;;;;O;I;;03:29;00:33;SF;;;95;95;25;2000;2008;;2008;;L:\AudioToscana\2008\Alex Britti - Milano.wav;;;1
9895;9209;OAI;;Un Attimo Importante;0;ALEX BRITTI;;;;;;;;O;I;;03:07;00:05;MM;;;96;96;28;2015;2015;;SANREMO;;L:\AudioToscana\2015\SANREMO\Alex Britti - Un attimo importante.WAV;;;1
9897;52;OAI;;Come Tu Mi Vuoi;0;ALEXIA;;;;;;;;O;I;;03:39;00:09;SM;;;117;117;18;2004;ITA 2000;;ita V;;L:\AudioToscana\ita V\alexia - come tu mi vuoi.wav;;;1
9898;53;OAI;;Per Dire Di No;0;ALEXIA;;;;;;;;O;I;;03:05;00:31;SS;;;119;119;18;2003;ITA 2000;;ita V;;L:\AudioToscana\ita V\Alexia - Per dire di no.wav;;;1
9901;54;OAI;;Open Your Eyes;0;ALICE;;;;;;;;O;I;;03:12;00:29;MM;;;112;112;19;1998;ITA 90;;ita V;;L:\AudioToscana\ita V\alice - open your eyes.wav;;;1
9904;55;OAI;;A Canzuncella;0;ALUNNI DEL SOLE;;;;;;;;O;I;;03:54;00:07;SS;;;108;108;23;1977;ITA 70;;ita V;;L:\AudioToscana\ita V\alunni del sole - 'a canzuncella.wav;;;1
9905;4738;OAI;;Notte Bella, Magnifica;0;AMEDEO MINGHI;;L;;;;;;O;I;;04:11;00:13;MS;;;80;35;18;2009;ITA 90;;ita V;;L:\AudioToscana\ita V\Amedeo Minghi - Notte Bella, Magnifica.wav;;;1
9907;1560;OAI;;La Vita Mia;0;AMEDEO MINGHI;N;L;;;;;;O;I;;05:20;00:04;SS;2;;74;18;10;1989;ITA 80;3;ita V;;L:\AudioToscana\ita V\Amedeo Minghi - La Vita Mia.wav;;;1
9912;4736;OAI;;Sogno;0;ANDREA MINGARDI;;;;;;;;O;I;;04:29;00:11;SM;;;116;116;22;1993;ITA 90;;ita V;;L:\AudioToscana\ita V\Andrea Mingardi - Sogno.wav;;;1
9914;4660;OAI;;L'eterno Movimento;0;ANNA OXA;;;;;;;;O;I;;03:52;00:17;SM;;;88;88;27;2001;ITA 2000;;ita V;;L:\AudioToscana\ita V\Anna Oxa - L'eterno Movimento.wav;;;1
9917;73;OAI;;Fatelo Con Me;0;ANNA OXA;;;;;;;;O;I;;03:16;00:09;SF;;;81;81;28;1978;ITA 80;;ita V;;L:\AudioToscana\ita V\Anna Oxa - Fatelo con me.wav;;;1
9918;1392;OAI;;Francesca ( Con I Miei Fiori );0;ANNA OXA;;;;;;;;O;I;;03:38;00:16;SF;;;79;79;28;1985;ITA 80;;ita V;;L:\AudioToscana\ita V\Anna Oxa - Francesca ( Con I Miei Fiori ).wav;;;1
9920;72;OAI;;Eclissi Totale;0;ANNA OXA;;;;;;;;O;I;;03:07;00:08;MS;;;87;87;25;1984;ITA 80;;ita V;;L:\AudioToscana\ita V\Anna Oxa - Eclissi Totale.wav;;;1
9921;5912;OAI;;Mezzo Angolo Di Cielo;0;ANNA OXA;;;;;;;;O;I;;03:29;00:31;MS;;;80;80;28;1992;ITA 90;;ita V;;L:\AudioToscana\ita V\Anna Oxa - Mezzo Angolo Di Cielo.wav;;;1
9923;6169;OAI;;Anche Questa È Vita;0;ANONIMO ITALIANO;;;;;;;;O;I;;03:52;00:04;SS;;;118;118;20;1995;ITA 90;;ita V;;L:\AudioToscana\ita V\Anonimo Italiano - Anche questa è vita.wav;;;1
9924;6170;OAI;;E Così Addio;0;ANONIMO ITALIANO;;;;;;;;O;I;;03:39;00:18;SS;;;116;116;22;2008;ITA 90;;ita V;;L:\AudioToscana\ita V\Anonimo Italiano - E così addio.wav;;;1
9926;2049;OAI;;Controvento;0;"ANTONELLA RUGGIERO; MATIA BAZAR";;;;;;;;O;I;;04:09;00:28;MS;;;80;80;28;1999;ITA 90;;ita V;;L:\AudioToscana\ita V\Antonella Ruggiero - Controvento.wav;;;1
9934;5462;OAI;;21 Modi Per Dirti Ti Amo;0;ANTONELLO VENDITTI;;;;;;;;O;I;;03:33;00:50;FF;;;58;58;31;1988;ITA 80;;ita V;;L:\AudioToscana\ita V\Antonello Venditti - 21 Modi Di Dirti Ti Amo.wav;;;1
9936;5524;OAI;;Noi;0;ANTONELLO VENDITTI;;;;;;;;O;I;;03:52;00:40;FF;;;51;51;31;1991;ITA 90;;ita V;;L:\AudioToscana\ita V\Antonello Venditti - Noi.wav;;;1
9937;928;OAI;;Qui;0;ANTONELLO VENDITTI;;;;;;;;O;I;;03:17;00:20;SM;;;58;58;24;1984;ITA 80;;ita V;;L:\AudioToscana\ita V\Antonello Venditti - Qui.wav;;;1
9940;4312;OAI;;Dimmelo Tu Cos'è;0;ANTONELLO VENDITTI;;;;;;;;O;I;;03:53;00:22;SF;;;57;57;26;1982;ITA 80;;ita V;;L:\AudioToscana\ita V\Antonello Venditti - Dimmelo Tu Cos'è.wav;;;1
9941;5424;OAI;;Lacrime Di Pioggia;0;ANTONELLO VENDITTI;;;;;;;;O;I;;03:42;00:26;SM;;;48;48;22;2003;ITA 2000;;ita V;;L:\AudioToscana\ita V\Antonello Venditti - Lacrime di pioggia.wav;;;1
9946;4310;OAI;;Vento Selvaggio;0;ANTONELLO VENDITTI;;;;;;;;O;I;;03:37;00:40;SS;;;57;57;24;2006;ITA 90;;ita V;;L:\AudioToscana\ita V\Antonello Venditti - Vento Selvaggio.wav;;;1
9948;5260;OAI;;Foto Di Gruppo;0;"ANTONELLO VENDITTI - RENATO ZERO; ANTONELLO VENDITTI; RENATO ZERO";;;;;;;;O;I;;03:13;00:37;SS;;;39;39;20;1999;ITA 90;;ita V;;L:\AudioToscana\ita V\Renato Zero - Foto di gruppo.wav;;;1
9950;5233;OAI;;L'amore È Un'altra Cosa;0;ARISA;;;;;;;;O;I;;03:36;00:10;SS;2;;93;71;19;2012;2012;6;2012;;L:\AudioToscana\2012\Arisa - L'Amore è un'altra cosa.wav;;;1
9952;89;OAI;;Neve;0;AUDIO 2;N;;;;;;;O;I;;03:16;00:21;SM;1;;168;22;9;1993;ITA 90;4;ita V;;L:\AudioToscana\ita V\Audio 2 - Neve.wav;;;1
9953;93;OAI;;Specchi Riflessi;0;AUDIO 2;;;;;;;;O;I;;03:57;00:23;SS;1;;96;79;27;1993;ITA 90;;ita V;;L:\AudioToscana\ita V\Audio 2 - Specchi Riflessi.wav;;;1
9958;105;OAI;;Non Vendermi;0;BIAGIO ANTONACCI;;;;;;;;O;I;;04:09;00:03;SS;;;56;56;29;1998;ITA 90;;ita V;;L:\AudioToscana\ita V\Biagio Antonacci - Non Vendermi.wav;;;1
9959;5442;OAI;;L'impossibile;0;BIAGIO ANTONACCI;;;;;;;;O;I;;03:53;00:15;SS;;;57;57;34;2007;2007;;2007;;L:\AudioToscana\2007\Biagio Antonacci - L'impossibile.wav;;;1
9960;5873;OAI;;Lascia Stare;0;BIAGIO ANTONACCI;;;;;;;;O;I;;03:45;00:06;SF;;;46;46;29;2007;2007;;2007;;L:\AudioToscana\2007\Biagio Antonacci - Lascia stare.wav;;;1
9961;6675;OAI;;Coccinella;0;BIAGIO ANTONACCI;;;;;;;;O;I;;03:27;00:08;SS;;;46;46;31;2008;2008;;2008;;L:\AudioToscana\2008\Biagio Antonacci - Coccinella.wav;;;1
9965;7434;OAI;;Aprila;0;BIAGIO ANTONACCI;;;;;;;;O;I;;03:32;00:28;MM;;;53;53;36;2009;2009;;2009;;L:\AudioToscana\2009\biagio antonacci - aprila.wav;;;1
9966;101;OAI;;Le Cose Che Hai Amato Di Più;0;BIAGIO ANTONACCI;;;;;;;;O;I;;04:09;00:06;SS;;;48;48;30;2000;ITA 2000;;ita V;;L:\AudioToscana\ita V\Biagio Antonacci - Le Cose Che Hai Amato Di Piu.wav;;;1
9969;111;OAI;;Solo Due Parole;0;BIAGIO ANTONACCI;;;;;;;;O;I;;04:09;00:12;SS;;;46;46;31;2001;ITA 90;;ita V;;L:\AudioToscana\ita V\Biagio Antonacci - Solo Due Parole.wav;;;1
9972;99;OAI;;Lasciami Andare Via;0;BIAGIO ANTONACCI;;;;;;;;O;I;;03:59;00:21;FF;2;;60;46;21;1996;ITA 90;4;ita V;;L:\AudioToscana\ita V\Biagio Antonacci - Lasciami Andare Via.wav;;;1
9973;6403;OAI;;Fino All'amore;0;BIAGIO ANTONACCI;;;;;;;;O;I;;03:52;00:01;SS;;;50;50;24;1994;ITA 90;;ita V;;L:\AudioToscana\ita V\Biagio Antonacci - Fino All'amore.wav;;;1
9974;6404;OAI;;Cosl Presto No;0;BIAGIO ANTONACCI;;;;;;;;O;I;;04:36;00:17;SS;;;44;44;26;2007;ITA 90;;ita V;;L:\AudioToscana\ita V\Biagio Antonacci - Cosl Presto No.wav;;;1
9977;112;OAI;;Ti Ricordi Perchè;0;BIAGIO ANTONACCI;;;;;;;;O;I;;03:58;00:00;SS;1;;65;35;20;2000;ITA 2000;5;ita V;;L:\AudioToscana\ita V\Biagio Antonacci - Ti Ricordi Perchè.wav;;;1
9978;7272;OAI;;Il Cielo Ha Una Porta Sola;0;BIAGIO ANTONACCI;;;;;;;;O;I;;03:44;00:04;SS;;;40;40;21;2008;2008;;2008;;L:\AudioToscana\2008\biagio antonacci - il cielo ha una porta sola.wav;;;1
9981;2173;OAI;;Una Lacrima Sul Viso;0;BOBBY SOLO;;;;;;;;O;I;;02:55;00:10;SF;2;;51;20;9;1964;ITA 60;1;ita V;;L:\AudioToscana\ita V\Bobby Solo - Una lacrima sul viso.wav;;;1
9982;2174;OAI;;Ritornerai;0;BRUNO LAUZI;;;;;;;;O;I;;02:44;00:17;SM;;;96;60;12;1963;ITA 60;1;ita V;;L:\AudioToscana\ita V\Bruno Lauzi - Ritornerai.wav;;;1
9983;4667;OAI;;Amore Caro, Amore Bello;0;BRUNO LAUZI;;;;;;;;O;I;;03:02;00:01;SS;;;113;60;12;1971;ITA 70;;ita V;;L:\AudioToscana\ita V\Bruno Lauzi - Amore Caro, Amore Bello.wav;;;1
9991;11177;OAI;;Al Telefono;0;CESARE CREMONINI;;;;;;;;O;I;;03:57;00:03;SM;1;;86;50;23;2019;2019;6;2019;;L:\AudioToscana\2019\Cesare Cremonini - Al telefono.wav;;;1
9995;4848;OAI;;Le Sei E Ventisei;0;CESARE CREMONINI;;;;;;;;O;I;;04:28;00:07;SS;;;77;77;24;2008;2008;;2008;;L:\AudioToscana\2008\Cesare Cremonini - Le Sei e Ventisei.wav;;;1
9997;4646;OAI;;Buonasera Dottore;0;CLAUDIA MORI;;;;;;;;O;I;;03:12;00:29;SM;;;122;122;21;2006;ITA 70;;ita V;;L:\AudioToscana\ita V\Claudia Mori - Buonasera Dottore.wav;;;1
9999;128;OAI;;Amori In Corso;0;CLAUDIO BAGLIONI;;;;;;;;O;I;;04:51;00:23;SF;;;39;39;30;1985;ITA 80;;ita V;;L:\AudioToscana\ita V\Claudio Baglioni - Amori in corso.wav;;;1
10001;169;OAI;;Vivi;0;CLAUDIO BAGLIONI;;;;;;;;O;I;;03:26;00:16;SM;;;42;42;24;1990;ITA 90;;ita V;;L:\AudioToscana\ita V\Claudio Baglioni - Vivi.wav;;;1
10002;149;OAI;;Notte Di Note Note Di Notte;0;CLAUDIO BAGLIONI;;;;;;;;O;I;;04:41;00:21;MS;;;41;41;27;1985;ITA 80;;ita V;;L:\AudioToscana\ita V\Claudio Baglioni - Notte di note note di notte.wav;;;1
10004;6752;OAI;;Tienimi Con Te;0;CLAUDIO BAGLIONI;;;;;;;;O;I;;05:40;00:33;SS;;;38;38;31;2003;ITA 2000;;ita V;;L:\AudioToscana\ita V\Claudio Baglioni - Tienimi Con Te.wav;;;1
10006;129;OAI;;Chissà Se Mi Pensi;0;CLAUDIO BAGLIONI;;;;;;;;O;I;;03:44;00:11;SS;;;34;15;17;1974;ITA 70;;ita V;;L:\AudioToscana\ita V\Claudio Baglioni - Chissà se mi pensi.wav;;;1
10007;167;OAI;;Una Favola Blu;0;CLAUDIO BAGLIONI;;;;;;;;O;I;;02:55;00:10;SS;;;30;30;24;1970;ITA 70;;ita V;;L:\AudioToscana\ita V\Claudio Baglioni - Una Favola Blu.wav;;;1
10008;152;OAI;;Poster;0;CLAUDIO BAGLIONI;;L;;;;;;O;I;;04:59;00:00;SS;1;;26;9;18;1975;ITA 70;2;ita V;;L:\AudioToscana\ita V\Claudio Baglioni - Poster.wav;;;1
10010;163;OAI;;Ti Amo Ancora;0;CLAUDIO BAGLIONI;;;;;;;;O;I;;03:40;00:00;SM;;;32;16;13;1978;ITA 70;;ita V;;L:\AudioToscana\ita V\Claudio Baglioni - Ti amo ancora.wav;;;1
10012;137;OAI;;Fotografie;0;CLAUDIO BAGLIONI;;;;;;;;O;I;;04:17;00:15;MF;3;;67;19;26;1981;ITA 80;3;ita V;;L:\AudioToscana\ita V\Claudio Baglioni - Fotografie.wav;;;1
10013;153;OAI;;Quante Volte;0;CLAUDIO BAGLIONI;;;;;;;;O;I;;03:53;00:20;SM;;;38;38;17;2005;ITA 70;;ita V;;L:\AudioToscana\ita V\Claudio Baglioni - Quante volte.wav;;;1
10015;143;OAI;;L'amico E Domani;0;CLAUDIO BAGLIONI;;;;;;;;O;I;;03:39;00:18;MS;;;38;38;21;1985;ITA 80;;ita V;;L:\AudioToscana\ita V\Claudio Baglioni - L'amico e domani.wav;;;1
10018;164;OAI;;Tutto Il Calcio Minuto Per Minuto;0;CLAUDIO BAGLIONI;;;;;;;;O;I;;04:55;00:39;SM;;;34;34;23;1985;ITA 80;;ita V;;L:\AudioToscana\ita V\Claudio Baglioni - Tutto il calcio minuto per minuto.wav;;;1
10021;130;OAI;;Con Te;0;CLAUDIO BAGLIONI;;;;;;;;O;I;;03:36;00:21;SF;;;17;7;23;1978;ITA 70;;ita V;;L:\AudioToscana\ita V\Claudio Baglioni - Con te.wav;;;1
10023;139;OAI;;Giorni Di Neve;0;CLAUDIO BAGLIONI;;;;;;;;O;I;;03:09;00:10;SS;;;36;36;27;1978;ITA 70;;ita V;;L:\AudioToscana\ita V\Claudio Baglioni - Giorni di neve.wav;;;1
10024;145;OAI;;Mai Più Come Te;0;CLAUDIO BAGLIONI;;;;;;;;O;I;;05:32;00:13;SS;;;44;44;25;2003;ITA 2000;;ita V;;L:\AudioToscana\ita V\Claudio Baglioni - Mai Più Come Te.wav;;;1
10025;157;OAI;;Ragazze Dell'est;0;CLAUDIO BAGLIONI;;;;;;;;O;I;;04:33;00:35;SS;;;48;48;34;1981;ITA 80;;ita V;;L:\AudioToscana\ita V\Claudio Baglioni - Ragazze Dell'Est.wav;;;1
10028;154;OAI;;Quanto Ti Voglio;0;CLAUDIO BAGLIONI;;L;;;;;;O;I;;02:55;00:00;SS;;;31;13;27;1972;ITA 70;;ita V;;L:\AudioToscana\ita V\Claudio Baglioni - Quanto ti voglio.wav;;;1
10029;131;OAI;;Con Tutto L'amore Che Posso;0;CLAUDIO BAGLIONI;;;;;;;;O;I;;03:22;00:37;SS;;;36;21;32;1972;ITA 70;;ita V;;L:\AudioToscana\ita V\Claudio Baglioni - Con tutto l'amore che posso.wav;;;1
10030;4629;OAI;;Tu Mi Rubi L'anima;0;COLLAGE;;;;;;;;O;I;;03:37;00:15;SS;1;;67;23;9;1996;ITA 70;;ita V;;L:\AudioToscana\ita V\Collage - Tu mi rubi l'anima.wav;;;1
10031;4495;OAI;;Un Giorno Nuovo;0;CRISTIANO DE ANDRE';;;;;;;;O;I;;04:34;00:13;SM;;;109;109;23;2003;ITA 2000;;ita V;;L:\AudioToscana\ita V\Cristiano De Andre - Un Giorno Nuovo.wav;;;1
10033;4620;OAI;;Un'altra Donna;0;CUGINI DI CAMPAGNA;B;;;;;;;O;I;;03:10;00:24;SM;;;91;21;8;1974;ITA 70;;ita V;;L:\AudioToscana\ita V\Cugini di campagna - Un' Altra Donna.wav;;;1
10035;171;OAI;;Sei Un Miracolo;0;DANIELE GROFF;;;;;;;;O;I;;03:27;00:31;FS;;;113;113;18;2004;ITA 2000;;ita V;;L:\AudioToscana\ita V\Daniele Groff - Sei Un Miracolo.wav;;;1
10036;4382;OAI;;Everyday;0;DANIELE GROFF;;;;;;;;O;I;;03:45;00:17;MS;;;102;102;23;1999;ITA 90;;ita V;;L:\AudioToscana\ita V\Daniele Groff - Every Day.wav;;;1
10037;2976;OAI;;Occhi Da Orientale;0;DANIELE SILVESTRI;;;;;;;;O;I;;03:42;00:23;MM;;;102;102;21;2000;ITA 2000;;ita V;;L:\AudioToscana\ita V\Daniele Silvestri - Occhi da Orientale.wav;;;1
10043;178;OAI;;Solo Baci;0;DIROTTA SU CUBA;;;;;;;;O;I;;04:26;00:00;FF;;;122;122;20;1994;ITA 90;;ita V;;L:\AudioToscana\ita V\Dirotta Su Cuba - Solo Baci.wav;;;1
10044;8275;OAI;;L'amore È Un Gioco;0;DOLCENERA;;;;;;;;O;I;;03:51;00:18;MM;;;106;106;23;2011;2011;;2011;;L:\AudioToscana\2011\Dolcenera - L'amore è un gioco.wav;;;1
10045;5338;OAI;;Mai Più Noi Due;0;DOLCENERA;;;;;;;;O;I;;03:27;00:01;SS;;;105;105;22;2006;ITA 2000;;ita V;;L:\AudioToscana\ita V\Dolcenera - Mai più noi due.wav;;;1
10046;4711;OAI;;Un Sogno Di Liberta';0;DOLCENERA;;;;;;;;O;I;;03:17;00:09;MM;;;111;111;24;2012;2012;;2012;;L:\AudioToscana\2012\Dolcenera - UN SOGNO DI LIBERTA'.wav;;;1
10047;2639;OAI;;Com'è Straordinaria La Vita;0;DOLCENERA;;;;;;;;O;I;;03:44;00:00;SS;1;;109;84;24;2006;SANREMO 2006;5;2006;;L:\AudioToscana\2006\Dolcenera - Com'è straordinaria la vita.wav;;;1
10052;6101;OAI;;La Fata;0;EDOARDO BENNATO;;;;;;;;O;I;;04:02;00:10;SS;;;89;89;30;1977;ITA 70;;ita V;;L:\AudioToscana\ita V\Edoardo Bennato - La Fata.wav;;;1
10054;6358;OAI;;Fantasia;0;EDOARDO BENNATO;;;;;;;;O;I;;04:06;00:14;SS;;;83;83;28;2007;ITA 90;;ita V;;L:\AudioToscana\ita V\Edoardo Bennato - Fantasia.wav;;;1
10058;4133;OAI;;Le Ragazze Fanno Grandi Sogni;0;EDOARDO BENNATO;;;;;;;;O;I;;03:10;00:25;SM;2;;97;72;24;1995;ITA 90;4;ita V;;L:\AudioToscana\ita V\Edoardo Bennato - Le Ragazze Fanno Grandi Sogni - Edoardo Bennato.wav;;;1
10062;10300;OAI;;Ogni Istante;0;ELISA;;;;;;;;O;I;;03:42;00:06;SM;;;74;74;29;2017;2017;;2017;;L:\AudioToscana\2017\Elisa - Ogni istante.wav;;;1
10064;6314;OAI;;Qualcosa Che Non C'è;0;ELISA;;;;;;;;O;I;;04:09;00:14;SS;;;75;75;30;2007;2007;;2007;;L:\AudioToscana\2007\Elisa - Qualcosa che non c'è.wav;;;1
10066;2105;OAI;;Almeno Tu Nell'universo;0;ELISA;;L;;;;;;O;I;;03:55;00:02;SS;1;;77;35;26;2006;ITA 2000;5;ita V;;L:\AudioToscana\ita V\Elisa - Almeno Tu Nell'universo.wav;;;1
10068;8281;OAI;;Sarò Libera;0;EMMA;;;;;;;;O;I;;03:18;00:14;SS;;;102;102;25;2011;2011;;2011;;L:\AudioToscana\2011\Emma - Sarò Libera.wav;;;1
10069;7004;OAI;;Calore;0;EMMA;;;;;;;;O;I;;03:20;00:01;SS;;;100;100;25;2010;2010;;2010;;L:\AudioToscana\2010\Emma - Calore.wav;;;1
10070;10356;OAI;;L'amore è;0;ENRICO NIGIOTTI;;;;;;;;O;I;;03:40;00:10;MS;;;112;112;22;2017;2017;;2017;;L:\AudioToscana\2017\Enrico Nigiotti - Lamore e.wav;;;1
10071;2337;OAI;;Il Momento Della Verità;0;ENRICO RUGGERI;;;;;;;;O;I;;03:59;00:15;SM;;;91;91;29;1996;ITA 90;;ita V;;L:\AudioToscana\ita V\Enrico Ruggeri - Il momento della verità.wav;;;1
10072;1133;OAI;;Non E Piu La Sera;0;ENRICO RUGGERI;;;;;;;;O;I;;03:45;00:08;MM;;;96;96;27;1986;ITA 80;;ita V;;L:\AudioToscana\ita V\Ruggeri Enrico - Non E Piu La Sera.wav;;;1
10074;7339;OAI;;La Giostra Della Memoria;0;ENRICO RUGGERI;;;;;;;;O;I;;03:43;00:14;SS;;;94;94;25;1993;ITA 90;;ita V;;L:\AudioToscana\ita V\Enrico Ruggeri - La Giostra Della Memoria.wav;;;1
10076;948;OAI;;Neve Al Sole;0;ENRICO RUGGERI;;;;;;;;O;I;;04:42;00:15;SS;;;93;93;31;1996;ITA 90;;ita V;;L:\AudioToscana\ita V\Enrico Ruggeri - Neve al sole.wav;;;1
10078;944;OAI;;Giorni Randagi;0;ENRICO RUGGERI;;;;;;;;O;I;;04:00;00:12;MM;;;93;93;27;1988;ITA 80;;ita V;;L:\AudioToscana\ita V\Enrico Ruggeri - Giorni randagi.wav;;;1
10079;953;OAI;;Rien Ne Va Plus;0;ENRICO RUGGERI;;;;;;;;O;I;;04:01;00:00;SS;;;91;91;26;1986;ITA 80;;ita V;;L:\AudioToscana\ita V\Enrico Ruggeri - Rien Ne Va Plus.wav;;;1
10082;205;OAI;;Un Angelo Blu;1;EQUIPE 84;;;;;;;;O;I;;02:49;00:24;SS;;;97;37;13;1968;ITA 60;;ita V;;L:\AudioToscana\ita V\Equipe 84 - Un Angelo Blu.wav;;;1
10088;5297;OAI;;Sta Passando Novembre;0;EROS RAMAZZOTTI;;;;;;;;O;I;;04:02;00:00;SS;;;27;27;40;2005;2006;;2006;;L:\AudioToscana\2006\Eros Ramazzotti - Sta passando novembre.wav;;;1
10093;7800;OAI;;Controvento;0;EROS RAMAZZOTTI;;;;;;;;O;I;;03:40;00:15;MS;;;18;18;16;2009;2009;;2009;;L:\AudioToscana\2009\Eros Ramazzotti - Controvento.wav;;;1
10097;968;OAI;;Occhi Di Speranza;0;EROS RAMAZZOTTI;;;;;;;;O;I;;03:11;00:16;SS;;;27;27;25;1987;ITA 80;;ita V;;L:\AudioToscana\ita V\Eros Ramazzotti - Occhi Di Speranza.wav;;;1
10099;6324;OAI;;Amore Contro;0;EROS RAMAZZOTTI;;;;;;;;O;I;;04:16;00:16;SS;;;32;32;20;1989;ITA 90;;ita V;;L:\AudioToscana\ita V\Eros Ramazzotti - Amore contro.wav;;;1
10101;6483;OAI;;Il Tempo Tra Di Noi;0;EROS RAMAZZOTTI;;;;;;;;O;I;;04:16;00:16;SS;;;17;17;50;2007;2007;;2007;;L:\AudioToscana\2007\erosramazzotti - il tempo tra di noi.mp3;;;1
10104;971;OAI;;Più Che Puoi;0;EROS RAMAZZOTTI;;;;;;;;O;I;;04:01;00:18;SS;;;19;19;28;2000;ITA 2000;;ita V;;L:\AudioToscana\ita V\Eros Ramazzotti - Più che puoi.wav;;;1
10108;5484;OAI;;Solo Ieri;0;EROS RAMAZZOTTI;;;;;;;;O;I;;03:59;00:06;SS;;;28;28;28;2003;ITA 2000;;ita V;;L:\AudioToscana\ita V\Eros Ramazzotti - Solo Ieri.wav;;;1
10110;6496;OAI;;Musica E';0;EROS RAMAZZOTTI;;;;;;;;O;I;;06:26;00:48;SS;;;26;26;20;1988;ITA 80;;ita V;;L:\AudioToscana\ita V\Eros Ramazzotti - Musica e'.wav;;;1
10111;5703;OAI;;Ti Vorrei Rivivere;0;EROS RAMAZZOTTI;;;;;;;;O;I;;04:01;00:14;MM;;;32;32;21;2003;ITA 2000;;ita V;;L:\AudioToscana\ita V\Eros Ramazzotti - Ti Vorrei Rivivere.wav;;;1
10112;7199;OAI;;Solo Un Volo;0;"EROS RAMAZZOTTI E ORNELLA VANONI; EROS RAMAZZOTTI; ORNELLA VANONI";;;;;;;;O;I;;03:58;00:07;SS;;;14;14;22;2008;2008;;2008;;L:\AudioToscana\2008\eros ramazzotti - solo un volo (con Ornella Vanoni).wav;;;1
10115;212;OAI;;Le Ragazze Di Osaka;0;EUGENIO FINARDI;;;;;;;;O;I;;04:01;00:16;SM;1;;110;49;16;1983;ITA 80;3;ita V;;L:\AudioToscana\ita V\Eugenio Finardi - Le ragazze di Osaka.wav;;;1
10116;210;OAI;;La Forza Dell'amore;0;EUGENIO FINARDI;;;;;;;;O;I;;03:50;00:19;MF;2;;104;78;25;2005;ITA 90;4;ita V;;L:\AudioToscana\ita V\Eugenio Finardi - La forza dell'amore.wav;;;1
10117;207;OAI;;Amore Diverso;0;EUGENIO FINARDI;;;;;;;;O;I;;04:20;00:32;SS;;;97;97;26;1983;ITA 80;;ita V;;L:\AudioToscana\ita V\Eugenio Finardi - Amore diverso.wav;;;1
10118;10977;OAI;;Solo Una Canzone;0;EX OTAGO;;;;;;;;O;I;;03:37;00:00;MM;;;115;115;22;2019;SANREMO 2019;;SANREMO;;L:\AudioToscana\2019\SANREMO\Ex otago - Solo una canzone.wav;;;1
10120;219;OAI;;E' Festa;0;FABIO CONCATO;;;;;;;;O;I;;03:01;00:23;SF;;;84;84;29;2005;ITA 90;;ita V;;L:\AudioToscana\ita V\Fabio Concato - E' festa.wav;;;1
10121;627;OAI;;Ritrovarti Qui;0;FABIO CONCATO;;;;;;;;O;I;;03:30;00:21;MF;;;89;89;31;1998;ITA 90;;ita V;;L:\AudioToscana\ita V\Fabio Concato - Ritrovarti qui.wav;;;1
10122;590;OAI;;Buona Notte A Te;0;FABIO CONCATO;;;;;;;;O;I;;03:58;00:16;SS;;;88;88;28;2005;ITA 90;;ita V;;L:\AudioToscana\ita V\Fabio Concato - Buona notte a te.wav;;;1
10126;231;OAI;;Troppo Vento;0;FABIO CONCATO;;;;;;;;O;I;;03:38;00:21;SS;;;88;88;32;1993;ITA 90;;ita V;;L:\AudioToscana\ita V\Fabio Concato - Troppo Vento.wav;;;1
10127;230;OAI;;Tornando A Casa;0;FABIO CONCATO;;;;;;;;O;I;;03:29;00:12;SS;;;87;87;31;1986;ITA 80;;ita V;;L:\AudioToscana\ita V\Fabio Concato - Tornando a casa.wav;;;1
10128;227;OAI;;Speriamo Che Piova;0;FABIO CONCATO;;;;;;;;O;I;;03:34;00:16;SF;;;87;87;34;1990;ITA 80;;ita V;;L:\AudioToscana\ita V\Fabio Concato - Speriamo che piova.wav;;;1
10130;221;OAI;;Il Caffettino Caldo;0;FABIO CONCATO;;;;;;;;O;I;;04:26;00:15;SS;;;81;81;27;1992;ITA 90;;ita V;;L:\AudioToscana\ita V\Fabio Concato - Il caffettino caldo.wav;;;1
10132;1308;OAI;;Eppure Mi Hai Cambiato La Vita;0;FABRIZIO MORO;;;;;;;;O;I;;03:16;00:00;SS;;;119;119;15;2008;SANREMO 2008;;2008;;L:\AudioToscana\2008\Fabrizio Moro - Eppure mi hai cambiato la vita.wav;;;1
10136;5585;OAI;;Metti In Circolo Il Tuo Amore;0;FIORELLA MANNOIA;;;;;;;;O;I;;03:57;00:10;MM;;;33;33;26;2006;ITA 2000;;ita V;;L:\AudioToscana\ita V\Fiorella Mannoia - Metti In Circolo Il Tuo Amore.wav;;;1
10138;6125;OAI;;Io Che Amo Solo Te;0;FIORELLA MANNOIA;;;;;;;;O;I;;03:55;00:17;SS;1;;79;51;27;2008;2008;5;2008;;L:\AudioToscana\2008\FIORELLA MANNOIA - Io Che Amo Solo Te.wav;;;1
10139;8862;OAI;;Combattente;0;FIORELLA MANNOIA;;;;;;;;O;I;;02:59;00:06;SM;;;55;55;33;2016;2016;;2016;;L:\AudioToscana\2016\Fiorella Mannoia - Combattente.wav;;;1
10140;7042;OAI;;Io Posso Dire La Mia Sugli Uomini;0;FIORELLA MANNOIA;;;;;;;;O;I;;03:51;00:07;SM;;;64;64;32;2008;2008;;2008;;L:\AudioToscana\2008\fiorella mannoia - io posso dire la mia sugli uomini.wav;;;1
10141;5681;OAI;;Come Mi Vuoi;0;FIORELLA MANNOIA;;;;;;;;O;I;;03:22;00:13;SS;;;50;50;28;2001;ITA 2000;;ita V;;L:\AudioToscana\ita V\Fiorella Mannoia - Come Mi Vuoi.wav;;;1
10142;248;OAI;;Sorvolando Eilat;0;FIORELLA MANNOIA;;;;;;;;O;I;;03:20;00:21;MM;;;59;48;34;2005;ITA 80;;ita V;;L:\AudioToscana\ita V\Fiorella Mannoia - Sorvolando Eilat.wav;;;1
10143;4874;OAI;;I Treni A Vapore;0;FIORELLA MANNOIA;;;;;;;;O;I;;05:19;00:37;SS;;;55;36;19;1991;ITA 90;;ita V;;L:\AudioToscana\ita V\Fiorella Mannoia - I treni a vapore.wav;;;1
10145;4842;OAI;;L'amore Con L'amore Si Paga;0;FIORELLA MANNOIA;;;;;;;;O;I;;04:27;00:15;SM;;;50;50;24;2006;ITA 90;;ita V;;L:\AudioToscana\ita V\Fiorella Mannoia - L'amore con l'amore si paga.wav;;;1
10146;237;OAI;;Fragile;0;FIORELLA MANNOIA;;;;;;;;O;I;;05:12;00:23;MF;;;50;50;34;2001;ITA 2000;;ita V;;L:\AudioToscana\ita V\Fiorella Mannoia - Fragile.wav;;;1
10147;241;OAI;;L'altra Madre;0;FIORELLA MANNOIA;;;;;;;;O;I;;03:52;00:43;MF;;;63;63;23;1994;ITA 90;;ita V;;L:\AudioToscana\ita V\Fiorella Mannoia - L'Altra Madre.wav;;;1
10148;982;OAI;;Torneranno Gli Angeli;0;FIORELLA MANNOIA;N;;;;;;;O;I;;03:12;00:15;MF;2;;87;8;10;1984;ITA 80;3;ita V;;L:\AudioToscana\ita V\Fiorella Mannoia - Torneranno Gli Angeli - .wav;;;1
10149;243;OAI;;Momento Delicato;0;FIORELLA MANNOIA;N;;;;;;;O;I;;04:08;00:11;SS;2;;99;9;16;1985;ITA 80;3;ita V;;L:\AudioToscana\ita V\Fiorella Mannoia - Momento delicato.wav;;;1
10152;4355;OAI;;Perfetti Sconosciuti;0;FIORELLA MANNOIA;;;;;;;;O;I;;03:25;00:07;SS;;;63;63;25;2016;2016;;2016;;L:\AudioToscana\2016\FIORELLA MANNOIA - PERFETTI SCONOSCIUTI.wav;;;1
10154;233;OAI;;Belle Speranze;0;FIORELLA MANNOIA;;;;;;;;O;I;;04:03;00:39;SF;;;56;56;30;1998;ITA 90;;ita V;;L:\AudioToscana\ita V\Fiorella Mannoia - Belle speranze.wav;;;1
10156;2975;OAI;;Sally;0;FIORELLA MANNOIA;;;;;;;;O;I;;04:38;00:40;SS;;;40;40;30;2009;ITA 90;;ita V;;L:\AudioToscana\ita V\Fiorella Mannoia - Sally.wav;;;1
10157;6321;OAI;;La Vita Che Vuoi;0;FIORELLA MANNOIA;;;;;;;;O;I;;04:23;00:16;SS;;;55;55;28;1988;ITA 80;;ita V;;L:\AudioToscana\ita V\Fiorella Mannoia - La vita che vuoi.wav;;;1
10171;4639;OAI;;Cirano;0;FRANCESCO GUCCINI;;;;;;;;;I;;06:00;00:13;SS;;;38;2;;1996;ITA 90;;ita V;;L:\AudioToscana\ita V\Francesco Guccini - Cirano.wav;;;1
10177;6257;OAI;;Ferro E Cartone;0;FRANCESCO RENGA;;;;;;;;O;I;;03:49;00:14;SS;2;;105;68;27;2007;2007;5;2007;;L:\AudioToscana\2007\Francesco Renga - Ferro e cartone.wav;;;1
10178;1300;OAI;;Dimmi;0;FRANCESCO RENGA;;;;;;;;O;I;;03:33;00:12;SM;;;81;81;29;2008;2008;;2008;;L:\AudioToscana\2008\Francesco Renga - Dimmi.wav;;;1
10179;8082;OAI;;Non Si Può Morire Dentro (feat. Marta Sanchez);0;FRANCESCO RENGA;;;;;;;;O;I;;04:04;00:08;SS;;;80;80;26;2011;2009;;2009;;L:\AudioToscana\2009\Francesco Renga - Non si può morire dentro.wav;;;1
10180;4971;OAI;;Segreti;0;FRANCESCO RENGA;;;;;;;;O;I;;03:48;00:12;SS;;;76;76;31;2002;ITA 2000;;ita V;;L:\AudioToscana\ita V\Francesco Renga - Segreti.wav;;;1
10182;2111;OAI;;Un'ora In Più;0;FRANCESCO RENGA;;;;;;;;O;I;;03:52;00:06;SS;1;;101;73;30;2004;ITA 2000;5;ita V;;L:\AudioToscana\2005\Francesco Renga - Un'Ora In Più.wav;;;1
10183;8083;OAI;;Se Perdo Te;0;"FRANCESCO RENGA; PATTY PRAVO";;;;;;;;O;I;;03:02;00:15;SS;;;37;31;35;2011;2009;;2009;;L:\AudioToscana\2009\Francesco Renga - Se perdo te.wav;;;1
10185;7485;OAI;;Uomo Senza Età;0;FRANCESCO RENGA;;;;;;;;O;I;;03:03;00:06;SS;;;79;79;28;2009;SANREMO 2009;;2009;;L:\AudioToscana\2009\Francesco Renga - Uomo Senza Età.wav;;;1
10186;7399;OAI;;Migliore;0;FRANCESCO RENGA;;;;;;;;O;I;;02:45;00:04;SS;;;77;77;24;2016;2016;;2016;;L:\AudioToscana\2016\FRANCESCO RENGA - MIGLIORE.wav;;;1
10190;6318;OAI;;Amore Che Vieni, Amore Che Vai;0;"FRANCO BATTIATO; FABRIZIO DE ANDRE'";;;;;;;;O;I;;02:26;00:07;SS;;;73;39;19;1999;ITA 90;;ita V;;L:\AudioToscana\ita V\Franco Battiato - Amore Che Vieni, Amore Che Vai.wav;;;1
10195;273;OAI;;Gli Uccelli;0;FRANCO BATTIATO;;;;;;;;O;I;;02:44;00:57;SF;;;94;94;31;1981;ITA 80;;ita V;;L:\AudioToscana\ita V\Franco Battiato - Gli Uccelli.wav;;;1
10196;275;OAI;;Impressioni Di Settembre;0;"FRANCO BATTIATO; PFM";;;;;;;;O;I;;03:13;00:07;SF;;;81;81;27;2002;ITA 2000;;ita V;;L:\AudioToscana\ita V\Franco Battiato - Impressioni Di Settembre.wav;;;1
10197;7564;OAI;;E Piu' Ti Amo;0;FRANCO BATTIATO;;;;;;;;O;I;;03:01;00:03;SS;;;92;92;31;2009;2009;;2009;;L:\AudioToscana\2009\Franco Battiato - E PIU' TI AMO.wav;;;1
10198;7271;OAI;;Tutto L'universo Obbedisce All'amore;0;"FRANCO BATTIATO - CARMEN CONSOLI; FRANCO BATTIATO; CARMEN CONSOLI";;;;;;;;O;I;;03:22;00:09;SS;;;68;68;31;2008;2008;;2008;;L:\AudioToscana\2008\Franco Battiato - Tutto L'Universo Obbedisce All'Amore.wav;;;1
10200;6267;OAI;;Respiro;0;FRANCO SIMONE;;;;;;;;O;I;;03:03;00:11;SS;;;78;20;9;2007;ITA 70;;ita V;;L:\AudioToscana\ita V\Franco Simone - Respiro.wav;;;1
10201;4566;OAI;;Tu E Così Sia;0;FRANCO SIMONE;;;;;;;;O;I;;03:34;00:16;SS;;;77;23;8;1976;ITA 70;;ita V;;L:\AudioToscana\ita V\Franco Simone - Tu e così via.wav;;;1
10202;2217;OAI;;Una Rotonda Sul Mare;0;FRED BONGUSTO;;;;;;;;O;I;;02:47;00:02;SM;;;83;48;10;1963;ITA 60;1;ita V;;L:\AudioToscana\ita V\Fred Buongusto - Una Rotonda Sul Mare.wav;;;1
10203;5337;OAI;;Abita In Te;0;GATTO PANCERI;;;;;;;;O;I;;04:23;00:22;MS;;;95;95;25;1994;ITA 90;;ita V;;L:\AudioToscana\ita V\Gatto Panceri - Abita In Te.wav;;;1
10206;5919;OAI;;Sdraiati Dentro Di Me;0;GATTO PANCERI;;;;;;;;O;I;;03:13;00:10;SS;;;101;101;25;2007;ITA 2000;;ita V;;L:\AudioToscana\ita V\Gatto Panceri - Sdraiati Dentro Di Me.wav;;;1
10210;2665;OAI;;Liberi Di Sognare;0;GIANLUCA GRIGNANI;;;;;;;;O;I;;03:49;00:19;MM;;;82;82;34;2005;SANREMO 2006;;2006;;L:\AudioToscana\2006\gianluca grignani - liberi di sognare.wav;;;1
10212;296;OAI;;Uguali E Diversi;0;GIANLUCA GRIGNANI;;;;;;;;O;I;;04:18;00:13;SM;2;;84;60;24;2002;ITA 2000;5;ita V;;L:\AudioToscana\ita V\Gianluca Grignani - Uguali e Diversi.wav;;;1
10215;294;OAI;;Lacrime Dalla Luna;0;GIANLUCA GRIGNANI;;;;;;;;O;I;;03:23;00:09;SM;;;92;92;27;2002;ITA 2000;;ita V;;L:\AudioToscana\ita V\Gianluca Grignani - Lacrime Dalla Luna.wav;;;1
10217;5934;OAI;;Le Mie Parole;0;GIANLUCA GRIGNANI;;;;;;;;O;I;;04:43;00:07;SS;;;83;83;28;2000;ITA 2000;;ita V;;L:\AudioToscana\ita V\Gianluca Grignani - Le Mie Parole.wav;;;1
10220;4484;OAI;;Attimo;0;GIANNA NANNINI;;;;;;;;O;I;;03:50;00:06;MS;;;75;75;27;2009;2009;;2009;;L:\AudioToscana\2009\gianna nannini - attimo.wav;;;1
10221;5682;OAI;;Meravigliosa Creatura (slow Version);0;GIANNA NANNINI;;;;;;;;O;I;;02:33;00:13;SS;;;79;79;34;1995;2007;;ita V;;L:\AudioToscana\ita V\Gianna Nannini - Meravigliosa creatura (slow version).wav;;;1
10224;302;OAI;;Io Senza Te;0;GIANNA NANNINI;;;;;;;;O;I;;03:47;00:12;SS;;;65;65;28;1993;ITA 90;;ita V;;L:\AudioToscana\ita V\Gianna Nannini - Io Senza Te.wav;;;1
10227;305;OAI;;Notti Senza Cuore;0;GIANNA NANNINI;;;;;;;;O;I;;03:49;00:22;SS;;;76;76;30;2005;ITA 90;;ita V;;L:\AudioToscana\ita V\Gianna Nannini - Notti Senza Cuore.wav;;;1
10229;6310;OAI;;Aria;0;GIANNA NANNINI;;;;;;;;O;I;;03:29;00:00;SS;;;77;77;26;2002;ITA 2000;;ita V;;L:\AudioToscana\ita V\Gianna Nannini - Aria.wav;;;1
10233;307;OAI;;Ragazzo Dell' Europa;0;GIANNA NANNINI;N;;;;;;;O;I;;03:21;00:14;SS;2;;71;8;8;1982;ITA 80;3;ita V;;L:\AudioToscana\ita V\Gianna Nannini - Ragazzo Dell' Europa.wav;;;1
10234;11210;OAI;;Motivo;0;"GIANNA NANNINI FEAT. COEZ; GIANNA NANNINI; COEZ";;;;;;;;O;I;;03:05;00:16;MM;;;67;67;21;2020;2020;;2020;;L:\AudioToscana\2020\Gianna Nannini feat. Coez - Motivo.wav;;;1
10236;4555;OAI;;Sei;0;GIANNI BELLA;;;;;;;;O;I;;04:13;00:15;SS;;;110;110;24;1998;ITA 70;;ita V;;L:\AudioToscana\ita V\gianni bella - Sei.wav;;;1
10237;327;OAI;;Scende La Pioggia;0;GIANNI MORANDI;;;;;;;;O;I;;02:24;00:05;FF;2;;34;15;11;1968;ITA 60;1;ita V;;L:\AudioToscana\ita V\Gianni Morandi - Scende La Pioggia.wav;;;1
10238;330;OAI;;Un Mondo D'amore;0;GIANNI MORANDI;;;;;;;;O;I;;02:24;00:13;SF;2;;106;15;17;0;ITA 60;1;ita V;;L:\AudioToscana\ita V\Gianni Morandi - Un Mondo D'amore.wav;;;1
10239;7411;OAI;;Solo Insieme Saremo Felici;0;GIANNI MORANDI;;;;;;;;O;I;;03:34;00:06;SS;;;91;91;26;2013;2013;;2013;;L:\AudioToscana\2013\GIANNI MORANDI - Solo insieme saremo felici.wav;;;1
10240;6133;OAI;;Se Perdo Anche Te;0;GIANNI MORANDI;;;;;;;;O;I;;02:21;00:07;MM;;;34;11;14;1966;ITA 60;1;ita V;;L:\AudioToscana\ita V\Gianni Morandi - Se Perdo Anche Te.wav;;;1
10241;6135;OAI;;Fino Alla Fine Del Mondo;0;GIANNI MORANDI;;;;;;;;O;I;;04:07;00:25;SS;;;90;90;31;1995;ITA 90;;ita V;;L:\AudioToscana\ita V\Gianni Morandi - Fino alla fine del mondo.wav;;;1
10242;5677;OAI;;Forse Non Ci Lasceremo Mai;0;GIANNI MORANDI;;;;;;;;O;I;;03:38;00:14;SM;;;83;83;29;1997;ITA 90;;ita V;;L:\AudioToscana\ita V\Gianni Morandi - Forse Non Ci Lasceremo Mai.wav;;;1
10243;322;OAI;;La Mia Nemica Amatissima;0;GIANNI MORANDI;;;;;;;;O;I;;03:11;00:09;MF;;;52;19;22;1983;ITA 80;;ita V;;L:\AudioToscana\ita V\Gianni Morandi - La mia nemica amatissima.wav;;;1
10245;326;OAI;;Notte Di Ferragosto;0;GIANNI MORANDI;;;;;;;;O;I;;02:24;00:15;SF;;;89;89;25;1994;ITA 60;;ita V;;L:\AudioToscana\ita V\Gianni Morandi - Notte Di Ferragosto.wav;;;1
10246;5314;OAI;;Il Tempo Migliore;0;GIANNI MORANDI;;;;;;;;O;I;;03:36;00:01;MM;;;80;80;28;1999;2006;;2006;;L:\AudioToscana\2006\Gianni Morandi - Il tempo migliore.wav;;;1
10247;320;OAI;;In Ginocchio Da Te;0;GIANNI MORANDI;;;;;;;;O;I;;02:59;00:10;SF;2;;76;12;20;1964;ITA 60;1;ita V;;L:\AudioToscana\ita V\Gianni Morandi - In Ginocchio Da Te.wav;;;1
10250;2224;OAI;;Occhi Di Ragazza;0;GIANNI MORANDI;;;;;;;;O;I;;02:42;00:11;SS;;;26;12;14;1970;ITA 60;1;ita V;;L:\AudioToscana\ita V\Gianni Morandi - Occhi di ragazza.wav;;;1
10251;332;OAI;;Varietà;0;GIANNI MORANDI;;;;;;;;O;I;;03:35;00:15;FF;;;80;73;18;1989;ITA 90;;ita V;;L:\AudioToscana\ita V\Gianni Morandi - Varietà.wav;;;1
10253;995;OAI;;Per Noi Innamorati;0;GIANNI TOGNI;;;;;;;;O;I;;03:33;00:07;SF;;;107;107;23;1996;ITA 80;;ita V;;L:\AudioToscana\ita V\Gianni Togni - Per Noi Innamorati.wav;;;1
10261;4814;OAI;;Un Altro Amore;0;GINO PAOLI;;;;;;;;O;I;;03:18;00:15;SS;;;92;92;25;2002;ITA 2000;;ita V;;L:\AudioToscana\ita V\Gino Paoli - Un Altro Amore.wav;;;1
10262;5888;OAI;;Un Sorriso Gratis;0;GINO PAOLI;;;;;;;;O;I;;03:26;00:11;MF;;;93;93;33;2007;ITA 90;;ita V;;L:\AudioToscana\ita V\Gino Paoli - Un Sorriso Gratis.wav;;;1
10263;5896;OAI;;Che Cosa C'è;0;GINO PAOLI;;;;;;;;O;I;;02:17;00:13;MS;;;100;100;30;1994;ITA 60;;ita V;;L:\AudioToscana\ita V\Gino Paoli - Che cosa c'è.wav;;;1
10264;5351;OAI;;Senza Fine;0;GINO PAOLI;;;;;;;;O;I;;02:37;00:09;SS;;;53;37;16;2006;ITA 60;1;ita V;;L:\AudioToscana\ita V\Gino Paoli - Senza Fine.wav;;;1
10266;338;OAI;;Dimmi Dove Sei;0;GIORGIA;;;;;;;;O;I;;03:38;00:16;SF;;;53;53;24;2005;ITA 90;;ita V;;L:\AudioToscana\ita V\Giorgia - Dimmi Dove Sei - Giorgia.wav;;;1
10270;348;OAI;;Riguarda Noi;0;GIORGIA;;;;;;;;O;I;;04:18;00:14;SS;2;;59;37;23;1995;ITA 90;4;ita V;;L:\AudioToscana\ita V\Giorgia - Riguarda noi.wav;;;1
10272;339;OAI;;E C'è Ancora Mare;0;GIORGIA;;;;;;;;O;I;;04:50;00:26;MM;2;;39;34;17;2005;ITA 90;4;ita V;;L:\AudioToscana\ita V\Giorgia - E C'è Ancora Mare - Giorgia.wav;;;2
10273;345;OAI;;L'eternità;0;GIORGIA;;;;;;;;O;I;;03:39;00:20;SS;;;54;54;31;2003;ITA 2000;;ita V;;L:\AudioToscana\ita V\Giorgia - L'eternità.wav;;;1
10274;352;OAI;;Tradirefare;0;GIORGIA;;;;;;;;O;I;;03:58;00:08;SS;1;;63;28;23;1999;ITA 90;4;ita V;;L:\AudioToscana\ita V\Giorgia - Tradirefare.wav;;;1
10277;4870;OAI;;Infinite Volte;0;GIORGIA;;;;;;;;O;I;;03:53;00:18;SF;;;62;62;33;2005;ITA 2000;;ita V;;L:\AudioToscana\2005\Giorgia - Infinite volte - Giorgia.wav;;;1
10280;7435;OAI;;Stai Fermo Li;0;GIUSY FERRERI;;;;;;;;O;I;;03:55;00:08;SS;;;101;101;22;2009;2009;;2009;;L:\AudioToscana\2009\giusy ferreri - stai fermo li.wav;;;1
10282;6382;OAI;;Gli Amori Diversi;0;"GRAZIA DI MICHELE - ROSSANA CASALE; GRAZIA DI MICHELE; ROSSANA CASALE";;;;;;;;O;I;;03:31;00:13;SS;1;;78;21;9;1993;ITA 90;;ita V;;L:\AudioToscana\ita V\Grazia Di Michele - Gli Amori Diversi (con Rossana Casale).wav;;;1
10285;4534;OAI;;Anna Da Dimenticare;0;I NUOVI ANGELI;;;;;;;;O;I;;02:50;00:16;SM;;;122;122;13;1973;ITA 70;;ita V;;L:\AudioToscana\ita V\I Nuovi Angeli - Anna da dimenticare.wav;;;1
10286;2236;OAI;;Pugni Chiusi;0;I RIBELLI;;;;;;;;O;I;;02:24;00:15;SM;;;97;57;12;1967;ITA 60;1;ita V;;L:\AudioToscana\ita V\I Ribelli - Pugni chiusi.wav;;;1
10288;7593;OAI;;Miele;0;IL GIARDINO DEI SEMPLICI;;;;;;;;O;I;;03:31;00:08;SS;;;82;21;7;2009;ITA 70;;ita V;;L:\AudioToscana\ita V\Il Giardino Dei Semplici - Miele.wav;;;1
10291;6214;OAI;;Fai Come Me;0;IRENE GRANDI;;;;;;;;O;I;;03:23;00:23;SM;;;89;89;27;1996;ITA 90;;ita V;;L:\AudioToscana\ita V\Irene Grandi - Fai come me.wav;;;1
10292;9218;OAI;;Un Vento Senza Nome;0;IRENE GRANDI;;;;;;;;O;I;;03:31;00:15;SS;;;86;86;26;2015;2015;;SANREMO;;L:\AudioToscana\2015\SANREMO\IRENE GRANDI - UN VENTO SENZA NOME.wav;;;1
10293;4110;OAI;;Vai, Vai, Vai;0;IRENE GRANDI;;;;;;;;O;I;;03:09;00:14;SM;;;87;87;28;2019;ITA 90;;ita V;;L:\AudioToscana\ita V\Irene Grandi - Vai, Vai, Vai - Irene Grandi.wav;;;1
10297;376;OAI;;Paolina;0;IVAN GRAZIANI;;;;;;;;O;I;;03:54;00:08;SM;;;96;96;24;1978;ITA 70;;ita V;;L:\AudioToscana\ita V\Ivan Graziani - Paolina.wav;;;1
10298;378;OAI;;Signora Bionda Dei Ciliegi;0;IVAN GRAZIANI;;;;;;;;O;I;;04:06;00:05;SF;;;94;94;27;1983;ITA 80;;ita V;;L:\AudioToscana\ita V\Ivan Graziani - Signora Bionda dei Ciliegi - Ivan Graziani.wav;;;1
10303;4116;OAI;;L'amore Fa;0;IVANO FOSSATI;;;;;;;;O;I;;03:28;00:18;SS;;;107;107;21;2006;2006;;2006;;L:\AudioToscana\2006\Ivano Fossati - L'amore fa.wav;;;1
10304;2240;OAI;;La Costruzione Di Un Amore;0;IVANO FOSSATI;;;;;;;;O;I;;05:15;00:14;SS;;;103;103;24;1977;ITA 80;;ita V;;L:\AudioToscana\ita V\Ivano Fossati - La Costruzione Di Un Amore.wav;;;1
10306;6379;OAI;;Non M'innamoro Più (con Catherine Spaak);0;JOHNNY DORELLI;;;;;;;;O;I;;03:06;00:04;SS;;;119;119;17;1970;ITA 70;;ita V;;L:\AudioToscana\ita V\Johnny Dorelli - Non m'innamoro più (con Catherine Spaak).wav;;;1
10314;6148;OAI;;Per La Vita Che Verrà;0;JOVANOTTI;;;;;;;;O;I;;03:29;00:22;SS;;;68;68;28;1997;ITA 90;;ita V;;L:\AudioToscana\ita V\Jovanotti - Per la vita che verrà.wav;;;1
10318;1411;OAI;;Una Storia D'amore;0;JOVANOTTI;;;;;;;;O;I;;03:55;00:22;SF;;;72;72;25;2005;2006;;2006;;L:\AudioToscana\2006\Jovanotti - Una storia d'amore.wav;;;1
10319;10889;OAI;;Chiaro Di Luna;0;JOVANOTTI;;;;;;;;O;I;;03:53;00:09;SS;;;62;62;30;2018;2018;;2018;;L:\AudioToscana\2018\Jovanotti - Chiaro di luna.wav;;;1
10321;7279;OAI;;Gente Della Notte;0;JOVANOTTI;;;;;;;;O;I;;04:21;00:14;SS;;;64;64;34;1990;ITA 90;;ita V;;L:\AudioToscana\ita V\Jovanotti - Gente Della Notte.wav;;;1
10323;2829;OAI;;Irraggiungibile;0;L'AURA;;;;;;;;O;I;;03:31;00:19;SS;;;107;107;20;2006;SANREMO 2006;;2006;;L:\AudioToscana\2006\L'aura - Irraggiungibile.wav;;;1
10326;3985;OAI;;Non Credo Nei Miracoli;0;LAURA BONO;;;;;;;;O;I;;03:15;00:15;SS;;;121;121;12;2005;ITA 2000;;ita V;;L:\AudioToscana\ita V\Laura Bono - Non credo nei miracoli.wav;;;1
10332;4857;OAI;;Benedetta Passione;0;LAURA PAUSINI;;;;;;;;O;I;;03:56;00:11;MS;;;59;59;30;2004;ITA 2000;;ita V;;L:\AudioToscana\2005\Laura Pausini - Benetta passione.wav;;;1
10335;2016;OAI;;Spaccacuore;0;LAURA PAUSINI;;;;;;;;O;I;;03:59;00:17;MS;;;26;26;33;2007;2007;;2007;;L:\AudioToscana\2007\Laura Pausini - Spaccacuore.wav;;;1
10337;1387;OAI;;Fidati Di Me;0;LAURA PAUSINI;;;;;;;;O;I;;03:28;00:11;MF;;;62;62;27;2000;ITA 2000;;ita V;;L:\AudioToscana\ita V\Laura Pausini - Fidati Di Me.wav;;;1
10341;4859;OAI;;Resta In Ascolto;0;LAURA PAUSINI;;;;;;;;O;I;;03:12;00:08;MS;;;56;54;23;2004;ITA 2000;;ita V;;L:\AudioToscana\ita V\Laura Pausini - Resta in ascolto.wav;;;1
10342;5154;OAI;;Una Storia Che Vale;0;LAURA PAUSINI;;;;;;;;O;I;;03:53;00:15;SF;;;50;50;27;2001;ITA 2000;;ita V;;L:\AudioToscana\ita V\Laura Pausini - Una storia che vale.wav;;;1
10344;7756;OAI;;Non Sono Lei;0;LAURA PAUSINI;;;;;;;;O;I;;03:34;00:01;SS;;;56;56;33;2009;2009;;2009;;L:\AudioToscana\2009\Laura Pausini - Non sono lei.wav;;;1
10348;5939;OAI;;Non Me Lo So Spiegare;0;"LAURA PAUSINI - TIZIANO FERRO; LAURA PAUSINI; TIZIANO FERRO";;;;;;;;O;I;;04:23;00:21;SS;;;20;20;33;2007;2007;;2007;;L:\AudioToscana\2007\Laura Pausini - Non me lo so spiegare (con Tiziano Ferro).wav;;;1
10349;5465;OAI;;Canzone D'amore;0;LE ORME;;;;;;;;O;I;;03:37;00:08;MM;;;111;111;25;1993;ITA 70;;ita V;;L:\AudioToscana\ita V\Le Orme - Canzone d'amore.wav;;;1
10350;1012;OAI;;Gioco Di Bimba;0;LE ORME;;;;;;;;O;I;;02:45;00:12;SS;;;104;47;9;;ITA 70;2;ita V;;L:\AudioToscana\ita V\Le Orme - Gioco Di Bimba - Le Orme.wav;;;1
10353;3731;OAI;;Ovunque Andrò;0;LE VIBRAZIONI;;;;;;;;O;I;;03:24;00:13;SS;;;97;97;24;2005;ITA 2000;;ita V;;L:\AudioToscana\ita V\Le Vibrazioni - Ovunque andrò.wav;;;1
10356;6467;OAI;;Leggero;0;LIGABUE;N;;;;;;;O;I;;03:53;00:12;SF;1;;65;12;16;1995;ITA 90;4;ita V;;L:\AudioToscana\ita V\Ligabue - Leggero.wav;;;1
10360;6344;OAI;;Buonanotte All'italia;0;LIGABUE;;;;;;;;O;I;;04:29;00:11;SF;;;36;36;23;2008;2008;;2008;;L:\AudioToscana\2008\luciano ligabue - buonanotte all'italia.wav;;;1
10361;7857;OAI;;Ora E Allora;0;LIGABUE;;;;;;;;O;I;;03:43;00:05;SM;;;39;39;32;2011;2011;;2011;;L:\AudioToscana\2011\Ligabue - Ora e Allora.wav;;;1
10363;400;OAI;;Almeno Credo;0;LIGABUE;;;;;;;;O;I;;03:49;00:11;SS;;;33;33;41;1999;ITA 90;;ita V;;L:\AudioToscana\ita V\Ligabue - Almeno credo.wav;;;1
10372;5922;OAI;;Cerca Nel Cuore;0;LIGABUE;;;;;;;;O;I;;03:23;00:09;SS;;;33;33;42;1994;ITA 90;;ita V;;L:\AudioToscana\ita V\Ligabue - cerca nel cuore.wav;;;1
10374;6469;OAI;;Seduto In Riva Al Fosso;0;LIGABUE;;;;;;;;O;I;;04:21;00:15;SM;;;28;28;31;1995;ITA 90;;ita V;;L:\AudioToscana\ita V\Ligabue - Seduto In Riva Al Fosso.wav;;;1
10376;6510;OAI;;Quella Che Non Sei;0;LIGABUE;;;;;;;;O;I;;03:55;00:04;SM;;;39;39;25;1995;ITA 90;;ita V;;L:\AudioToscana\ita V\Ligabue - Quella Che Non Sei.wav;;;1
10378;2258;OAI;;Ragazzo Mio;0;LOREDANA BERTE';N;;;;;;;O;I;;03:32;00:18;MF;2;;124;17;7;1983;ITA 80;3;ita V;;L:\AudioToscana\ita V\Luigi Tenco - Ragazzo Mio.wav;;;1
10380;427;OAI;;Buongiorno Anche A Te;0;LOREDANA BERTE';;;;;;;;O;I;;02:48;00:16;SS;;;91;91;31;1980;ITA 80;;ita V;;L:\AudioToscana\ita V\Loredana Bertè - Buongiorno Anche A Te.wav;;;1
10381;429;OAI;;Fiabe;0;LOREDANA BERTE';;;;;;;;O;I;;03:25;00:06;MS;;;88;88;29;2005;ITA 70;;ita V;;L:\AudioToscana\ita V\Loredana Bertè - Fiabe.wav;;;1
10383;431;OAI;;Ninna Nanna;0;LOREDANA BERTE';;;;;;;;O;I;;04:10;00:23;MF;;;92;92;24;1981;ITA 80;;ita V;;L:\AudioToscana\ita V\Loredana Bertè - Ninna Nanna.wav;;;1
10388;2251;OAI;;Lungomare;0;LUCA CARBONI;;;;;;;;O;I;;03:40;00:05;SM;;;90;90;31;1987;ITA 80;;ita V;;L:\AudioToscana\ita V\Luca Carboni - Lungomare.wav;;;1
10390;443;OAI;;Le Storie D'amore;0;LUCA CARBONI;;L;;;;;;O;I;;04:17;00:00;SS;;;63;43;16;1992;ITA 90;;ita V;;L:\AudioToscana\ita V\Luca Carboni - Le Storie D'amore.wav;;;1
10392;447;OAI;;Settembre;0;LUCA CARBONI;;;;;;;;O;I;;04:27;00:15;SS;;;74;74;28;2003;ITA 2000;;ita V;;L:\AudioToscana\ita V\Luca Carboni - Settembre.wav;;;1
10393;441;OAI;;La Mia Ragazza;0;LUCA CARBONI;;;;;;;;O;I;;03:45;00:09;SF;1;;77;11;18;2003;ITA 90;4;ita V;;L:\AudioToscana\ita V\Luca Carboni - La mia ragazza.wav;;;1
10394;6471;OAI;;C'è;0;LUCA CARBONI;;;;;;;;O;I;;03:36;00:14;SS;;;75;75;24;2007;2007;;2007;;L:\AudioToscana\2007\Luca Carboni - C'è.wav;;;1
10396;6475;OAI;;Colori;0;LUCA CARBONI;;;;;;;;O;I;;04:02;00:10;SS;;;86;86;33;1998;ITA 90;;ita V;;L:\AudioToscana\ita V\Luca Carboni - Colori.wav;;;1
10399;5967;OAI;;Malinconia;0;LUCA CARBONI;;;;;;;;O;I;;04:03;00:12;SM;;;78;47;24;2007;2007;;2006;;L:\AudioToscana\2006\Luca Carboni - Malinconia.wav;;;1
10405;463;OAI;;Donna Selvaggia Donna;0;LUCIO BATTISTI;;;;;;;;O;I;;03:31;00:43;MF;;;34;34;33;1978;ITA 70;;ita V;;L:\AudioToscana\ita V\Lucio Battisti - Donna selvaggia donna.wav;;;1
10409;460;OAI;;Comunque Bella;0;LUCIO BATTISTI;;;;;;;;O;I;;03:44;00:00;SS;;;31;31;21;1972;ITA 70;;ita V;;L:\AudioToscana\ita V\Lucio Battisti - Comunque bella.wav;;;1
10412;464;OAI;;Due Mondi;0;LUCIO BATTISTI;;;;;;;;O;I;;03:15;00:23;SF;;;28;28;26;1974;ITA 70;;ita V;;L:\AudioToscana\ita V\Lucio Battisti - Due mondi.wav;;;1
10413;468;OAI;;Gelosa Cara;0;LUCIO BATTISTI;;;;;;;;O;I;;03:45;00:00;FM;;;24;24;28;1980;ITA 80;;ita V;;L:\AudioToscana\ita V\Lucio Battisti - Gelosa cara.wav;;;1
10418;475;OAI;;Io Vivrò (senza Te);0;LUCIO BATTISTI;;;;;;;;O;I;;03:30;00:07;SF;;;35;35;23;1968;ITA 60;;ita V;;L:\AudioToscana\ita V\Lucio Battisti - Io vivrò (Senza Te) - Lucio Battisti.wav;;;1
10420;495;OAI;;Vendo Casa;0;LUCIO BATTISTI;;;;;;;;O;I;;03:22;00:00;SS;;;30;30;23;1998;ITA 70;;ita V;;L:\AudioToscana\ita V\Lucio Battisti - vendo casa.wav;;;1
10439;2259;OAI;;Pensiero D'amore;0;MAL;;;;;;;;O;I;;02:30;00:11;SF;;;123;123;22;1969;ITA 60;;ita V;;L:\AudioToscana\ita V\Mal - Pensiero d'amore.wav;;;1
10441;7667;OAI;;Contro Vento;0;MALIKA AYANE;;;;;;;;O;I;;03:30;00:09;SM;;;94;94;24;2009;2009;;2009;;L:\AudioToscana\2009\Malika Ayane - Contro vento.wav;;;1
10446;2350;OAI;;Ti Porto In Africa;0;MANGO;;;;;;;;O;I;;03:49;00:20;MF;;;85;85;23;2004;ITA 2000;;ita V;;L:\AudioToscana\ita V\Mango - Ti Porto In Africa.wav;;;1
10453;7146;OAI;;La Stagione Dell'amore;0;"MANGO - FRANCO BATTIATO; MANGO; FRANCO BATTIATO";;;;;;;;O;I;;03:13;00:15;SS;;;57;57;26;2008;2008;;2008;;L:\AudioToscana\2008\mango - la stagione dell'amore.wav;;;1
10459;535;OAI;;Schiavo Senza Catene;0;MARCO FERRADINI;;;;;;;;O;I;;04:07;00:00;SS;;;107;107;24;1981;ITA 80;;ita V;;L:\AudioToscana\ita V\Marco Ferradini - Schiavo Senza Catene.wav;;;1
10462;5097;OAI;;Nel Mondo Dei Sogni ( Con Jessica Morlacchi);0;MARCO MASINI;;;;;;;;O;I;;03:29;00:12;SS;;;93;93;31;2005;ITA 2000;;ita V;;L:\AudioToscana\ita V\Marco Masini - Nel mondo dei sogni ( con Jessica Morlacchi).wav;;;1
10465;6409;OAI;;Principessa;0;MARCO MASINI;;;;;;;;O;I;;05:04;00:14;SS;;;64;32;25;1994;ITA 90;4;ita V;;L:\AudioToscana\ita V\Marco Masini - Principessa.wav;;;1
10466;5720;OAI;;Anima Italiana;0;"MARCO MASINI & UMBERTO TOZZI; MARCO MASINI; UMBERTO TOZZI";;;;;;;;O;I;;03:17;00:06;MS;;;74;74;23;2007;2007;;2007;;L:\AudioToscana\2007\Tozzi Masini - Anima Italiana.wav;;;1
10468;9445;OAI;;Sai Che;0;MARCO MENGONI;;;;;;;;O;I;;03:49;00:14;SM;;;94;94;23;2016;2016;;2016;;L:\AudioToscana\2016\Marco Mengoni - Sai che.wav;;;1
10469;4825;OAI;;Dentro Me;0;MARINA REI;;;;;;;;O;I;;04:08;00:25;SS;;;105;105;24;2006;ITA 90;;ita V;;L:\AudioToscana\ita V\Marina Rei - Dentro Me.wav;;;1
10470;5697;OAI;;T'innamorerò;0;MARINA REI;;;;;;;;O;I;;02:49;00:20;SF;;;104;104;22;1998;ITA 90;;ita V;;L:\AudioToscana\ita V\Marina Rei - T'innamorerò.wav;;;1
10471;5698;OAI;;Cuore A Metà;0;MARINA REI;;;;;;;;O;I;;04:02;00:23;SS;;;111;111;22;1998;ITA 90;;ita V;;L:\AudioToscana\ita V\Marina Rei - Cuore A Metà.wav;;;1
10473;2264;OAI;;Nina;0;MARIO CASTELNUOVO;;;;;;;;O;I;;03:29;00:23;SS;;;70;18;10;1984;ITA 80;;ita V;;L:\AudioToscana\ita V\Mario Castelnuovo - Nina.wav;;;1
10474;4305;OAI;;L'invenzione;0;MARIO VENUTI;;;;;;;;O;I;;03:12;00:12;SS;;;104;104;20;2003;ITA 2000;;ita V;;L:\AudioToscana\ita V\Mario Venuti - L'invenzione.wav;;;1
10475;2667;OAI;;Un Altro Posto Nel Mondo;0;MARIO VENUTI;;L;;;;;;O;I;;04:01;00:15;SS;1;;100;96;22;2006;SANREMO 2006;5;2006;;L:\AudioToscana\2006\mario venuti e arancia sonora - un altro posto nel mondo.wav;;;1
10476;4917;OAI;;È Stato Un Attimo;0;MARIO VENUTI;;;;;;;;O;I;;03:12;00:01;SS;;;113;113;22;2006;2006;;2006;;L:\AudioToscana\2006\Mario Venuti - È Stato Un Attimo.wav;;;1
10478;547;OAI;;Cosa Rimane Di Noi;0;MASSIMO DI CATALDO;N;;;;;;;O;I;;05:08;00:00;SF;1;;93;36;13;1997;ITA 90;4;ita V;;L:\AudioToscana\ita V\Massimo Di Cataldo - Cosa rimane di noi.wav;;;1
10483;555;OAI;;Mi Manchi Ancora;0;MATIA BAZAR;;;;;;;;O;I;;04:04;00:46;MF;;;83;83;28;1995;ITA 80;;ita V;;L:\AudioToscana\ita V\Matia Bazar - Mi Manchi Ancora.wav;;;1
10485;554;OAI;;La Prima Stella Della Sera;0;MATIA BAZAR;N;;;;;;;O;I;;04:18;00:31;MS;2;;99;13;18;1995;ITA 80;3;ita V;;L:\AudioToscana\ita V\Matia Bazar - La Prima Stella Della Sera.wav;;;1
10486;3537;OAI;;Grido D'amore;0;MATIA BAZAR;;;;;;;;O;I;;03:33;00:00;SM;;;86;86;32;2005;ITA 2000;;ita V;;L:\AudioToscana\ita V\Matia Bazar - Grido d'amore.wav;;;1
10487;553;OAI;;E Dirsi Ciao;0;MATIA BAZAR;;;;;;;;O;I;;04:31;00:13;SF;;;79;79;30;1996;ITA 70;;ita V;;L:\AudioToscana\ita V\Matia Bazar - E Dirsi Ciao.wav;;;1
10497;6255;OAI;;Sei Fantastica;0;MAX PEZZALI;;;;;;;;O;I;;03:15;00:07;MM;;;86;86;23;2007;2007;;2007;;L:\AudioToscana\2007\Max Pezzali - Sei Fantastica.wav;;;1
10499;571;OAI;;La Nevicata Del '56;0;MIA MARTINI;;;;;;;;O;I;;04:10;00:09;SS;;;99;99;24;1990;ITA 80;;ita V;;L:\AudioToscana\ita V\Mia Martini - La Nevicata Del '56.wav;;;1
10501;569;OAI;;E Non Finisce Mica Il Cielo;0;MIA MARTINI;;L;;;;;;O;I;;03:49;00:14;SS;1;;73;35;14;1989;ITA 80;3;ita V;;L:\AudioToscana\ita V\Mia Martini - E Non Finisce Mica Il Cielo.wav;;;1
10503;568;OAI;;Donna;0;MIA MARTINI;;L;;;;;;O;I;;03:32;00:14;SS;1;;111;37;18;1972;ITA 80;3;ita V;;L:\AudioToscana\ita V\Mia Martini - Donna.wav;;;1
10504;574;OAI;;Quante Volte;0;MIA MARTINI;;;;;;;;O;I;;03:30;00:26;MF;;;91;91;26;1982;ITA 80;;ita V;;L:\AudioToscana\ita V\Mia Martini - Quante Volte.wav;;;1
10508;1027;OAI;;Ragazza D'argento;0;MICHELE ZARRILLO;;;;;;;;O;I;;04:41;00:22;SS;;;78;11;16;1997;ITA 90;;ita V;;L:\AudioToscana\ita V\Michele Zarrillo - Ragazza D'argento - Michele Zarrillo.wav;;;1
10509;1954;OAI;;Mani Nelle Mani;0;MICHELE ZARRILLO;;;;;;;;O;I;;03:46;00:09;SS;;;100;100;28;2017;SANREMO 2017;;2017;;L:\AudioToscana\2017\Michele Zarrillo - Mani nelle mani.wav;;;1
10510;1022;OAI;;Il Canto Del Mare;0;MICHELE ZARRILLO;;;;;;;;O;I;;03:59;00:31;SS;2;;79;19;8;1994;ITA 90;4;ita V;;L:\AudioToscana\ita V\Michele Zarrillo - Il Canto Del Mare - Michele Zarrillo.wav;;;1
10516;2270;OAI;;Ti Amerò;0;MIGUEL BOSE';;;;;;;;O;I;;03:20;00:06;SS;;;106;106;16;2006;ITA 80;;ita V;;L:\AudioToscana\ita V\Miguel Bosè - Ti amerò.wav;;;1
10519;5903;OAI;;Rose Su Rose;0;MINA;;;;;;;;O;I;;03:51;00:09;SS;;;42;42;25;1984;ITA 80;;ita V;;L:\AudioToscana\ita V\Mina - Rose su Rose.wav;;;1
10525;5904;OAI;;Se Il Mio Canto Sei Tu;0;MINA;;;;;;;;O;I;;04:16;00:10;SM;;;44;44;27;1979;ITA 70;;ita V;;L:\AudioToscana\ita V\Mina - Se il mio canto sei tu.wav;;;1
10527;597;OAI;;Meglio Così;0;MINA;;;;;;;;O;I;;03:57;00:31;MM;;;42;42;23;1996;ITA 90;;ita V;;L:\AudioToscana\ita V\Mina - Meglio Così.wav;;;1
10532;6534;OAI;;Sono Come Tu Mi Vuoi;0;MINA;;;;;;;;O;I;;03:32;00:11;MM;;;23;23;31;2007;ITA 60;;ita V;;L:\AudioToscana\ita V\Mina - Sono come tu mi vuoi.wav;;;1
10533;2275;OAI;;Un Anno D'amore;0;MINA;;;;;;;;O;I;;03:10;00:16;SS;;;48;48;28;1964;ITA 60;;ita V;;L:\AudioToscana\ita V\Mina - Un anno d'amore.wav;;;1
10534;604;OAI;;Succhiando L'uva;0;MINA;;;;;;;;O;I;;04:04;00:22;MM;;;44;44;27;2002;ITA 2000;;ita V;;L:\AudioToscana\ita V\Mina - Succhiando L'uva.wav;;;1
10535;588;OAI;;Devi Dirmi Di Sì;0;MINA;N;;;;;;;O;I;;03:50;00:06;SF;2;;56;5;9;1987;ITA 80;3;ita V;;L:\AudioToscana\ita V\Mina - Devi dirmi di sì.wav;;;1
10536;2274;OAI;;L'immensità;0;MINA;;;;;;;;O;I;;02:14;00:20;SS;;;37;37;38;1973;ITA 60;;ita V;;L:\AudioToscana\ita V\Mina - L'immensità.wav;;;1
10540;584;OAI;;Buonanotte Buonanotte;0;MINA;;;;;;;;O;I;;04:38;00:04;SF;;;46;46;36;1980;ITA 70;;ita V;;L:\AudioToscana\ita V\Mina - Buonanotte Buonanotte.wav;;;1
10542;600;OAI;;Non Gioco Più;0;MINA;;;;;;;;O;I;;02:51;00:16;SS;;;45;45;31;1974;ITA 70;;ita V;;L:\AudioToscana\ita V\Mina - Non gioco più.wav;;;1
10543;607;OAI;;Via Di Qua;0;"MINA - FAUSTO LEALI; MINA; FAUSTO LEALI";N;;;;;;;O;I;;04:47;00:03;SM;2;;51;5;11;2005;ITA 80;3;ita V;;L:\AudioToscana\ita V\Mina - Via di qua.wav;;;1
10544;606;OAI;;Una Canzone;0;MINA;;;;;;;;O;I;;03:29;00:16;SS;;;25;5;10;1987;ITA 80;;ita V;;L:\AudioToscana\ita V\Mina - Una canzone.wav;;;1
10545;6414;OAI;;Cuestion De Feeling;0;"MINA - TIZIANO FERRO; MINA; TIZIANO FERRO";;;;;;;;O;I;;03:24;00:19;SS;;;17;17;18;2007;2007;;2007;;L:\AudioToscana\2007\Mina - Cuestion de feeling (con Tiziano Ferro).wav;;;1
10548;9868;OAI;;È Solo Colpa Mia;0;MODA';;;;;;;;O;I;;03:44;00:08;SM;;;97;97;26;2016;2016;;2016;;L:\AudioToscana\2016\modà - è solo colpa mia.wav;;;1
10549;7157;OAI;;Salvami;0;MODA';;;;;;;;O;I;;03:47;00:10;MS;;;94;94;32;2011;2011;;2011;;L:\AudioToscana\2011\Modà - Salvami.wav;;;1
10551;1299;OAI;;Quello Che Non Ti Ho Detto (scusami);0;MODA';;;;;;;;O;I;;03:57;00:07;SS;;;91;91;27;2006;2006;;2006;;L:\AudioToscana\2006\Modà - Quello Che Non Ti Ho Detto (Scusami).wav;;;1
10556;5899;OAI;;Passione;0;NEFFA;;;;;;;;O;I;;03:43;00:10;MS;;;102;102;21;2007;2007;;2007;;L:\AudioToscana\2007\Neffa - Passione.wav;;;1
10557;7131;OAI;;Nessuno;0;NEFFA;;L;;;;;;O;I;;03:34;00:00;SS;1;;108;84;20;2009;2009;5;2009;;L:\AudioToscana\2009\neffa - nessuno.wav;;;1
10560;2127;OAI;;Sole;0;NEGRAMARO;;;;;;;;O;I;;04:15;00:20;MS;;;89;89;28;2012;2012;;2012;;L:\AudioToscana\2012\NEGRAMARO - SOLE.wav;;;1
10562;9922;OAI;;L'amore Qui Non Passa;0;NEGRAMARO;;;;;;;;O;I;;03:52;00:18;SS;;;93;93;29;2016;2016;;2016;;L:\AudioToscana\2016\Negramaro - L'Amore Qui Non Passa.wav;;;1
10569;7438;OAI;;La Voglia Che Non Vorrei;0;NEK;;;;;;;;O;I;;03:38;00:05;SS;;;82;82;26;2009;2009;;2009;;L:\AudioToscana\2009\Nek - La voglia che non vorrei.wav;;;1
10571;7642;OAI;;Se Non Ami;0;NEK;;;;;;;;O;I;;03:15;00:07;SS;;;85;85;22;2009;2009;;2009;;L:\AudioToscana\2009\Nek - Se non ami.wav;;;1
10572;7669;OAI;;E Da Qui;0;NEK;;;;;;;;O;I;;03:53;00:05;SS;;;80;80;31;2010;2010;;2010;;L:\AudioToscana\2010\Nek - E da qui.wav;;;1
10577;623;OAI;;Rosanna;0;NINO BUONOCORE;N;;;;;;;O;I;;03:55;00:10;SS;2;;113;18;10;1994;ITA 80;3;ita V;;L:\AudioToscana\ita V\Nino Buonocore - Rosanna.wav;;;1
10579;622;OAI;;Il Mandorlo;0;NINO BUONOCORE;;;;;;;;O;I;;03:47;00:15;SS;;;107;107;25;1992;ITA 90;;ita V;;L:\AudioToscana\ita V\Nino Buonocore - Il Mandorlo.wav;;;1
10580;4652;OAI;;In Un Giorno Qualunque;0;NOEMI;;;;;;;;O;I;;03:39;00:16;SS;;;99;99;29;2012;2012;;2012;;L:\AudioToscana\2012\Noemi - In un giorno qualunque.wav;;;1
10584;9907;OAI;;La Borsa Di Una Donna;0;NOEMI;;;;;;;;O;I;;03:38;00:01;SS;;;93;93;29;2016;2016;;SANREMO;;L:\AudioToscana\2016\SANREMO\NOEMI - LA BORSA DI UNA DONNA.wav;;;1
10585;7029;OAI;;Per Tutta La Vita;0;NOEMI;;;;;;;;O;I;;03:10;00:06;SS;;;94;94;24;2010;2010;;2010;;L:\AudioToscana\2010\NOEMI - Per tutta la vita.wav;;;1
10588;630;OAI;;So Che Mi Perdonerai;0;NOMADI;;;;;;;;O;I;;03:01;00:12;SS;;;98;98;24;1971;ITA 60;;ita V;;L:\AudioToscana\ita V\Nomadi - So Che Mi Perdonerai.wav;;;1
10590;1030;OAI;;Ho Difeso Il Mio Amore;0;NOMADI;;;;;;;;O;I;;04:07;00:10;SF;1;;56;19;12;1992;ITA 70;2;ita V;;L:\AudioToscana\ita V\Nomadi - Ho Difeso Il Mio Amore - Nomadi.wav;;;1
10591;364;OAI;;Voglio Ridere;0;NOMADI;;;;;;;;O;I;;04:10;00:16;SS;;;98;98;24;1973;ITA 70;;ita V;;L:\AudioToscana\ita V\I Nomadi - Voglio Ridere.wav;;;1
10592;629;OAI;;Mille E Una Sera;0;NOMADI;;;;;;;;O;I;;02:39;00:00;SM;;;100;100;26;1970;ITA 70;;ita V;;L:\AudioToscana\ita V\Nomadi - Mille E Una Sera.wav;;;1
10593;363;OAI;;Tutto A Posto;0;NOMADI;;;;;;;;O;I;;03:14;00:07;MF;;;58;19;8;2005;ITA 70;2;ita V;;L:\AudioToscana\ita V\I Nomadi - Tutto A Posto.wav;;;1
10600;4561;OAI;;Più (con Gepy);0;ORNELLA VANONI;;;;;;;;O;I;;03:06;00:05;SF;;;98;76;20;2006;ITA 70;;ita V;;L:\AudioToscana\ita V\Ornella Vanoni - Più (con Gepy).wav;;;1
10601;6549;OAI;;Un' Ora Sola Ti Vorrei;0;ORNELLA VANONI;;;;;;;;O;I;;03:25;00:35;SS;;;96;96;26;2007;ITA 60;;ita V;;L:\AudioToscana\ita V\Ornella Vanoni - Un' ora sola ti vorrei.wav;;;1
10603;2284;OAI;;Io Ti Darò Di Più;0;ORNELLA VANONI;;;;;;;;O;I;;02:35;00:25;SM;;;93;76;23;1966;ITA 60;;ita V;;L:\AudioToscana\ita V\Ornella Vanoni - Io ti darò di più.wav;;;1
10606;4295;OAI;;Solo Un Sogno;0;PACIFICO;;;;;;;;O;I;;03:05;00:22;SM;;;109;109;25;2004;ITA 2000;;ita V;;L:\AudioToscana\ita V\Pacifico - Solo un sogno.wav;;;1
10610;2047;OAI;;Sai Che È Un'attimo;0;PAOLA TURCI;;;;;;;;O;I;;04:43;00:18;MM;;;108;108;22;1997;ITA 90;;ita V;;L:\AudioToscana\ita V\Paola Turci - Sai che è un'attimo.wav;;;1
10611;5612;OAI;;Questione Di Sguardi;0;PAOLA TURCI;;;;;;;;O;I;;03:35;00:11;MM;;;108;108;26;2000;ITA 90;;ita V;;L:\AudioToscana\ita V\Paola Turci - Questione Di Sguardi.wav;;;1
10612;4105;OAI;;Mi Manchi Tu (missing You);0;PAOLA TURCI;;;;;;;;O;I;;04:25;00:20;MM;;;105;105;16;1996;ITA 90;;ita V;;L:\AudioToscana\ita V\Paola Turci - Mi Manchi Tu (Missing You) - Paola Turci.wav;;;1
10613;2069;OAI;;Fammi Battere Il Cuore;0;PAOLA TURCI;;;;;;;;O;I;;03:38;00:11;MM;;;101;101;23;1997;ITA 90;;ita V;;L:\AudioToscana\ita V\Paola Turci - Fammi Battere Il Cuore.wav;;;1
10616;1042;OAI;;Se Perdo Te;0;PATTY PRAVO;;;;;;;;O;I;;02:46;00:15;SS;1;;100;20;14;0;ITA 60;1;ita V;;L:\AudioToscana\ita V\Patty Pravo - Se Perdo Te.wav;;;1
10617;1038;OAI;;La Spada Nel Cuore;0;PATTY PRAVO;;;;;;;;O;I;;04:08;00:07;SS;;;98;98;25;1970;ITA 70;;ita V;;L:\AudioToscana\ita V\Patty Pravo - La Spada Nel Cuore.wav;;;1
10618;1041;OAI;;Ragazzo Triste;0;PATTY PRAVO;;;;;;;;O;I;;02:47;00:25;SF;;;92;92;25;1996;ITA 60;;ita V;;L:\AudioToscana\ita V\Patty Pravo - Ragazzo Triste.wav;;;1
10621;9917;OAI;;Cieli Immensi;0;PATTY PRAVO;;;;;;;;O;I;;03:54;00:00;SS;;;95;95;26;2016;2016;;SANREMO;;L:\AudioToscana\2016\SANREMO\PATTY PRAVO - CIELI IMMENSI.wav;;;1
10631;8515;OAI;;Non Si Torna Indietro;0;PINO DANIELE;;;;;;;;O;I;;03:48;00:13;SS;;;61;61;31;2013;2013;;2013;;L:\AudioToscana\2013\PINO DANIELE - NON SI TORNA INDIETRO.wav;;;1
10632;641;OAI;;Amici Come Prima;0;PINO DANIELE;;;;;;;;O;I;;02:33;00:14;SS;1;;96;47;23;1997;ITA 90;4;ita V;;L:\AudioToscana\ita V\Pino Daniele - Amici Come Prima.wav;;;1
10634;649;OAI;;Je Stò Vicino A Te;0;PINO DANIELE;;;;;;;;O;I;;02:52;00:10;SF;;;67;67;33;2005;ITA 70;;ita V;;L:\AudioToscana\ita V\Pino Daniele - Je stò vicino a te.wav;;;1
10635;6132;OAI;;Anna Verrà;0;PINO DANIELE;N;;;;;;;O;I;;03:54;00:31;SS;1;;106;4;9;1989;ITA 80;3;ita V;;L:\AudioToscana\ita V\Pino Daniele - Anna Verrà.wav;;;1
10637;2362;OAI;;Pigro;0;PINO DANIELE;;;;;;;;O;I;;03:22;00:09;SS;;;65;65;26;2004;ITA 2000;;ita V;;L:\AudioToscana\ita V\Pino Daniele - Pigro.wav;;;1
10643;1061;OAI;;Pierre;0;POOH;;;;;;;;O;I;;03:03;00:16;SS;;;75;75;28;2006;ITA 70;;ita V;;L:\AudioToscana\ita V\Pooh - Pierre - Pooh.wav;;;1
10645;6319;OAI;;La Casa Del Sole;0;POOH;;;;;;;;O;I;;03:56;00:20;MM;;;75;75;37;2008;2008;;2008;;L:\AudioToscana\2008\Pooh - La casa del sole.wav;;;1
10646;1054;OAI;;La Mia Donna;0;POOH;;;;;;;;O;I;;03:45;00:20;SM;;;78;78;31;1975;ITA 80;;ita V;;L:\AudioToscana\ita V\Pooh - La Mia Donna - Pooh.wav;;;1
10650;7293;OAI;;Cercando Di Te;0;POOH;N;;;;;;;O;I;;04:32;00:14;SS;1;;184;17;15;1996;ITA 90;3;ita V;;L:\AudioToscana\ita V\Pooh - Cercando Di Te.wav;;;1
10652;4718;OAI;;Linda;0;POOH;;;;;;;;O;I;;02:50;00:00;SM;;;78;78;27;1976;ITA 70;;ita V;;L:\AudioToscana\ita V\Pooh - Linda.wav;;;1
10653;1051;OAI;;In Silenzio;0;POOH;;;;;;;;O;I;;03:26;00:12;SS;;;72;72;27;1969;ITA 60;;ita V;;L:\AudioToscana\ita V\Pooh - In Silenzio.wav;;;1
10660;5742;OAI;;Forse;0;PUPO;;;;;;;;O;I;;02:57;00:04;SM;;;114;114;21;1979;ITA 70;;ita V;;L:\AudioToscana\ita V\Pupo - Forse.wav;;;1
10662;2299;OAI;;Per Vivere Insieme;0;QUELLI;;;;;;;;O;I;;02:28;00:08;MF;;;125;125;17;1967;ITA 60;;ita V;;L:\AudioToscana\ita V\Quelli - Per vivere insieme.wav;;;1
10663;7145;OAI;;Ossigeno;0;RAF;;;;;;;;O;I;;03:56;00:12;SS;;;50;50;28;2008;2008;;2008;;L:\AudioToscana\2008\raf - ossigeno.wav;;;1
10665;1073;OAI;;Io E Te;0;RAF;;;;;;;;O;I;;04:02;00:19;MM;;;43;43;19;1995;ITA 90;;ita V;;L:\AudioToscana\ita V\Raf - Io E Te.wav;;;1
10670;4797;OAI;;Aria Da Niente;0;RAF;;;;;;;;O;I;;03:20;00:14;SM;;;40;40;28;2004;ITA 2000;;ita V;;L:\AudioToscana\ita V\Raf - Aria da niente.wav;;;1
10672;4792;OAI;;La Danza Della Pioggia;0;RAF;;;;;;;;O;I;;04:23;00:00;SM;;;41;41;41;1998;ITA 90;;ita V;;L:\AudioToscana\ita V\Raf - La danza della pioggia.wav;;;1
10674;4783;OAI;;Svegliarsi Un Anno Fa;0;RAF;;;;;;;;O;I;;04:13;00:21;SS;;;39;39;34;1988;ITA 80;;ita V;;L:\AudioToscana\ita V\Raf - Svegliarsi un anno fa.wav;;;1
10676;5519;OAI;;Il Nodo;0;RAF;;;;;;;;O;I;;03:47;00:21;SM;;;51;51;27;2006;2006;;2006;;L:\AudioToscana\2006\RAF - Il nodo.wav;;;1
10679;3713;OAI;;In Questa Notte;0;RAF;;;;;;;;O;I;;03:22;00:20;SS;;;46;46;21;2012;2012;;2012;;L:\AudioToscana\2012\Raf - In questa notte.wav;;;1
10681;9212;OAI;;Come Una Favola;0;RAF;;;;;;;;O;I;;03:27;00:14;SS;;;38;32;22;2015;2015;;SANREMO;;L:\AudioToscana\2015\SANREMO\Raf - Come una favola.wav;;;1
10682;1079;OAI;;Un Grande Salto;0;RAF;;;;;;;;O;I;;04:18;00:48;MS;2;;54;25;27;1989;ITA 90;4;ita V;;L:\AudioToscana\ita V\Raf - Un Grande Salto.wav;;;1
10684;7589;OAI;;Ancora Qui;0;RENATO ZERO;;;;;;;;O;I;;03:59;00:08;SM;;;57;57;30;2009;2009;;2009;;L:\AudioToscana\2009\Renato Zero - Ancora qui.wav;;;1
10686;1095;OAI;;L'impossibile Vivere;0;RENATO ZERO;N;;;;;;;O;I;;03:40;00:14;SS;1;;120;6;12;1998;ITA 90;4;ita V;;L:\AudioToscana\ita V\Renato Zero - L'impossibile Vivere.wav;;;1
10687;1093;OAI;;La Pace Sia Con Te;0;RENATO ZERO;;;;;;;;O;I;;05:05;00:25;SF;1;;52;32;31;1998;ITA 90;4;ita V;;L:\AudioToscana\ita V\Renato Zero - La Pace Sia Con Te.wav;;;1
10690;5679;OAI;;Come Mi Vorresti;0;RENATO ZERO;;;;;;;;O;I;;03:23;00:24;MF;;;46;46;22;2003;ITA 2000;;ita V;;L:\AudioToscana\ita V\Renato Zero - Come Mi Vorresti.wav;;;1
10693;1083;OAI;;Arrendermi Mai;0;RENATO ZERO;;;;;;;;O;I;;04:00;00:14;MS;;;47;47;37;1979;ITA 70;;ita V;;L:\AudioToscana\ita V\Renato Zero - Arrendermi Mai.wav;;;1
10695;1108;OAI;;Vivo;0;RENATO ZERO;;;;;;;;O;I;;03:47;00:15;SS;;;54;54;29;1977;ITA 70;;ita V;;L:\AudioToscana\ita V\Renato Zero - Vivo.wav;;;1
10696;1102;OAI;;Non Cancellate Il Mio Mondo;0;RENATO ZERO;N;L;;;;;;O;I;;03:56;00:22;SS;1;;113;5;21;2001;ITA 2000;5;ita V;;L:\AudioToscana\ita V\Renato Zero - Non Cancellate Il Mio Mondo.wav;;;1
10703;1105;OAI;;Si Sta Facendo Notte;0;RENATO ZERO;;;;;;;RENATO;O;I;;03:47;00:09;SM;1;;46;20;29;1999;ITA 90;4;ita V;;L:\AudioToscana\ita V\Renato Zero - Si Sta Facendo Notte - Renato Zero.wav;;;1
10705;5143;OAI;;Vivi La Tua Vita;0;RICCARDO COCCIANTE;;;;;;;;O;I;;03:31;00:20;SS;;;76;76;29;1991;ITA 90;;ita V;;L:\AudioToscana\ita V\Riccardo Cocciante - Vivi la tua vita.wav;;;1
10706;676;OAI;;Un Buco Nel Cuore;0;RICCARDO COCCIANTE;N;;;;;;COCCIANTE;O;I;;04:08;00:27;SF;2;;66;8;;1982;ITA 80;3;ita V;;L:\AudioToscana\ita V\Riccardo Cocciante - Un buco nel cuore.wav;;;1
10709;664;OAI;;E Mi Arriva Il Mare;0;"RICCARDO COCCIANTE - PAOLA TURCI; RICCARDO COCCIANTE; PAOLA TURCI";;;;;;;;O;I;;04:44;00:38;SM;;;57;25;27;1991;ITA 90;4;ita V;;L:\AudioToscana\ita V\Riccardo Cocciante - E mi arriva il mare.wav;;;1
10711;674;OAI;;Ti Amo Ancora Di Più;0;RICCARDO COCCIANTE;;;;;;;;O;I;;03:34;00:06;SS;1;;102;40;18;1997;ITA 90;4;ita V;;L:\AudioToscana\ita V\Riccardo Cocciante - Ti Amo Ancora Di Piu.wav;;;1
10712;660;OAI;;Amore;0;"RICCARDO COCCIANTE E MINA; MINA; RICCARDO COCCIANTE";;;;;;;;O;I;;04:13;00:02;SM;1;;87;7;38;0;ITA 90;4;ita V;;L:\AudioToscana\ita V\Riccardo Cocciante - Amore (con Mina).wav;;;1
10713;659;OAI;;A Mano A Mano;0;RICCARDO COCCIANTE;;;;;;;;O;I;;02:57;00:29;SS;;;77;77;28;1978;ITA 70;;ita V;;L:\AudioToscana\ita V\Riccardo Cocciante - A mano a mano.wav;;;1
10714;669;OAI;;Primavera;0;RICCARDO COCCIANTE;;;;;;;;O;I;;03:49;01:26;MS;;;67;67;25;1974;ITA 70;;ita V;;L:\AudioToscana\ita V\Riccardo Cocciante - Primavera.wav;;;1
10715;6744;OAI;;Il Mare Dei Papaveri;0;RICCARDO COCCIANTE;;;;;;;;O;I;;03:06;00:04;SS;;;88;88;33;1985;ITA 80;;ita V;;L:\AudioToscana\ita V\Riccardo Cocciante - Il mare dei papaveri.wav;;;1
10716;673;OAI;;Sulla Terra Io E Lei;0;RICCARDO COCCIANTE;;;;;;;;O;I;;03:59;00:08;SS;;;57;33;17;1983;ITA 80;3;ita V;;L:\AudioToscana\ita V\Riccardo Cocciante - Sulla terra io e lei.wav;;;1
10719;5936;OAI;;Sulla Tua Pelle (con Mietta);0;RICCARDO COCCIANTE;;;;;;;;O;I;;03:51;00:15;SS;;;77;77;29;1994;ITA 90;;ita V;;L:\AudioToscana\ita V\Riccardo Cocciante - Sulla Tua Pelle (con Mietta).wav;;;1
10720;668;OAI;;Poesia;0;RICCARDO COCCIANTE;;;;;;;;O;I;;03:09;00:25;SS;;;74;74;31;1973;ITA 70;;ita V;;L:\AudioToscana\ita V\Riccardo Cocciante - Poesia.wav;;;1
10722;678;OAI;;Che Ne Sai;0;RICCARDO FOGLI;;;;;;;;O;I;;03:13;00:15;SF;;;107;107;22;2005;ITA 70;;ita V;;L:\AudioToscana\ita V\Riccardo Fogli - Che ne sai.wav;;;1
10726;2306;OAI;;Fortissimo;0;RITA PAVONE;;;;;;;;O;I;;02:17;00:12;SS;;;120;120;14;1966;ITA 60;;ita V;;L:\AudioToscana\ita V\Rita Pavone - Fortissimo.wav;;;1
10729;1115;OAI;;Le Mie Ragazze;0;ROBERTO VECCHIONI;;;;;;;;O;I;;03:50;00:21;FF;;;93;93;27;1995;ITA 90;;ita V;;L:\AudioToscana\ita V\Roberto Vecchioni - Le Mie Ragazze.wav;;;1
10730;1118;OAI;;Piccolo Amore;0;ROBERTO VECCHIONI;;;;;;;;O;I;;04:19;00:10;SM;;;98;87;21;1985;ITA 80;;ita V;;L:\AudioToscana\ita V\Roberto Vecchioni - Piccolo Amore.wav;;;1
10733;6230;OAI;;Luci A San Siro;0;ROBERTO VECCHIONI;;;;;;;;O;I;;04:13;00:06;SS;;;66;39;16;1973;ITA 80;3;ita V;;L:\AudioToscana\ita V\Roberto Vecchioni - Luci a San Siro.wav;;;1
10734;1112;OAI;;Blumun;0;ROBERTO VECCHIONI;;;;;;;;O;I;;04:58;00:27;SS;;;89;89;29;1993;ITA 90;;ita V;;L:\AudioToscana\ita V\Roberto Vecchioni - Blumun.wav;;;1
10735;5428;OAI;;Un Anno Senza Te;0;RON;;;;;;;;O;I;;04:00;00:35;SS;;;101;101;23;1998;ITA 90;;ita V;;L:\AudioToscana\ita V\Ron - Un Anno Senza Te.wav;;;1
10737;1123;OAI;;Anima;0;RON;;;;;;;;O;I;;03:47;00:18;SF;1;;115;45;22;2006;ITA 80;3;ita V;;L:\AudioToscana\ita V\Ron - Anima.wav;;;1
10739;1130;OAI;;Stella Mia;0;RON;N;;;;;;;O;I;;04:08;00:17;SS;1;;108;18;11;1998;ITA 90;4;ita V;;L:\AudioToscana\ita V\Ron - Stella Mia.wav;;;1
10743;697;OAI;;Replay;0;SAMUELE BERSANI;;;;;;;;O;I;;04:13;00:13;SS;1;;100;84;18;2000;ITA 2000;;ita V;;L:\AudioToscana\ita V\Samuele Bersani - Replay.wav;;;1
10744;696;OAI;;Pensandoti;0;SAMUELE BERSANI;;;;;;;;O;I;;02:22;00:05;SS;;;103;103;28;2003;ITA 2000;;ita V;;L:\AudioToscana\ita V\Samuele Bersani - Pensandoti.wav;;;1
10746;6031;OAI;;Gli Occhi Di Tua Madre;0;SANDRO GIACOBBE;;;;;;;GIACOBBE;O;I;;04:03;00:21;SS;;;47;9;10;1990;ITA 70;2;ita V;;L:\AudioToscana\ita V\Sandro Giacobbe - Gli Occhi di Tua Madre.wav;;;1
10747;2313;OAI;;Signora Mia;0;SANDRO GIACOBBE;;;;;;;GIACOBBE;O;I;;03:03;00:17;SS;;;52;15;13;1974;ITA 70;2;ita V;;L:\AudioToscana\ita V\Sandro Giacobbe - Signora Mia.wav;;;1
10751;8444;OAI;;Spicchio Di Luna;0;SERGIO CAPUTO;;;;;;;;O;I;;02:57;00:13;SS;;;109;109;28;1983;ITA 80;;ita V;;L:\AudioToscana\ita V\Sergio Caputo - Spicchio Di Luna.wav;;;1
10752;702;OAI;;Dammi Un Po' Di Più;0;SERGIO CAPUTO;;;;;;;;O;I;;03:28;00:30;SM;;;111;111;23;1989;ITA 80;;ita V;;L:\AudioToscana\ita V\Sergio Caputo - Dammi Un Po' Di Piu'.wav;;;1
10757;1135;OAI;;Come Il Cielo;0;SPAGNA;;;;;;;;O;I;;04:04;00:34;FF;;;94;94;29;1995;ITA 90;;ita V;;L:\AudioToscana\ita V\Spagna - Come il cielo - Spagna.wav;;;1
10758;5886;OAI;;Senza Catene;0;"SPAGNA - LAVEZZI; SPAGNA; MARIO LAVEZZI";;;;;;;;O;I;;03:51;00:13;SM;;;97;97;28;2007;ITA 90;;ita V;;L:\AudioToscana\ita V\Ivana Spagna - Senza Catene (Con Mario Lavezzi).wav;;;1
10759;4974;OAI;;Sei Tutto Quello Che Ho;0;STADIO;;;;;;;;O;I;;03:40;00:20;MF;;;34;34;23;2002;ITA 2000;;ita V;;L:\AudioToscana\ita V\Stadio - Sei tutto quello che ho.wav;;;1
10760;4325;OAI;;Equilibrio Instabile;0;STADIO;;;;;;;;O;I;;04:22;00:07;SS;;;31;31;46;2003;ITA 2000;;ita V;;L:\AudioToscana\ita V\Stadio - Equilibrio instabile.wav;;;1
10763;4444;OAI;;Swatch;0;STADIO;;;;;;;;O;I;;05:46;00:25;SS;;;28;28;33;1992;ITA 90;;ita V;;L:\AudioToscana\ita V\Stadio - Swatch.wav;;;1
10764;4728;OAI;;Fammi Stare Con Te;0;STADIO;;;;;;;;O;I;;03:44;00:17;MM;;;39;39;36;2006;2006;;2006;;L:\AudioToscana\2006\Stadio - Fammi stare con te.wav;;;1
10765;5325;OAI;;Ho Bisogno Di Voi;0;STADIO;;;;;;;;O;I;;04:12;00:44;SM;;;24;24;30;1991;ITA 90;;ita V;;L:\AudioToscana\ita V\STADIO - Ho bisogno di voi.wav;;;1
10766;5796;OAI;;Guardami;0;STADIO;;;;;;;;O;I;;03:34;00:17;SS;;;43;43;38;2007;SANREMO 2007;;2007;;L:\AudioToscana\2007\Stadio - Guardami.wav;;;1
10768;1147;OAI;;Il Temporale;0;STADIO;;;;;;;;O;I;;03:37;00:31;SM;;;30;30;41;1997;ITA 90;;ita V;;L:\AudioToscana\ita V\Stadio - Il temporale.wav;;;1
10769;6072;OAI;;Innamorarsi Ancora;0;STADIO;;;;;;;;O;I;;03:43;00:24;MS;;;30;30;26;2007;2007;;2007;;L:\AudioToscana\2007\Stadio - Innamorarsi ancora.wav;;;1
10777;6032;OAI;;Parole Nel Vento;0;STADIO;;;;;;;;O;I;;04:06;00:00;SS;;;25;25;18;2007;2007;;2007;;L:\AudioToscana\2007\Stadio - Parole nel vento.wav;;;1
10779;848;OAI;;Chiaro;0;STADIO;;;;;;;;O;I;;03:47;00:27;SS;;;25;25;34;2002;ITA 2000;;ita V;;L:\AudioToscana\ita V\Stadio - Chiaro.wav;;;1
10782;1148;OAI;;In Paradiso Con Te;0;STADIO;;;;;;;;O;I;;03:51;00:20;SF;;;29;29;37;2000;ITA 2000;;ita V;;L:\AudioToscana\ita V\Stadio - In Paradiso Con Te.wav;;;1
10784;863;OAI;;Le Mie Poesie Per Te;0;STADIO;;;;;;;;O;I;;04:48;00:24;SS;;;35;35;34;2005;ITA 2000;;2005;;L:\AudioToscana\2005\Stadio - Le Mie Poesie Per Te.wav;;;1
10785;1146;OAI;;Dammi 5 Minuti;0;STADIO;N;;;;;;;O;I;;03:34;00:18;FS;3;;86;6;17;1997;ITA 90;4;ita V;;L:\AudioToscana\ita V\Stadio - Dammi 5 minuti.wav;;;1
10786;4043;OAI;;Vai Vai;0;STADIO;;;;;;;;O;I;;04:09;00:26;SS;;;34;34;31;2006;ITA 80;;ita V;;L:\AudioToscana\ita V\Stadio - Vai vai.wav;;;1
10788;6081;OAI;;Muoio Un Po';0;STADIO;;;;;;;;O;I;;04:21;00:15;SS;;;35;35;33;1999;ITA 90;;ita V;;L:\AudioToscana\ita V\Stadio - Muoio un po'.wav;;;1
10789;5313;OAI;;La Promessa (feat.noemi);0;"STADIO - NOEMI; STADIO; NOEMI";;;;;;;;O;I;;03:34;00:10;SS;;;24;24;24;2012;2012;;2012;;L:\AudioToscana\2012\STADIO - La Promessa (feat.Noemi).wav;;;1
10790;6163;OAI;;Correre Di Notte;0;STEFANO ZARFATI;;;;;;;;O;I;;04:05;00:20;SS;;;119;119;17;1998;ITA 90;;ita V;;L:\AudioToscana\ita V\Stefano Zarfati - Correre Di Notte.wav;;;1
10794;1156;OAI;;Voglia 'e Turna';0;TERESA DE SIO;;;;;;;;O;I;;03:02;00:08;SM;;;118;57;10;1982;ITA 80;;ita V;;L:\AudioToscana\ita V\Teresa de Sio - Voglia 'e turna'.wav;;;1
10796;4642;OAI;;I Giorni Migliori;0;TIROMANCINO;;;;;;;;O;I;;03:02;00:18;SF;;;83;83;29;2002;ITA 2000;;ita V;;L:\AudioToscana\ita V\Tiromancino - I giorni migliori.wav;;;1
10802;4770;OAI;;L'alba Di Domani;0;TIROMANCINO;;;;;;;;O;I;;03:41;00:12;MM;;;89;89;24;2007;2007;;2007;;L:\AudioToscana\2007\Tiromancino - L'Alba Di Domani.wav;;;1
10803;4715;OAI;;Imparare Dal Vento;0;TIROMANCINO;;;;;;;;O;I;;03:41;00:13;SS;;;84;84;33;2004;ITA 2000;;ita V;;L:\AudioToscana\ita V\Tiromancino - Imparare Dal Vento.wav;;;1
10806;6724;OAI;;Liberi;0;TIROMANCINO;;;;;;;;O;I;;03:26;00:06;SS;;;84;84;27;2014;2014;;2014;;L:\AudioToscana\2014\TIROMANCINO - LIBERI.wav;;;1
10808;4776;OAI;;L'ultima Notte Al Mondo;0;TIZIANO FERRO;;;;;;;;O;I;;03:43;00:12;SS;;;69;69;33;2012;2012;;2012;;L:\AudioToscana\2012\Tiziano Ferro - L'ultima notte al mondo.wav;;;1
10814;6259;OAI;;E Fuori È Buio;0;TIZIANO FERRO;;;;;;;;O;I;;03:34;00:20;SS;;;73;73;28;2007;2007;;2007;;L:\AudioToscana\2007\Tiziano Ferro - E Fuori È Buio.wav;;;1
10815;2005;OAI;;Ti Voglio Bene;0;TIZIANO FERRO;;;;;;;;O;I;;03:33;00:13;SM;;;75;75;27;2003;ITA 2000;;ita V;;L:\AudioToscana\ita V\Tiziano Ferro - Ti voglio bene.wav;;;1
10819;2328;OAI;;Bugiardi Noi;0;UMBERTO BALSAMO;;;;;;;;O;I;;03:41;00:14;SS;;;116;116;22;1974;ITA 70;;ita V;;L:\AudioToscana\ita V\Umberto Balsamo - Bugiardi noi.wav;;;1
10820;3501;OAI;;Perdendo Anna;0;UMBERTO TOZZI;;;;;;;;O;I;;03:37;00:00;MF;;;91;91;28;1978;ITA 70;;ita V;;L:\AudioToscana\ita V\Umberto Tozzi - Perdendo Anna.wav;;;1
10821;2307;OAI;;Nell'aria C'è;0;UMBERTO TOZZI;N;;;;;;;O;I;;03:36;00:25;MF;3;;77;15;9;1983;ITA 80;3;ita V;;L:\AudioToscana\ita V\Umberto Tozzi - Nell'aria c'è.wav;;;1
10826;4717;OAI;;Roma Nord;0;UMBERTO TOZZI;;;;;;;;O;I;;03:48;00:11;SM;;;92;92;28;1981;ITA 80;;ita V;;L:\AudioToscana\ita V\Umberto Tozzi - Roma nord.wav;;;1
10827;3356;OAI;;Quasi Quasi;0;UMBERTO TOZZI;;;;;;;;O;I;;03:43;00:03;SS;;;92;92;30;1997;ITA 90;;ita V;;L:\AudioToscana\ita V\Umberto Tozzi - Quasi Quasi - Umberto Tozzi.wav;;;1
10829;2167;OAI;;Il Passo Silenzioso Della Neve;0;VALENTINA GIOVAGNINI;;;;;;;;O;I;;03:11;00:19;MF;;;118;118;14;2002;ITA 2000;;ita V;;L:\AudioToscana\ita V\Valentina Giovagnini - Il Passo Silenzioso Della Neve.wav;;;1
10834;1183;OAI;;Gabri;0;VASCO ROSSI;;;;;;;;O;I;;04:09;00:29;SM;;;34;34;32;1992;ITA 90;;ita V;;L:\AudioToscana\ita V\Vasco Rossi - Gabri.wav;;;1
10853;6079;OAI;;La Compagnia;0;VASCO ROSSI;;;;;;;;O;I;;05:01;00:08;FF;;;25;25;59;2007;2007;;2007;;L:\AudioToscana\2007\Vasco Rossi - La Compagnia.wav;;;1
10859;8132;OAI;;Si E' Spento Il Sole;0;VINICIO CAPOSSELA;;;;;;;;O;I;;02:15;00:07;MS;;;121;121;13;2011;ITA 2000;;ita V;;L:\AudioToscana\ita V\Vinicio Capossella - Si è spento il sole.wav;;;1
10866;1239;OAI;;Rossa Mela Della Sera;0;ZUCCHERO;;;;;;;;O;I;;04:28;00:38;SF;;;50;50;34;2001;ITA 2000;;ita V;;L:\AudioToscana\ita V\Zucchero - Rossa Mela Della Sera.wav;;;1
10869;10306;OAI;;Un'altra Storia;0;ZUCCHERO;;;;;;;;O;I;;04:24;00:12;SM;;;48;48;25;2017;2017;;2017;;L:\AudioToscana\2017\ZUCCHERO - UN’ALTRA STORIA.wav;;;1
10874;1227;OAI;;Hey Man;0;ZUCCHERO;;;;;;;;O;I;;04:07;00:14;SS;;;37;37;29;1987;ITA 80;;ita V;;L:\AudioToscana\ita V\Zucchero - Hey Man.wav;;;1
10875;1223;OAI;;Dindondio;0;ZUCCHERO;;;;;;;;O;I;;03:57;00:44;MS;;;39;39;38;2001;ITA 2000;;ita V;;L:\AudioToscana\ita V\Zucchero - Dindondio.wav;;;1
10876;7259;OAI;;Una Carezza;0;ZUCCHERO;;;;;;;;O;I;;04:06;00:20;SS;;;43;43;29;2008;2008;;2008;;L:\AudioToscana\2008\Zucchero - Una Carezza.wav;;;1
10882;1226;OAI;;Hai Scelto Me;0;ZUCCHERO;;;;;;;;O;I;;02:20;00:22;SS;;;31;31;21;1987;ITA 80;;ita V;;L:\AudioToscana\ita V\Zucchero - Hai Scelto Me.wav;;;1
10884;1228;OAI;;Il Volo;0;ZUCCHERO;N;;;;;;ZUCCHERO;O;I;;04:39;00:26;SS;1;;162;2;60;1995;ITA 90;4;ita V;;L:\AudioToscana\ita V\Zucchero - Il Volo.wav;;;1
11231;10911;OAI;;Il Coraggio Di Andare;0;"Laura Pausini Feat Biagio Antonacci; LAURA PAUSINI; BIAGIO ANTONACCI";;;;;;;;O;I;;03:30;00:20;SS;;;27;13;24;2018;2018;;2018;;L:\AudioToscana\2018\Laura Pausini feat Biagio Antonacci - Il coraggio di andare.wav;;;1
12799;663;OAI;;Cervo A Primavera;0;RICCARDO COCCIANTE;N;;;;;;COCCIANTE;;I;;03:39;00:20;SF;2;;70;1;;1980;ITA 80;3;ita V;;L:\AudioToscana\ita V\Riccardo Cocciante - Cervo a primavera.wav;;;1
12866;6173;OAI;;Afferrare Una Stella;0;EDOARDO BENNATO;N;;;;;;;O;I;;03:50;00:10;MM;2;;133;36;17;1999;ITA 90;4;ita V;;L:\AudioToscana\ita V\Edoardo Bennato - Afferrare una stella.wav;;;1
12884;6439;OAI;;Destinazione Paradiso;0;"LAURA PAUSINI; GIANLUCA GRIGNANI";;;;;;;;O;I;;03:12;00:19;SS;2;;113;9;12;0;2007;4;ita V;;L:\AudioToscana\ita V\Laura Pausini - Destinazione Paradiso.wav;;;1
12938;1035;OAI;;E Dimmi Che Non Vuoi Morire;0;PATTY PRAVO;N;;;;;;;O;I;;04:03;00:18;SS;1;;316;;;1997;ITA 90;4;ita V;;L:\AudioToscana\ita V\Patty Pravo - ...E dimmi che non vuoi morire.wav;;;1
12961;1152;OAI;;Un Disperato Bisogno D'amore;0;STADIO;N;;;;;;;O;I;;03:04;00:07;SM;2;;86;5;8;1993;ITA 90;4;ita V;;L:\AudioToscana\ita V\Stadio - Un Disperato Bisogno D'amore.wav;;;1
14027;11497;OAI;;Dieci;0;ANNALISA;;;;;;;;O;I;;03:06;00:07;SM;2;;152;78;12;2021;2021;7;;;L:\AudioToscana\2021\SANREMO\ANNALISA - DIECI.wav;;;1
14033;6029;OAI;;Controvento;0;ARISA;;;;;;;;O;I;;03:31;00:10;SM;2;;140;77;20;2014;SANREMO 2014;6;SANREMO;;L:\AudioToscana\2014\SANREMO\ARISA - CONTROVENTO.wav;;;1
14040;7013;OAI;;Se Fosse Per Sempre;0;BIAGIO ANTONACCI;;;;;;;;O;I;;03:29;00:10;SM;1;;74;44;21;2010;2010;6;2010;;L:\AudioToscana\2010\biagio antonacci - Se fosse per sempre.WAV;;;1
14084;8051;OAI;;Ecco Che;0;ELISA;;;;;;;;O;I;;03:45;00:25;MM;1;;46;42;19;2013;2013;6;2013;;L:\AudioToscana\2013\Elisa - Ecco che.wav;;;1
14126;9912;OAI;;Nessun Grado Di Separazione;0;FRANCESCA MICHIELIN;N;;;;;;;O;I;;03:23;00:06;MM;1;;141;40;18;2016;2016;6;SANREMO;;L:\AudioToscana\2016\SANREMO\FRANCESCA MICHIELIN - NESSUN GRADO DI SEPARAZIONE.wav;;;1
14127;11502;OAI;;Chiamami Per Nome;0;"FRANCESCA MICHIELIN, FEDEZ; FRANCESCA MICHIELIN; FEDEZ";;;;;;;;O;I;;03:24;00:12;MM;1;;96;83;20;2021;2021;7;;FEDEZ;L:\AudioToscana\2021\SANREMO\Francesca Michielin, Fedez - Chiamami per nome.wav;;;1
14171;10253;OAI;;L'amore Mi Perseguita;0;"GIUSY FERRERI FEAT. FEDERICO ZAMPAGLIONE; GIUSY FERRERI; TIROMANCINO";;;;;;;;O;I;;03:23;00:09;MM;1;;81;68;27;2017;2017;6;2017;;L:\AudioToscana\2017\Giusy Ferreri feat. Federico Zampaglione - L'amore mi perseguita.wav;;;1
14178;2115;OAI;;Lasciala Andare;0;IRENE GRANDI;;;;;;;;O;I;;03:57;00:08;SM;1;;99;77;21;2005;ITA 2000;5;ita V;;L:\AudioToscana\2005\Irene Grandi - Lasciala andare.wav;;;1
14212;11208;OAI;;Dov'è;0;LE VIBRAZIONI;;;;;;;;O;I;;02:56;00:07;MM;1;;144;73;20;2020;SANREMO 2020;6;;;L:\AudioToscana\2020\sanremo\Le Vibrazioni - Dov'è.wav;;;1
14237;5384;OAI;;Mi Ami Davvero;0;LUCA CARBONI;N;;;;;;;O;I;;03:59;00:08;SS;1;;233;25;15;2001;ITA 2000;5;ita V;;L:\AudioToscana\ita V\Luca Carboni - Mi ami davvero.wav;;;1
14294;10296;OAI;;Amore Che Torni;0;NEGRAMARO;;;;;;;;O;I;;03:36;00:14;SM;1;;109;69;17;2018;2018;6;2018;;L:\AudioToscana\2018\Negramaro - Amore che torni.wav;;;1
14296;610;OAI;;Magnolia;0;NEGRITA;;;;;;;;O;I;;03:42;00:33;MF;2;;185;80;11;2003;ITA 2000;5;ita V;;L:\AudioToscana\ita V\Negrita - Magnolia.wav;;;1
14297;8323;OAI;;Brucerò Per Te;0;NEGRITA;;;;;;;;O;I;;03:46;00:23;MF;2;;167;87;20;2011;2011;6;2011;;L:\AudioToscana\2011\Negrita - Brucerò per te.wav;;;1
15040;2363;OAI;;In Tutti I Miei Giorni;0;RAF;;;;;;;;O;I;;03:44;00:09;SM;1;;39;39;26;2004;ITA 2000;5;ita V;;L:\AudioToscana\ita V\Raf - In Tutti I Miei Giorni (Album Version).wav;;;1
15062;4852;OAI;;Dimentica;0;RAF;;;;;;;;O;I;;04:12;00:16;SS;1;;47;47;25;1987;2006;5;2006;;L:\AudioToscana\2006\Raf - Dimentica.wav;;;1
15077;5341;OAI;;Ci Sono Anch'io;0;"883; MAX PEZZALI";;;;;;;;O;I;;03:24;00:20;SM;2;;95;70;24;2002;ITA 2000;5;ita V;;L:\AudioToscana\ita V\883 - Ci sono anch'io.wav;;;1
15526;12376;OAI;;La Vita Splendida;0;TIZIANO FERRO;N;;;1;;;;;I;;03:53;00:14;SS;1;;200;1;;2022;2022;7;2022;;L:\AudioToscana\2022\Tiziano Ferro - La Vita Splendida.wav;;;1
15810;2245;OAI;;Ridera;0;LITTLE TONY;;;;;;;;O;I;;02:56;00:04;SM;1;;60;49;12;1966;ITA 60;1;ita V;;L:\AudioToscana\ita V\Little Tony - Ridera.wav;;;1
15905;12744;OAI;;Se Lo Senti Lo Sai;0;JOVANOTTI;;;;1;;;;O;I;;03:41;00:13;SS;1;;154;45;23;2022;2022;7;2022;;L:\AudioToscana\2022\JOVANOTTI - SE LO SENTI LO SAI.wav;;;1
15963;106;OAI;;Prima Di Tutto;0;BIAGIO ANTONACCI;;;;;;;;O;;;04:21;00:00;;;;42;42;28;1992;ITA 90;;ITA 90;;L:\AudioToscana\ita V\Biagio Antonacci - Prima di tutto.wav;;;1
15967;4536;OAI;;Quello Che Sento;0;CATTIVI PENSIERI;;;;;;;;O;I;;03:53;00:32;;;;91;91;8;1997;ITA 90;;ITA 90;;L:\AudioToscana\ita V\Cattivi Pensieri - Quello Che Sento.wav;;;1
15996;2213;OAI;;A Chi;0;FAUSTO LEALI;;;;;;;;O;I;;03:16;00:00;;;;52;39;13;1966;ITA 60;1;ITA 60;;L:\AudioToscana\ita V\Fausto Leali - A Chi.wav;;;1
16051;2151;OAI;;Sempre;0;LISA;;;;;;;;O;I;;03:56;00:21;;1;;39;23;6;2006;ITA 90;4;ITA 90;;L:\AudioToscana\ita V\Lisa - Sempre.wav;;;2
16061;6478;OAI;;Il Mio Cuore Fa Ciock;0;LUCA CARBONI;;;;;;;;O;I;;03:58;00:02;;;;73;73;24;1993;ITA 90;;ITA 90;;L:\AudioToscana\ita V\Luca Carboni - Il mio cuore fa ciock.wav;;;1
16083;550;OAI;;Una Ragione Di Più;0;MASSIMO DI CATALDO;;;;;;;;O;I;;04:31;00:14;;;;81;81;22;1995;ITA 90;;ITA 90;;L:\AudioToscana\ita V\Massimo Di Cataldo - Una ragione di più - Massimo Di Cataldo.wav;;;1
16086;4829;OAI;;Ti Penso;0;MASSIMO RANIERI;;;;;;;;O;;;04:08;00:16;;;;89;89;18;1991;ITA 90;;ITA 90;;L:\AudioToscana\ita V\Massimo Ranieri - Ti penso.wav;;;1
16115;617;OAI;;Tutto Di Te;0;NEK;;;;;;;;O;;;03:45;00:12;;;;76;76;27;1998;ITA 2000;;ITA 2000;;L:\AudioToscana\ita V\Nek - Tutto Di Te.wav;;;1
16117;5077;OAI;;Sto Con Te;0;NEK;;;;;;;;O;I;;04:09;00:09;;;;64;64;16;2006;ITA 90;;ITA 90;;L:\AudioToscana\ita V\Nek - Sto con te.wav;;;2
16161;5766;OAI;;Musica;0;PAOLO MENEGUZZI;;;;;;;;O;;;03:38;00:11;;;;38;38;8;2007;SANREMO 2007;;SANREMO 2007;;L:\AudioToscana\2007\Paolo Meneguzzi - Musica.wav;;;2
16230;1164;OAI;;Lei;0;UMBERTO TOZZI;N;;;;;;;O;I;;04:04;00:12;;2;;104;16;10;1979;ITA 90;4;ITA 90;;L:\AudioToscana\ita V\Umberto Tozzi - Lei.wav;;;1
16355;12893;OAI;;A L I;0;IRAMA;;;;1;;;;O;I;;03:02;00:08;SM;1;;143;80;12;2023;2022;7;2022;;L:\AudioToscana\2022\IRAMA - A L I.wav;;;1
16373;12911;OAI;;Erba Di Casa Mia;0;MASSIMO RANIERI;;;;;;;;O;I;;03:36;00:10;JM;;;59;51;13;1972;ITA 70;2;;;L:\AudioToscana\ita V\Massimo Ranieri - Erba Di Casa Mia.wav;;;1
16603;13144;OAI;;Parole Dette Male;0;GIORGIA;N;;;1;;;;;I;;02:58;00:02;SM;2;;113;1;;2023;2023;7;2023;;L:\AudioToscana\2023\GIORGIA - PAROLE DETTE MALE.wav;;;2
17260;10485;OAI;;Imparare Ad Amarsi;0;"ORNELLA VANONI, BUNGARO, PACIFICO; ORNELLA VANONI; BUNGARO; PACIFICO";;;;;;;;O;I;;03:12;00:18;;;;57;57;23;2018;SANREMO 2018;;;;L:\AudioToscana\2018\SANREMO 2018\Ornella Vanoni, Bungaro, Pacifico - Imparare ad amarsi.wav;;;2
19923;15108;OAI;;I ricordi del cuore;0;AMEDEO MINGHI;;L;;;;;;O;I;;03:38;00:12;;1;;50;41;13;1992;ITA 90;4;;;L:\AudioToscana\ita V\Amedeo Minghi - I ricordi del cuore.m4a;;;1
20834;18494;OAI;;Lisa dagli occhi blu;0;MARIO TESSUTO;;;;;;;;O;I;;03:06;00:14;;;;55;48;9;1969;;;;;L:\AudioToscana\ita V\MARIO TESSUTO - Lisa dagli occhi blu.m4a;;;
20911;18623;OAI;;Canzoni;0;MIETTA;;L;;;;;;O;I;;03:42;00:08;JS;1;;53;44;16;1990;;4;;;L:\AudioToscana\ita V\MIETTA - Canzoni.m4a;;;
21122;18985;OAI;;Dolcissima;0;MARIO LAVEZZI;;;;;;;;O;;;03:39;00:14;;;;45;40;13;1983;;;;;L:\AudioToscana\ita V\Mario Lavezzi - Dolcissima.m4a;;;
21162;19059;OAI;;Al di là di questi anni;0;MARINA REI;;;;;;;;O;;;04:28;00:41;;;;56;42;11;1996;;;;;L:\AudioToscana\ita V\Marina Rei - Al di là di questi anni.wav;;;
3273;8039;OAS;;I Will Pray;0;"GIORGIA FEAT. ALICIA KEYS; GIORGIA; ALICIA KEYS";N;;;;;;;O;S;;03:29;00:05;SS;1;;37;3;31;2013;2013;6;2013;;L:\AudioToscana\2013\GIORGIA feat. ALICIA KEYS - I WILL PRAY.wav;;;1
4157;864;OAS;;Other Side Of The World;0;KT TUNSTALL;;;;;;;;O;S;;03:19;00:13;SS;1;;136;74;15;2005;STRA 2000;5;2005;;L:\AudioToscana\2005\Kt Tunstall - Other Side of the World.wav;;;1
5237;2406;OAS;;It's All Coming Back To Me Now;0;CELINE DION;N;L;;;;;;O;S;;04:24;00:16;SM;2;;40;15;13;1996;STRA 90;4;stra V;;L:\AudioToscana\stra V\Celine Dion - It's All Coming Back To Me Now.wav;;;2
5704;3714;OAS;;Only If;0;ENYA;;;;;;;;;S;;03:11;00:05;MM;1;;45;5;;1997;STRA 90;4;stra V;;L:\AudioToscana\stra V\Enya - Only If.wav;;;1
10888;7867;OAS;;Hunting High And Low;0;A HA;;;;;;;;O;S;;03:38;00:01;SS;;;73;73;20;1985;STRA 80;;stra V;;L:\AudioToscana\stra V\A ha - Hunting High and Low.wav;;;1
10893;7229;OAS;;Turning Tables;0;ADELE;;;;;;;;O;S;;03:52;00:13;SS;;;69;69;15;2011;2011;;2011;;L:\AudioToscana\2011\Adele - Turning Tables.wav;;;1
10899;2268;OAS;;Cherry Blossom Girl;0;AIR;;;;;;;;O;S;;03:29;00:33;SS;;;114;114;25;2003;STRA 2000;;stra V;;L:\AudioToscana\stra V\Air - Cherry blossom girl.wav;;;1
10904;3187;OAS;;My Boo;0;ALICIA KEYS;;;;;;;;O;S;;02:54;00:00;;;;76;76;22;2004;STRA 2000;;stra V;;L:\AudioToscana\stra V\Usher & Alicia Keys - My boo.wav;;;1
10905;2821;OAS;;If I Ain't Got You;0;ALICIA KEYS;N;;;;;;;O;S;;03:16;00:23;SS;1;;50;10;13;2003;STRA 2000;5;stra V;;L:\AudioToscana\stra V\Alicia Keys - If I ain't got you.wav;;;1
10907;3275;OAS;;A Woman's Worth;0;ALICIA KEYS;;;;;;;;O;S;;03:45;00:12;SM;;;69;69;21;2001;STRA 2000;;stra V;;L:\AudioToscana\stra V\Alicia Keys - A Woman's Worth.wav;;;1
10908;7101;OAS;;Doesn't Mean Anything;0;ALICIA KEYS;;;;;;;;O;S;;03:40;00:19;SM;;;79;79;18;2009;2009;;2009;;L:\AudioToscana\2009\alicia keys - doesn't mean anything.wav;;;1
10910;9222;OAS;;Empire State Of Mind Pt. 2;0;ALICIA KEYS;N;;;;;;;O;S;;03:28;00:22;SM;1;;60;9;11;2009;2009;5;2009;;L:\AudioToscana\2009\Alicia Keys - Empire State of Mind Pt. 2.wav;;;1
10911;2252;OAS;;Never Ever;0;ALL SAINTS;;;;;;;;O;S;;04:18;00:01;SM;;;103;71;13;1997;STRA 90;4;stra V;;L:\AudioToscana\stra V\All Saints - Never ever.wav;;;1
10915;6791;OAS;;Love Is A Losing Game;0;AMY WINEHOUSE;;;;;;;;O;S;;02:28;00:07;SS;;;78;78;21;2008;2008;;2008;;L:\AudioToscana\2008\Amy Winehouse - Love Is A Losing Game.wav;;;1
10916;2215;OAS;;You'll Never Be Alone;0;ANASTACIA;;;;;;;;O;S;;03:54;00:16;SS;;;79;79;22;2001;STRA 2000;;stra V;;L:\AudioToscana\stra V\Anastacia - You'll Never Be Alone.wav;;;1
10917;734;OAS;;Pieces Of Dreams;0;ANASTACIA;;;;;;;;O;S;;03:28;00:10;SS;;;60;60;21;1999;STRA 2000;;2005;;L:\AudioToscana\2005\Anastacia - Pieces of dreams.wav;;;1
10918;7561;OAS;;Defeated;0;ANASTACIA;;;;;;;;O;S;;03:40;00:24;;;;67;67;23;2009;2009;;2009;;L:\AudioToscana\2009\Anastacia - Defeated.wav;;;1
10919;1774;OAS;;Cowboys & Kisses;0;ANASTACIA;;;;;;;;O;S;;04:14;00:13;;;;58;58;20;1999;STRA 2000;;stra V;;L:\AudioToscana\stra V\Anastacia - Cowboys & kisses.wav;;;1
10920;1912;OAS;;Heavy On My Heart;0;ANASTACIA;;;;;;;;O;S;;04:16;00:14;SS;;;71;71;20;2004;STRA 2000;;stra V;;L:\AudioToscana\stra V\Anastacia - Heavy on my heart.wav;;;1
10921;60;OAS;;The Prayer;0;ANDREA BOCELLI;;;;;;;;O;S;;03:58;00:21;SS;;;69;69;16;2006;STRA 90;;ita V;;L:\AudioToscana\ita V\Andrea Bocelli - The Prayer - Andrea Bocelli & Celine Dion.wav;;;1
10922;6547;OAS;;Dare To Live;0;"ANDREA BOCELLI - LAURA PAUSINI; ANDREA BOCELLI; LAURA PAUSINI";;;;;;;;O;S;;03:34;00:32;SS;;;19;19;21;2008;2008;;2008;;L:\AudioToscana\2008\Andrea Bocelli - Dare to live (con Laura Pausini).wav;;;1
10926;7784;OAS;;Spring Summer Winter And Fall;0;APHRODITE'S CHILD;;;;;;;;O;S;;04:48;00:10;SS;;;71;71;21;2009;STRA 70;;stra V;;L:\AudioToscana\stra V\Aphrodite's Child - Spring Summer Winter And Fall.wav;;;1
10929;5505;OAS;;Turn Back Time;0;AQUA;N;;;;;;;O;S;;03:28;00:19;;2;;120;30;11;1997;STRA 90;;stra V;;L:\AudioToscana\stra V\Aqua - Turn Back Time.wav;;;1
10931;777;OAS;;So Much In Love;0;ART GARFUNKEL;;;;;;;;O;S;;02:07;00:02;;;;126;126;24;2007;STRA 80;;stra V;;L:\AudioToscana\stra V\Art Garfunkel - So Much In Love.wav;;;1
10932;5034;OAS;;Moments In Love;0;ART OF NOISE;;;;;;;;O;S;;03:01;00:00;SM;;;108;108;26;1983;STRA 80;;stra V;;L:\AudioToscana\stra V\Art of Noise - Moments In Love.wav;;;1
10934;6242;OAS;;When You're Gone;0;AVRIL LAVIGNE;;;;;;;;O;S;;04:00;00:00;SS;;;64;64;21;2007;2007;;2007;;L:\AudioToscana\2007\Avril Lavigne - When You're Gone.wav;;;1
10936;5402;OAS;;Down On My Knees;0;AYO;;;;;;;;O;S;;03:30;00:17;SM;;;110;110;26;2006;2006;;2006;;L:\AudioToscana\2006\Ayo - Down on my knees.wav;;;1
10939;3640;OAS;;All I Have To Give;0;BACKSTREET BOYS;;;;;;;;O;S;;03:15;00:09;SM;;;68;15;6;1996;STRA 90;;stra V;;L:\AudioToscana\stra V\Backstreet Boys - All I have to give.wav;;;1
10940;3641;OAS;;Show Me The Meaning Of Being Lonely;0;BACKSTREET BOYS;;;;;;;;O;S;;02:39;00:00;;;;77;77;26;1999;STRA 2000;;stra V;;L:\AudioToscana\stra V\Backstreet Boys - Show Me The Meaning Of Being Lonely.wav;;;1
10949;6804;OAS;;Love So Right;0;BEE GEES;;;;;;;;O;S;;03:20;00:12;SS;;;53;53;25;1976;STRA 70;;stra V;;L:\AudioToscana\stra V\Bee Gees - Love So Right.wav;;;1
10950;1013;OAS;;Words;0;BEE GEES;;;;;;;;O;S;;03:08;00:12;SS;;;26;26;40;2006;STRA 60;;stra V;;L:\AudioToscana\stra V\Bee Gees - Words.wav;;;1
10959;7532;OAS;;Broken Hearted Girl;0;BEYONCE;;;;;;;;O;S;;03:24;00:12;SS;;;80;80;25;2009;2009;;2009;;L:\AudioToscana\2009\BEYONCE - Broken Hearted Girl.wav;;;1
10962;5710;OAS;;Listen;0;BEYONCE;;;;;;;;O;S;;03:33;00:00;SS;;;71;71;23;2007;2007;;2007;;L:\AudioToscana\2007\Beyoncè - Listen.wav;;;1
10965;2890;OAS;;You Send Me Flying;0;BILLIE MYERS;;;;;;;;O;S;;03:49;00:13;;;;89;89;20;2006;STRA 90;;stra V;;L:\AudioToscana\stra V\Billie Myers - You Send Me Flying - Billie Myers.wav;;;1
10969;4024;OAS;;Me And Mrs. Jones;0;BILLY PAUL;;;;;;;;O;S;;04:25;00:28;SS;;;99;99;23;2006;STRA 70;;stra V;;L:\AudioToscana\stra V\Billy Paul - Me And Mrs. Jones.wav;;;1
10970;8519;OAS;;People Help The People;0;BIRDY;;;;;;;;O;S;;04:05;00:22;SS;;;76;76;18;2013;2013;;2013;;L:\AudioToscana\2013\BIRDY - PEOPLE HELP THE PEOPLE.wav;;;1
10972;3653;OAS;;I Believe;0;BLESSID UNION OF SOULS;N;;;;;;;O;S;;03:22;00:14;SS;1;;128;29;14;1994;STRA 90;4;stra V;;L:\AudioToscana\stra V\Blessid Union Of Souls - I believe.wav;;;1
10973;4162;OAS;;Guilty;0;BLUE;;;;;;;;O;S;;03:38;00:12;SS;;;91;70;15;2003;STRA 2000;;stra V;;L:\AudioToscana\stra V\Blue - Guilty.wav;;;1
10974;2391;OAS;;Lay Lady Lay;0;BOB DYLAN;;;;;;;;O;S;;03:13;00:13;SS;;;71;71;18;1969;STRA 60;;stra V;;L:\AudioToscana\stra V\Bob Dylan - Lay Lady Lay.wav;;;1
10976;2394;OAS;;All About Lovin' You;0;BON JOVI;;;;;;;;O;S;;03:26;00:15;SS;;;63;63;27;2002;STRA 2000;;stra V;;L:\AudioToscana\stra V\Bon Jovi - All About Lovin' You.wav;;;1
10980;2990;OAS;;I Want To Wake Up With You;0;BORIS GARDINER;;;;;;;;O;S;;03:20;00:12;SM;;;126;126;28;2006;STRA 80;;stra V;;L:\AudioToscana\stra V\Boris Gardiner - I Want To Wake Up With You.wav;;;1
10984;4028;OAS;;Break It To Me Gently;0;BRENDA LEE;;;;;;;;O;S;;02:35;00:16;SS;;;119;119;25;1962;STRA 60;;stra V;;L:\AudioToscana\stra V\Brenda Lee - Break It To Me Gently - Brenda Lee.wav;;;1
10985;6759;OAS;;Piano In The Dark;0;BRENDA RUSSEL;;;;;;;;O;S;;03:58;00:29;SM;;;96;96;22;1988;STRA 80;;stra V;;L:\AudioToscana\stra V\Brenda Russel - Piano In The Dark.wav;;;1
10986;2993;OAS;;Everytime;0;BRITNEY SPEARS;;;;;;;;O;S;;03:35;00:10;SS;;;109;109;26;2003;STRA 2000;;stra V;;L:\AudioToscana\stra V\Britney Spears - Everytime - Britney Spears.wav;;;1
10988;3026;OAS;;Secret Garden;0;BRUCE SPRINGSTEEN;;;;;;;;O;S;;04:15;00:23;SS;;;57;57;23;1995;STRA 90;;stra V;;L:\AudioToscana\stra V\Bruce Springsteen - Secret Garden.wav;;;1
11005;2401;OAS;;Immortality;0;CELINE DION;;;;;;;;O;S;;03:55;00:10;SS;;;75;75;18;1997;STRA 90;;stra V;;L:\AudioToscana\stra V\Celine Dion - Immortality - Celine Dion.wav;;;1
11006;2400;OAS;;I'm Your Angel;0;CELINE DION;;;;;;;;O;S;;03:38;00:10;SS;;;72;72;24;1996;STRA 90;;stra V;;L:\AudioToscana\stra V\Celine Dion - I'm Your Angel.wav;;;1
11007;3673;OAS;;The Reason;0;CELINE DION;;;;;;;;O;S;;04:27;00:12;SS;;;45;45;24;1997;STRA 90;;stra V;;L:\AudioToscana\stra V\Celine Dion - The Reason.wav;;;1
11008;2403;OAS;;Tell Him;0;"CELINE DION - BARBRA STREISAND; CELINE DION; BARBRA STREISAND";;;;;;;;O;S;;04:40;00:07;SS;;;51;51;23;1997;STRA 90;;stra V;;L:\AudioToscana\stra V\Celine Dion - Tell Him - Celine Dion Celine Dion Barbra Streisand.wav;;;1
11017;3047;OAS;;Gone Fishing;0;CHRIS REA;;;;;;;;O;S;;03:37;00:31;SS;;;79;79;24;1991;STRA 90;;stra V;;L:\AudioToscana\stra V\Chris Rea - Gone Fishing - Chris Rea.wav;;;1
11021;2409;OAS;;A Voice Within;0;CHRISTINA AGUILERA;;;;;;;;O;S;;04:11;00:07;SS;;;75;75;22;2006;STRA 2000;;stra V;;L:\AudioToscana\stra V\Christina Aguilera - A Voice Within.wav;;;1
11024;2413;OAS;;In A Lifetime;0;CLANNAD E BONO;;;;;;;;O;S;;02:48;00:23;SS;;;107;107;25;1993;STRA 80;;stra V;;L:\AudioToscana\stra V\Clannad e Bono - In A Lifetime.wav;;;1
11035;4679;OAS;;Trouble Sleeping;0;CORINNE BAILEY RAE;;;;;;;;O;S;;03:07;00:06;;;;108;108;24;2005;2006;;2006;;L:\AudioToscana\2006\Corinne Bailey Rae - Trouble Slleping.wav;;;1
11036;2882;OAS;;The Last Good Day Of The Year;0;COUSTEAU;;;;;;;;O;S;;04:02;00:30;SS;1;;128;67;12;2000;STRA 2000;5;stra V;;L:\AudioToscana\stra V\Cousteau - The last good day of the year.wav;;;1
11044;1830;OAS;;Next Plane Home;0;DANIEL POWTER;;;;;;;;O;S;;03:04;00:08;SM;;;69;69;23;2008;2008;;2008;;L:\AudioToscana\2008\DANIEL POWTER - Next Plane Home.wav;;;1
11049;5875;OAS;;Forbidden Colours;0;DAVID SYLVIAN & RYUICHI SAKAMOTO;;;;;;;;O;S;;03:22;01:15;SS;;;122;122;23;1983;STRA 80;;stra V;;L:\AudioToscana\stra V\David Sylvian & Ryuichi Sakamoto - Forbidden Colours.wav;;;1
11051;7783;OAS;;We Shall Dance;0;DEMIS ROUSSOS;;;;;;;;O;S;;03:13;00:16;;;;89;89;23;1971;STRA 70;;stra V;;L:\AudioToscana\stra V\Demis Roussos - We Shall Dance.wav;;;1
11052;1503;OAS;;Love Hangover;0;DIANA ROSS;;;;;;;;O;S;;03:08;00:23;;;;75;75;22;1976;STRA 80;;stra V;;L:\AudioToscana\stra V\Diana Ross - Love hangover.wav;;;1
11055;7208;OAS;;Don't Believe In Love;0;DIDO;;;;;;;;O;S;;03:46;00:09;SS;;;69;69;22;2008;2008;;2008;;L:\AudioToscana\2008\dido - don't believe in love.mp3;;;1
11056;1921;OAS;;Don't Leave Home;0;DIDO;;;;;;;;O;S;;03:21;00:13;SS;;;76;76;22;2003;STRA 2000;;stra V;;L:\AudioToscana\stra V\Dido - Don't Leave Home.wav;;;1
11060;5202;OAS;;What The World Needs Now Is Love;0;DIONNE WARWICK;;;;;;;;O;S;;02:48;00:07;SM;;;79;79;27;1967;STRA 60;;stra V;;L:\AudioToscana\stra V\dionne warwick - What the World Needs Now Is Love.wav;;;1
11063;3478;OAS;;Love Power;0;"DIONNE WARWICK - ELTON JOHN; DIONNE WARWICK; ELTON JOHN";;;;;;;;O;S;;02:58;00:17;;;;23;23;23;1987;STRA 80;;stra V;;L:\AudioToscana\stra V\Dionne Warwick - Love Power - Dionne Warwick.wav;;;1
11067;2435;OAS;;Private Investigations;0;DIRE STRAITS;;;;;;;;O;S;;04:50;00:34;SS;;;78;78;21;1982;STRA 80;;stra V;;L:\AudioToscana\stra V\Dire Straits - Private Investigations - Dire Straits.wav;;;1
11073;4042;OAS;;I Love You Always Forever;0;DONNA LEWIS;;;;;;;;O;S;;03:15;00:00;;;;117;117;26;1996;STRA 90;;stra V;;L:\AudioToscana\stra V\Donna Lewis - I Love You Always Forever - Donna Lewis.wav;;;1
11076;6833;OAS;;Warwick Avenue;0;DUFFY;;;;;;;;O;S;;03:41;00:10;SS;;;122;122;23;2008;2008;;2008;;L:\AudioToscana\2008\DUFFY - Warwick Avenue.wav;;;1
11079;6371;OAS;;Nothing Has Been Proved;0;DUSTY SPRINGFIELD;;;;;;;;O;S;;03:58;00:30;SM;;;96;96;20;1989;STRA 80;;stra V;;L:\AudioToscana\stra V\Dusty Springfield - Nothing has been proved.wav;;;1
11080;5564;OAS;;The Look Of Love;0;DUSTY SPRINGFIELD;;;;;;;;O;S;;02:36;00:00;SS;;;83;83;22;2007;STRA 60;;stra V;;L:\AudioToscana\stra V\Dusty Springfield -The look of love.wav;;;1
11081;1529;OAS;;At The End (of A Rainbow);0;EARL GRANT;;;;;;;;O;S;;02:15;00:17;SS;;;116;116;25;2006;STRA 60;;stra V;;L:\AudioToscana\stra V\Earl Grant - At The End (Of A Rainbow).wav;;;1
11083;10342;OAS;;Perfect;0;"ED SHEERAN FEAT BEYONCE'; ED SHEERAN; BEYONCE";;;;;;;;O;S;;04:12;00:03;;;;42;42;16;2017;2017;;2017;;L:\AudioToscana\2017\Ed Sheeran Feat Beyonce - Perfect.wav;;;1
11084;6788;OAS;;Strange Magic;0;ELECTRIC LIGHT ORCHESTRA;;;;;;;;O;S;;03:54;00:22;SM;;;90;90;24;1973;STRA 70;;stra V;;L:\AudioToscana\stra V\Electric Light Orchestra - Strange Magic.wav;;;1
11085;2627;OAS;;The Waves;0;ELISA;;;;;;;;O;S;;03:46;00:10;SS;;;45;45;23;2004;STRA 2000;;stra V;;L:\AudioToscana\stra V\Elisa - The Waves.wav;;;1
11086;2012;OAS;;Teach Me Again;0;ELISA;;;;;;;;O;S;;04:18;00:10;SS;;;35;35;21;2006;2006;;2006;;L:\AudioToscana\2006\Tina Turner & Elisa - Teach me again.wav;;;1
11087;3797;OAS;;Heaven Out Of Hell;0;ELISA;;;;;;;;O;S;;04:36;00:22;SM;2;;49;26;21;2001;STRA 2000;5;stra V;;L:\AudioToscana\stra V\Elisa - Heaven out of hell.wav;;;2
11089;2631;OAS;;Believe;0;ELTON JOHN;N;;;;;;;O;S;;04:05;00:29;SS;2;;75;5;9;1995;STRA 90;4;stra V;;L:\AudioToscana\stra V\Elton John - Believe.wav;;;1
11091;2674;OAS;;Something About The Way You Look Tonight;0;ELTON JOHN;;;;;;;;O;S;;03:44;00:08;;;;35;35;29;1997;STRA 90;;stra V;;L:\AudioToscana\stra V\Elton John - Something About The Way You Look Tonight.wav;;;1
11093;6681;OAS;;Song For Guy;0;ELTON JOHN;;;;;;;;O;S;;06:00;00:32;SS;;;30;30;26;1978;STRA 70;;stra V;;L:\AudioToscana\stra V\Elton John - Song For Guy.wav;;;1
11094;2673;OAS;;Someone Saved My Life Tonight;0;ELTON JOHN;;;;;;;;O;S;;06:15;00:15;SM;;;28;28;16;1975;STRA 70;;stra V;;L:\AudioToscana\stra V\Elton John - Someone Saved My Life Tonight - Elton John.wav;;;1
11095;2634;OAS;;Border Song;0;ELTON JOHN;;;;;;;;O;S;;03:17;00:09;SS;;;21;21;15;1970;STRA 70;;stra V;;L:\AudioToscana\stra V\Elton John - Border Song.wav;;;1
11096;2636;OAS;;Candle In The Wind 1997;0;ELTON JOHN;;;;;;;;O;S;;04:04;00:08;SS;1;;20;15;28;1984;STRA 90;;stra V;;L:\AudioToscana\stra V\Elton John - Candle In The Wind 1997.wav;;;1
11109;1540;OAS;;Big Big World;0;EMILIA;;;;;;;;O;S;;03:12;00:05;SS;1;;137;75;8;1998;STRA 90;4;stra V;;L:\AudioToscana\stra V\Emilia - Big Big World.wav;;;1
11112;6968;OAS;;Could I Have This Kiss Forever;0;"ENRIQUE IGLESIAS & WHITNEY HOUSTON; ENRIQUE IGLESIAS; WHITNEY HOUSTON";;;;;;;;O;S;;03:51;00:21;SS;;;43;43;28;2000;STRA 2000;;stra V;;L:\AudioToscana\stra V\Enrique Iglesias & Whitney Houston - Could I Have This Kiss Forever.wav;;;1
11113;2687;OAS;;Caribbean Blue;0;ENYA;;;;;;;;O;S;;03:38;00:26;SS;;;87;87;25;1991;STRA 80;;stra V;;L:\AudioToscana\stra V\Enya - Caribbean Blue - Enya.wav;;;1
11120;4130;OAS;;At Last;0;ETTA JAMES;;;;;;;;O;S;;02:34;00:19;SS;;;100;100;23;1960;STRA 60;;stra V;;L:\AudioToscana\stra V\Etta James - At Last.wav;;;1
11124;3074;OAS;;Forever;0;"EURYTHMICS; ANNIE LENNOX; DAVE STEWART";;;;;;;;O;S;;03:53;00:32;SS;;;67;67;28;1999;STRA 90;;stra V;;L:\AudioToscana\stra V\Eurythmics - Forever.wav;;;1
11125;2702;OAS;;My Immortal;0;EVANESCENCE;;;;;;;;O;S;;04:01;00:13;SS;;;115;115;26;2003;STRA 2000;;stra V;;L:\AudioToscana\stra V\Evanescence - My Immortal - Evanescence.wav;;;1
11128;3722;OAS;;Until The Time Is Trought;0;FIVE;;;;;;;;O;S;;04:04;00:00;SS;;;114;114;22;1998;STRA 90;;stra V;;L:\AudioToscana\stra V\Five - Until The Time Is Trought.wav;;;1
11133;3084;OAS;;Moon River;0;FRANK SINATRA;;;;;;;;O;S;;03:11;00:00;SS;;;92;92;24;1960;STRA 60;;stra V;;L:\AudioToscana\stra V\Frank Sinatra - Moon River.wav;;;1
11134;3083;OAS;;I've Got You Under My Skin;0;"FRANK SINATRA FEAT. BONO; FRANK SINATRA; U2";;;;;;;;O;S;;03:24;00:11;SS;;;28;14;20;1993;STRA 90;4;stra V;;L:\AudioToscana\stra V\Frank Sinatra - I've Got You Under My Skin - Frank Sinatra & Bono.wav;;;1
11136;4049;OAS;;Venus;0;FRANKIE AVALON;;;;;;;;O;S;;02:17;00:17;SS;;;90;90;22;1959;STRA 60;;stra V;;L:\AudioToscana\stra V\Frankie Avalon - Venus - Frankie Avalon.wav;;;1
11145;2897;OAS;;Jesus To A Child;0;GEORGE MICHAEL;;L;;;;;;O;S;;03:36;00:50;SS;1;;109;32;18;1995;STRA 90;4;stra V;;L:\AudioToscana\stra V\George Michael - Jesus To A Child.wav;;;1
11150;6080;OAS;;Joy (i Feel Good, I Feel Fine);0;GISELLA COZZO;;;;;;;;O;S;;04:22;00:11;SS;;;113;113;26;1998;STRA 90;;stra V;;L:\AudioToscana\stra V\Gisella Cozzo - Joy (I Feel Good, I Feel Fine).wav;;;1
11153;7151;OAS;;Hoy;0;GLORIA ESTEFAN;;;;;;;;O;S;;03:02;00:10;SM;;;85;58;14;1993;STRA 2000;;stra V;;L:\AudioToscana\stra V\Gloria Estafan - Hoy.wav;;;1
11154;2717;OAS;;Reach;0;GLORIA ESTEFAN;;;;;;;;O;S;;03:44;00:06;SS;;;84;84;21;1996;STRA 90;;stra V;;L:\AudioToscana\stra V\Gloria Estefan - Reach.wav;;;1
11157;4053;OAS;;Shake You Down;0;GREGORY ABBOT;;;;;;;;O;S;;03:28;00:21;SS;;;116;116;25;1986;STRA 80;;stra V;;L:\AudioToscana\stra V\Gregory Abbot - Shake You Down - Gregory Abbot.wav;;;1
11162;2727;OAS;;One On One;0;HALL & OATES;;;;;;;;O;S;;03:26;00:20;SM;;;97;97;25;1973;STRA 80;;stra V;;L:\AudioToscana\stra V\Hall & Oates - One On One.wav;;;1
11166;3825;OAS;;If I Were You;0;HOOBASTANK;;;;;;;;O;S;;03:54;00:13;;;;52;52;14;2006;2006;;2006;;L:\AudioToscana\2006\hoobastank - if i were you.wav;;;1
11170;1245;OAS;;Beautiful Girl;0;INXS;;;;;;;;O;S;;03:18;00:40;SS;;;101;101;26;1992;STRA 90;;stra V;;L:\AudioToscana\stra V\INXS - Beautiful Girl.wav;;;1
11173;6489;OAS;;Same Mistake;0;JAMES BLUNT;;;;;;;;O;S;;03:44;00:12;SM;;;59;59;26;2007;2007;;2007;;L:\AudioToscana\2007\James Blunt - Same Mistake.wav;;;1
11178;254;OAS;;Goodbye My Lover;0;JAMES BLUNT;;;;;;;;O;S;;02:47;00:21;SS;;;61;61;31;2005;STRA 2000;;2005;;L:\AudioToscana\2005\james blunt - Goodbye my lover.wav;;;1
11180;7483;OAS;;Please Don't Stop The Rain;0;JAMES MORRISON;;;;;;;;O;S;;03:54;00:19;;;;79;79;20;2009;2009;;2009;;L:\AudioToscana\2009\JAMES MORRISON - Please Don't Stop The Rain.wav;;;1
11182;8309;OAS;;I Won't Let You Go;0;JAMES MORRISON;;;;;;;;O;S;;03:35;00:09;SS;;;76;76;18;2011;2011;;2011;;L:\AudioToscana\2011\James Morrison - I Won'T Let You Go.wav;;;1
11184;4489;OAS;;Everlasting Love;0;JAMIE CULLUM;;;;;;;;O;S;;02:52;00:15;SS;;;100;100;22;2003;STRA 2000;;stra V;;L:\AudioToscana\2005\Jamie Cullum - Everlasting love.wav;;;1
11189;5352;OAS;;Calling You;0;JEVETTA STEELE;;;;;;;;O;S;;05:13;00:01;SS;;;122;122;23;1988;STRA 80;;stra V;;L:\AudioToscana\stra V\Jevetta Steele - Calling You.wav;;;1
11191;4060;OAS;;Welcome To My World;0;JIM REEVES;;;;;;;;O;S;;02:29;00:18;SS;;;108;108;24;2006;STRA 60;;stra V;;L:\AudioToscana\stra V\Jim Reeves - Welcome To My World - Jim Reeves.wav;;;1
11193;2469;OAS;;Living In The Promiseland;0;JOE COCKER;;;;;;;;O;S;;03:47;00:07;SS;;;58;58;25;1990;STRA 80;;stra V;;L:\AudioToscana\stra V\Joe Cocker - Living In The Promiseland.wav;;;1
11206;7139;OAS;;No Air (con Chris Brown);0;JORDIN SPARKS;;;;;;;;O;S;;04:19;00:00;SS;;;118;118;26;2008;2008;;2008;;L:\AudioToscana\2008\jordin sparks - no air (con Chris Brown).mp3;;;1
11207;5111;OAS;;L-o-v-e;0;JOSS STONE;;;;;;;;O;S;;02:44;00:06;;;;91;91;23;2003;2007;;2007;;L:\AudioToscana\2007\Joss Stone - L-O-V-E.wav;;;1
11208;3120;OAS;;Right To Be Wrong;0;JOSS STONE;;;;;;;;O;S;;04:35;00:24;SS;;;104;104;27;2004;STRA 2000;;stra V;;L:\AudioToscana\stra V\Joss Stone - Right To Be Wrong.wav;;;1
11211;2010;OAS;;Nine Million Bicycles;0;KATIE MELUA;;;;;;;;O;S;;03:05;00:18;SS;;;99;99;23;2005;2006;;2006;;L:\AudioToscana\2006\Katie Melua - Nine Million Bicycles.wav;;;1
11212;4920;OAS;;Spider's Web;0;KATIE MELUA;;;;;;;;O;S;;03:46;00:15;SS;;;106;106;20;2005;2006;;2006;;L:\AudioToscana\2006\KATIE MELUA - Spider's Web.wav;;;1
11218;2141;OAS;;Because Of You;0;KELLY CLARKSON;;;;;;;;O;S;;03:19;00:14;SS;;;120;120;22;2004;2006;;2006;;L:\AudioToscana\2006\Kelly Clarkson - Because of you.wav;;;1
11219;7526;OAS;;You Decorated My Life;0;KENNY ROGERS;;;;;;;;O;S;;03:34;00:12;SS;;;99;99;27;1978;STRA 70;2;stra V;;L:\AudioToscana\stra V\Kenny Rogers - You Decorated My Life.wav;;;1
11225;2918;OAS;;Where The Wild Roses Grow;0;KYLIE MINOGUE;;;;;;;;O;S;;03:50;00:09;SS;;;80;80;22;2006;STRA 90;;stra V;;L:\AudioToscana\stra V\Kylie Minogue - Where the wild roses grow.wav;;;1
11226;2907;OAS;;Especially For You;0;KYLIE MINOGUE;;;;;;;;O;S;;03:32;00:12;SS;;;89;89;23;1988;STRA 80;;stra V;;L:\AudioToscana\stra V\Kylie Minogue - Especially for you.wav;;;1
11230;5119;OAS;;I Need Love;0;LAURA PAUSINI;;;;;;;;O;S;;03:45;00:12;SS;;;38;38;19;2002;STRA 2000;;stra V;;L:\AudioToscana\stra V\Laura Pausini - I need love.wav;;;1
11232;2919;OAS;;Another Day;0;LENE MARLIN;;;;;;;;O;S;;03:41;00:15;;;;76;76;25;2003;STRA 2000;;stra V;;L:\AudioToscana\stra V\Lene Marlin - Another Day.wav;;;1
11233;1654;OAS;;Where I'm Headed;0;LENE MARLIN;;;;;;;;O;S;;03:36;00:16;;;;72;72;23;1999;STRA 90;;stra V;;L:\AudioToscana\stra V\Lene Marlin - Where I'm Headed - Lene Marlin.wav;;;1
11234;2920;OAS;;Sorry;0;LENE MARLIN;;;;;;;;O;S;;03:13;00:18;SM;;;70;70;23;2003;STRA 2000;;stra V;;L:\AudioToscana\stra V\Lene Marlin - Sorry.wav;;;1
11235;2921;OAS;;You Weren't There;0;LENE MARLIN;;;;;;;;O;S;;03:18;00:17;;;;64;64;24;2003;STRA 2000;;stra V;;L:\AudioToscana\stra V\Lene Marlin - You Weren't There.wav;;;1
11236;2765;OAS;;Calling All Angels;0;LENNY KRAVITZ;;;;;;;;O;S;;04:43;00:32;SS;;;63;63;27;2004;STRA 2000;;stra V;;L:\AudioToscana\stra V\Lenny Kravitz - Calling All Angels.wav;;;1
11242;6930;OAS;;Hello;0;LIONEL RICHIE;;;;;;;;O;S;;03:59;00:16;;;;41;41;20;1983;STRA 80;;stra V;;L:\AudioToscana\stra V\Lionel Richie - Hello.wav;;;1
11243;6385;OAS;;Three Times A Lady;0;LIONEL RICHIE;;;;;;;;O;S;;03:30;00:05;SS;;;65;65;25;2007;STRA 80;;stra V;;L:\AudioToscana\stra V\Lionel Richie - Three Times A Lady.wav;;;1
11247;6969;OAS;;All Woman;0;LISA STANSFIELD;;;;;;;;O;S;;04:31;00:14;SM;;;75;75;20;1991;STRA 90;;stra V;;L:\AudioToscana\stra V\Lisa Stansfield - All Woman.wav;;;1
11249;3133;OAS;;In All The Right Places;0;LISA STANSFIELD;;;;;;;;O;S;;03:31;00:22;SM;;;85;85;28;1993;STRA 90;;stra V;;L:\AudioToscana\stra V\Lisa Stansfield - In All The Right Places.wav;;;1
11253;1666;OAS;;Love's Theme;0;LOVE UNLIMITED ORCHESTRA;;;;;;;;O;S;;03:46;00:01;;;;2138;2138;;1973;STRA 70;;stra V;;L:\AudioToscana\stra V\Love Unlimited Orchestra - Love's theme.wav;;;1
11254;2711;OAS;;Search Fot The Hero;0;M PEOPLE;;;;;;;;O;S;;02:43;00:14;;;;108;108;24;1992;STRA 90;;stra V;;L:\AudioToscana\stra V\M People - Search Fot The Hero.wav;;;1
11255;6566;OAS;;Sweet Baby;0;MACY GRAY;;;;;;;;O;S;;03:31;00:12;SM;;;71;71;23;1999;STRA 2000;;stra V;;L:\AudioToscana\stra V\Macy Gray - Sweet Baby (feat. Erykah Badu).wav;;;1
11256;5622;OAS;;Still;0;MACY GRAY;;;;;;;;O;S;;04:05;00:00;SS;;;75;75;25;1999;STRA 2000;;ita V;;L:\AudioToscana\stra V\Macy Gray - Still.wav;;;1
11260;2950;OAS;;This Used To Be My Playground;0;MADONNA;B;2;;;;;;O;S;;05:03;00:28;SS;1;;73;19;12;1995;STRA 90;4;stra V;;L:\AudioToscana\stra V\Madonna - This Used To Be My Playground - Madonna.wav;;;1
11270;2481;OAS;;I Believe;0;MARCELLA DETROIT;;;;;;;;O;S;;04:10;00:07;SS;;;99;99;26;1994;STRA 90;;stra V;;L:\AudioToscana\stra V\Marcella Detroit - I Believe.wav;;;1
11271;2485;OAS;;Dreamlover;0;MARIAH CAREY;;;;;;;;O;S;;03:51;00:38;SM;;;79;79;23;1993;STRA 90;;stra V;;L:\AudioToscana\stra V\Mariah Carey - Dreamlover - Mariah Carey.wav;;;1
11273;6678;OAS;;Touch My Body;0;MARIAH CAREY;;;;;;;;O;S;;03:02;00:12;;;;75;75;27;2008;2008;;2008;;L:\AudioToscana\2008\MARIAH CAREY - Touch My Body.wav;;;1
11274;2490;OAS;;My All;0;MARIAH CAREY;N;L;;;;;;O;S;;03:44;00:20;SS;1;;103;22;14;1997;STRA 90;4;stra V;;L:\AudioToscana\stra V\Mariah Carey - My All.wav;;;1
11275;2489;OAS;;I Still Believe;0;MARIAH CAREY;;;;;;;;O;S;;03:24;00:16;SS;1;;84;45;17;1998;STRA 90;4;stra V;;L:\AudioToscana\stra V\Mariah Carey - I Still Believe - Mariah Carey.wav;;;1
11276;2486;OAS;;Hero;0;MARIAH CAREY;;;;;;;;O;S;;04:09;00:15;SS;;;50;50;17;1993;STRA 90;;stra V;;L:\AudioToscana\stra V\Mariah Carey - Hero - Mariah Carey.wav;;;1
11278;2495;OAS;;When You Believe;0;"MARIAH CAREY - WHITNEY HOUSTON; MARIAH CAREY; WHITNEY HOUSTON";N;;;;;;;O;S;;04:24;00:04;SS;1;;102;11;28;1998;STRA 90;4;stra V;;L:\AudioToscana\stra V\Mariah Carey - When You Believe - Mariah Carey & Whitney Houston.wav;;;1
11285;1333;OAS;;Be Without You;0;MARY J BLIGE;;;;;;;;O;S;;03:42;00:32;;;;87;87;19;2005;2006;;2006;;L:\AudioToscana\2006\Mary J Blige - Be without you.wav;;;1
11286;5727;OAS;;We Ride;0;MARY J BLIGE;;;;;;;;O;S;;03:39;00:26;;;;68;68;23;2007;2007;;2007;;L:\AudioToscana\2007\Mary J Blige - We ride.wav;;;1
11291;3824;OAS;;Soul Provider;0;MICHAEL BOLTON;;;;;;;;O;S;;04:04;00:12;SS;;;65;65;17;1987;STRA 80;;stra V;;L:\AudioToscana\stra V\Michael Bolton - Soul provider.wav;;;1
11294;5987;OAS;;Lost;0;MICHAEL BUBLE';;;;;;;;O;S;;03:33;00:15;SS;;;66;66;24;2007;2007;;2007;;L:\AudioToscana\2007\Michael Buble' - Lost.wav;;;1
11296;7134;OAS;;This Is It;0;MICHAEL JACKSON;;;;;;;;O;S;;03:17;00:14;SS;;;51;51;20;1995;2009;;2009;;L:\AudioToscana\2009\Michael Jackson - This Is It.wav;;;1
11306;5047;OAS;;One More Chance;0;MICHAEL JACKSON;;;;;;;;O;S;;03:33;00:11;SM;;;28;28;25;2003;STRA 2000;;stra V;;L:\AudioToscana\stra V\Michael Jackson - One More Chance.wav;;;1
11310;6448;OAS;;Te Amaré;0;MIGUEL BOSE' - LAURA PAUSINI;;;;;;;;O;S;;04:18;00:38;SS;;;76;76;13;2007;2007;;2007;;L:\AudioToscana\2007\Miguel Bose' - Te amaré.wav;;;1
11312;6301;OAS;;Corazon Felino;0;MINA;;;;;;;;O;S;;03:32;00:18;SS;;;27;27;19;2007;2007;;2007;;L:\AudioToscana\2007\Mina - Corazon Felino.wav;;;1
11313;6419;OAS;;Porcelain;0;MOBY;;;;;;;;O;S;;03:35;00:00;SS;;;123;123;27;1999;STRA 90;;stra V;;L:\AudioToscana\stra V\Moby - Porcelain.wav;;;1
11314;2962;OAS;;Part Of The Process;0;MORCHEEBA;;;;;;;;O;S;;04:19;00:26;SS;;;79;79;26;1997;STRA 90;;stra V;;L:\AudioToscana\stra V\Morcheeba - Part Of The Process.wav;;;1
11315;2961;OAS;;Otherwise;0;MORCHEEBA;;;;;;;;O;S;;03:38;00:03;SS;;;72;72;22;2002;STRA 2000;;stra V;;L:\AudioToscana\stra V\Morcheeba - Otherwise - Morcheeba.wav;;;1
11316;2058;OAS;;Trigger Hippie;0;MORCHEEBA;;;;;;;;O;S;;03:21;00:23;SM;;;69;69;25;1995;STRA 90;;stra V;;L:\AudioToscana\stra V\Morcheeba - Trigger Hippie.wav;;;1
11317;2856;OAS;;Way Beyond;0;MORCHEEBA;;;;;;;;O;S;;03:23;00:14;SS;;;82;82;24;2006;STRA 2000;;stra V;;L:\AudioToscana\stra V\Morcheeba - Way Beyond - Morcheeba.wav;;;1
11319;6473;OAS;;When I Fall In Love;0;NATALIE COLE;;;;;;;;O;S;;04:04;00:18;SS;;;106;106;24;1996;STRA 90;;stra V;;L:\AudioToscana\stra V\Natalie Cole - When I Fall In Love (French Version).wav;;;1
11322;4075;OAS;;Love On The Rocks;0;NEIL DIAMOND;;;;;;;;O;S;;03:30;00:15;SS;;;89;89;24;1980;STRA 80;;stra V;;L:\AudioToscana\stra V\Neil Diamond - Love On The Rocks - Neil Diamond.wav;;;1
11323;2852;OAS;;My Place;0;NELLY;;;;;;;;O;S;;04:20;00:25;;;;114;114;25;2004;STRA 2000;;stra V;;L:\AudioToscana\stra V\Nelly - My place.wav;;;1
11325;2589;OAS;;Woman;0;NENEH CHERRY;;;;;;;;O;S;;03:43;00:28;SM;1;;57;55;23;1990;STRA 90;4;stra V;;L:\AudioToscana\stra V\Neneh Cherry - Woman.wav;;;1
11332;3865;OAS;;Sunrise;0;NORAH JONES;;;;;;;;O;S;;03:00;00:11;SS;;;104;104;26;2003;STRA 2000;;stra V;;L:\AudioToscana\stra V\Norah Jones - Sunrise.wav;;;1
11334;3419;OAS;;Never Back Down;0;NOVASTAR;N;;;;;;;O;S;;03:24;00:12;SS;1;;145;19;8;2004;2006;5;2006;;L:\AudioToscana\2006\Novastar - Never Back Down.wav;;;1
11339;6376;OAS;;It's All Coming Back To Me Now;0;PANDORA'S BOX;;;;;;;;O;S;;06:29;00:22;SS;;;105;105;27;2003;STRA 80;;stra V;;L:\AudioToscana\stra V\Pandora's Box - It's all coming back to me now.wav;;;1
11340;1715;OAS;;Love Letters In The Sand;0;PAT BOONE;;;;;;;;O;S;;02:05;00:01;SM;;;110;110;24;2006;STRA 60;;stra V;;L:\AudioToscana\stra V\Pat Boone - Love Letters In The Sand.wav;;;1
11342;4636;OAS;;Put Your Head On My Shoulder;0;PAUL ANKA;;;;;;;;O;S;;02:30;00:11;;;;76;13;12;1966;STRA 60;1;stra V;;L:\AudioToscana\stra V\Paul Anka - Put Your Head On My Shoulder.wav;;;1
11349;3164;OAS;;Tonight I Celebrate My Love;0;PEABO BRYSON & ROBERTA FLACK;;;;;;;;O;S;;03:22;00:09;SS;;;110;110;26;2006;STRA 80;;stra V;;L:\AudioToscana\stra V\Peabo Bryson & Roberta Flack - Tonight I Celebrate My Love.wav;;;1
11350;7513;OAS;;Just Breathe;0;PEARL JAM;;;;;;;;O;S;;03:29;00:18;SS;;;100;100;26;2009;2009;;2009;;L:\AudioToscana\2009\Pearl Jam - Just Breathe.wav;;;1
11351;3169;OAS;;Se A Vida È (that's The Way Life Is);0;PET SHOP BOYS;;;;;;;;O;S;;03:36;00:27;;;;92;92;26;1996;STRA 90;;stra V;;L:\AudioToscana\stra V\Pet Shop Boys - Se a vida è (that's the way life is).wav;;;1
11355;2524;OAS;;Separate Lives;0;PHIL COLLINS;;;;;;;;O;S;;03:55;00:00;SS;;;44;44;24;2006;STRA 80;;stra V;;L:\AudioToscana\stra V\Phil Collins - Separate Lives - Phil Collins.wav;;;1
11356;2520;OAS;;It's In Your Eyes;0;PHIL COLLINS;;;;;;;;O;S;;02:52;00:17;;;;35;35;18;1999;STRA 90;;stra V;;L:\AudioToscana\stra V\Phil Collins - It's In Your Eyes.wav;;;1
11365;2527;OAS;;True Colors;0;PHIL COLLINS;;;;;;;;O;S;;04:10;00:17;;;;19;19;17;2006;STRA 2000;;stra V;;L:\AudioToscana\stra V\Phil Collins - True Colors - Phil Collins.wav;;;1
11368;4323;OAS;;On An Island;0;PINK FLOYD;;;;;;;;O;S;;03:53;00:14;SS;;;72;72;30;2006;2006;;2006;;L:\AudioToscana\2006\David Gilmour - on an island.wav;;;1
11372;1740;OAS;;Baby Come Back;0;PLAYER;;;;;;;;O;S;;03:30;00:38;;;;103;103;25;1977;STRA 70;;stra V;;L:\AudioToscana\stra V\Player - Baby Come Back.wav;;;1
11386;3254;OAS;;Only You;0;RAPPERS AGAINST RACISM;;;;;;;;O;S;;02:50;00:19;SS;;;107;107;24;1998;STRA 90;;stra V;;L:\AudioToscana\stra V\Rappers Against Racism - Only You_Miz1.wav;;;1
11387;4084;OAS;;I Can't Stop Loving You;0;RAY CHARLES;;;;;;;;O;S;;04:09;00:02;SS;;;79;79;21;1961;STRA 60;;stra V;;L:\AudioToscana\stra V\Ray Charles - I Can't Stop Loving You - Ray Charles.wav;;;1
11388;6617;OAS;;Georgia On My Mind;0;RAY CHARLES;;;;;;;;O;S;;03:32;00:18;SS;;;94;64;22;1960;STRA 60;;stra V;;L:\AudioToscana\stra V\Ray Charles - Georgia On My Mind.wav;;;1
11389;4087;OAS;;Tell Laura I Love Her;0;RAY PETERSON;;;;;;;;O;S;;02:49;00:02;SS;;;101;101;22;2006;STRA 60;;stra V;;L:\AudioToscana\stra V\Ray Peterson - Tell Laura I Love Her - Ray Peterson.wav;;;1
11392;3884;OAS;;Take A Massage;0;REMY SHAND;;;;;;;;O;S;;03:36;00:04;SS;;;115;115;26;2006;STRA 2000;;stra V;;L:\AudioToscana\stra V\Remy Shand - Take A Massage.wav;;;1
11393;855;OAS;;Coles Corner;0;RICHARD HAWLEY;;;;;;;;O;S;;04:38;00:34;SS;;;103;103;21;2005;STRA 2000;;2005;;L:\AudioToscana\2005\Richard Hawley - Coles Corner.wav;;;1
11394;3886;OAS;;Now And Forever;0;RICHARD MARX;;;;;;;;O;S;;03:13;00:14;SS;;;79;79;26;1993;STRA 90;;stra V;;L:\AudioToscana\stra V\Richard Marx - Now And Forever.wav;;;1
11400;6932;OAS;;Nobody Wants To Be Lonely;0;"RICKY MARTIN - CHRISTINA AGUILERA; RICKY MARTIN; CHRISTINA AGUILERA";;;;;;;;O;S;;03:26;00:19;SM;;;61;61;25;2001;STRA 2000;;stra V;;L:\AudioToscana\stra V\Ricky Martin - Nobody Wants To Be Lonely.wav;;;1
11401;8145;OAS;;California King Bed;0;RIHANNA;;;;;;;;O;S;;04:09;00:12;SM;2;;103;46;15;2011;2011;6;2011;;L:\AudioToscana\2011\Rihanna - California King Bed.wav;;;1
11404;3510;OAS;;Misunderstood;0;Robbie Williams;;;;;;;;O;S;;03:51;00:18;SS;;;63;63;22;1997;STRA 2000;;stra V;;L:\AudioToscana\stra V\Robbie Williams - Misunderstood - Robbie Williams.wav;;;1
11407;3514;OAS;;Sexed Up;0;Robbie Williams;;;;;;;;O;S;;03:48;00:13;SS;;;65;65;29;1998;STRA 2000;;stra V;;L:\AudioToscana\stra V\Robbie Williams - Sexed Up - Robbie Williams.wav;;;1
11410;5473;OAS;;She's Madonna;0;Robbie Williams;;;;;;;;O;S;;03:44;00:16;;;;63;63;22;2006;2006;;2006;;L:\AudioToscana\2006\Robbie Williams- She's Madonna.wav;;;1
11413;3282;OAS;;You're In My Heart;0;ROD STEWART;;;;;;;;O;S;;04:08;00:14;SS;;;52;52;26;1977;STRA 70;;stra V;;L:\AudioToscana\stra V\Rod Stewart - You're In My Heart.wav;;;1
11414;3276;OAS;;The First Cut Is The Deepest;0;ROD STEWART;;;;;;;;O;S;;03:41;00:24;;;;49;49;21;1976;STRA 70;;stra V;;L:\AudioToscana\stra V\Rod Stewart - The First Cut Is The Deepest - Rod Stewart.wav;;;1
11415;3267;OAS;;Have I Told You Lately;0;ROD STEWART;;;;;;;;O;S;;03:51;00:13;SS;;;53;53;24;1991;STRA 90;;stra V;;L:\AudioToscana\stra V\Rod Stewart - Have I Told You Lately.wav;;;1
11418;856;OAS;;Streets Of Love;0;ROLLING STONES;;;;;;;;O;S;;03:02;00:12;SM;;;87;87;25;2006;STRA 2000;;2005;;L:\AudioToscana\2005\Rolling Stones - Streets of Love.wav;;;1
11420;3895;OAS;;If Tomorrow Never Comes;0;RONAN KEATING;;;;;;;;O;S;;03:27;00:02;SS;;;78;78;25;2002;STRA 2000;;stra V;;L:\AudioToscana\stra V\Ronan Keating - If Tomorrow Never Comes.wav;;;1
11422;3297;OAS;;Wish I Could Fly;0;ROXETTE;;;;;;;;O;S;;03:34;00:33;SM;;;78;78;25;1999;STRA 90;;stra V;;L:\AudioToscana\stra V\Roxette - Wish I Could Fly.wav;;;1
11423;3289;OAS;;Fading Like A Flower (every Time You Leave);0;ROXETTE;;;;;;;;O;S;;03:05;00:17;;;;55;55;27;1991;STRA 90;;stra V;;L:\AudioToscana\stra V\Roxette - Fading Like A Flower (Every Time You Leave).wav;;;1
11430;3302;OAS;;Love Is Stronger Than Pride;0;SADE;;;;;;;;O;S;;03:24;00:00;SS;;;61;61;21;1987;STRA 80;;stra V;;L:\AudioToscana\stra V\Sade - Love Is Stronger Than Pride - Sade.wav;;;1
11432;3303;OAS;;No Ordinary Love;0;SADE;;;;;;;;O;S;;03:23;00:22;SS;;;57;57;28;1992;STRA 90;;stra V;;L:\AudioToscana\stra V\Sade - No Ordinary Love - Sade.wav;;;1
11433;3306;OAS;;The Sweetest Taboo;0;SADE;;;;;;;;O;S;;03:26;00:39;;;;73;73;26;1985;STRA 80;;stra V;;L:\AudioToscana\stra V\Sade - The Sweetest Taboo - Sade.wav;;;1
11437;4576;OAS;;L'amour Toujours;0;SAGI REI;;;;;;;;O;S;;03:55;00:17;SS;;;117;117;22;2005;2006;;2006;;L:\AudioToscana\2006\Sagi Rei - L'Amour Toujours.wav;;;1
11441;2596;OAS;;Samba Pa Ti;0;SANTANA;;;;;;;;O;S;;04:00;00:01;SM;;;64;64;22;1969;STRA 70;;stra V;;L:\AudioToscana\stra V\Santana - Samba pa ti.wav;;;1
11445;3905;OAS;;Independent Love Song;0;SCARLET;;;;;;;;O;S;;03:38;00:04;SS;;;118;56;10;1994;STRA 90;;stra V;;L:\AudioToscana\stra V\Scarlet - Independent Love Song.wav;;;1
11451;3326;OAS;;Kiss From A Rose;0;SEAL;N;L;;;;;;O;S;;04:39;00:23;SS;1;;180;18;10;1994;STRA 90;3;stra V;;L:\AudioToscana\stra V\Seal - Kiss From A Rose.wav;;;1
11452;3329;OAS;;Walk On By;0;SEAL;;;;;;;;O;S;;03:00;00:10;;;;68;68;20;2004;STRA 2000;;stra V;;L:\AudioToscana\stra V\Seal - Walk On By.wav;;;1
11454;4187;OAS;;Underneath Your Clothes;0;SHAKIRA;N;;;;;;;O;S;;03:21;00:12;SS;1;;123;19;16;2001;STRA 2000;5;stra V;;L:\AudioToscana\stra V\Shakira - Underneath Your Clothes.wav;;;1
11455;5493;OAS;;Illegal (ft Carlos Santana);0;SHAKIRA;;;;;;;;O;S;;03:41;00:08;SS;1;;110;48;13;2006;2006;5;2006;;L:\AudioToscana\2006\shakira - Illegal;;;1
11456;6758;OAS;;For Your Eyes Only;0;SHEENA EASTON;;;;;;;;O;S;;02:42;00:18;SS;1;;136;44;15;2008;STRA 80;3;stra V;;L:\AudioToscana\stra V\Sheena Easton - For Your Eyes Only.wav;;;1
11461;5960;OAS;;So Not Over You;0;SIMPLY RED;;;;;;;;O;S;;03:11;00:07;SM;;;54;54;22;2005;2007;;2007;;L:\AudioToscana\2007\Simply Red - So Not Over You.wav;;;1
11462;8452;OAS;;You Make Me Feel Brand New;0;"SIMPLY RED; STYLISTICS";;L;;;;;;O;S;;04:05;00:12;SM;1;;91;15;17;1995;STRA 2000;5;stra V;;L:\AudioToscana\stra V\Simply Red - You Make Me Feel Brand New.wav;;;1
11463;6090;OAS;;Stay;0;SIMPLY RED;;;;;;;;O;S;;02:49;00:12;;;;37;37;23;2007;2007;;2007;;L:\AudioToscana\2007\Simply Red - Stay.wav;;;1
11465;784;OAS;;Perfect Love;0;SIMPLY RED;;;;;;;;O;S;;02:59;00:05;;;;55;55;22;2005;STRA 2000;;2005;;L:\AudioToscana\2005\Simply Red - Perfect love.wav;;;1
11473;1382;OAS;;Love Show;0;SKYE;;;;;;;;O;S;;03:16;00:11;SS;;;116;116;25;2006;2006;;2006;;L:\AudioToscana\2006\Skye - Love Show.wav;;;1
11474;7757;OAS;;Once More;0;SPANDAU BALLET;;;;;;;;O;S;;03:51;00:17;SS;;;70;70;26;2009;2009;;2009;;L:\AudioToscana\2009\Spandau Ballet - Once More.wav;;;1
11484;2581;OAS;;From The Bottom Of My Heart;0;STEVIE WONDER;;;;;;;;O;S;;03:43;00:24;;;;69;69;21;2005;2006;;2006;;L:\AudioToscana\2006\Stevie Wonder - From the bottom of my heart.wav;;;1
11487;3519;OAS;;For Your Love;0;STEVIE WONDER;;;;;;;;O;S;;04:23;00:59;SS;;;54;54;23;1995;STRA 90;;stra V;;L:\AudioToscana\stra V\Stevie Wonder - For Your Love.wav;;;1
11495;5978;OAS;;Don't Leave Me Now;0;SUPERTRAMP;;;;;;;;O;S;;04:06;01:12;SM;;;89;89;26;1982;STRA 80;;stra V;;L:\AudioToscana\stra V\Supertramp - Don't Leave Me Now.wav;;;1
11497;3234;OAS;;Everythings Gonna Be Alright;0;SWEETBOX;;;;;;;;O;S;;03:06;00:00;SS;;;111;111;24;1997;STRA 90;;stra V;;L:\AudioToscana\stra V\SweetBox - Everything's Gonna Be Alright.wav;;;1
11499;6164;OAS;;Never Forget;0;"TAKE THAT; Robbie Williams";;;;;;;;O;S;;04:13;00:59;;;;39;39;28;1988;STRA 90;;stra V;;L:\AudioToscana\stra V\Take That - Never Forget.wav;;;1
11500;5508;OAS;;Patience;0;"TAKE THAT; Robbie Williams";;;;;;;;O;S;;03:15;00:06;SS;;;53;53;18;2006;2006;;2006;;L:\AudioToscana\2006\Take That - Patience.wav;;;1
11502;1817;OAS;;More Than A Woman;0;TAVARES;;;;;;;;O;S;;03:06;00:10;;;;74;74;21;1977;STRA 70;;stra V;;L:\AudioToscana\stra V\Tavares - More Than A Woman.wav;;;1
11503;3930;OAS;;Secret World;0;TEARS FOR FEARS;;;;;;;;O;S;;04:38;00:24;;;;78;78;22;2004;STRA 2000;;stra V;;L:\AudioToscana\stra V\Tears For Fears - Secret World.wav;;;1
11508;3935;OAS;;Say What You Want;0;TEXAS;;;;;;;;O;S;;03:28;00:10;;;;112;112;29;1997;STRA 90;;stra V;;L:\AudioToscana\stra V\Texas - Say what you want.wav;;;1
11510;2267;OAS;;Time;0;THE ALAN PARSONS PROJECT;;;;;;;;O;S;;04:21;00:27;SS;;;59;59;21;1977;STRA 80;;stra V;;L:\AudioToscana\stra V\Alan Parson Project - Time.wav;;;1
11522;8763;OAS;;In My Life;0;"THE BEATLES; JOHN LENNON; PAUL MCCARTNEY; GEORGE HARRISON; RINGO STARR";;;;;;;;O;S;;02:21;00:09;SM;;;25;25;17;1965;STRA 60;;stra V;;L:\AudioToscana\stra V\The Beatles - In My Life.wav;;;1
11527;1251;OAS;;(they Long To Be) Close To You;0;THE CARPENTERS;;;;;;;;O;S;;02:58;00:09;SS;;;97;97;25;1970;STRA 70;;stra V;;L:\AudioToscana\stra V\The Carpenters - (They Long to Be) Close to You.wav;;;1
11529;2564;OAS;;Father;0;THE CHRISTIANS;;;;;;;;O;S;;04:24;00:37;SS;;;112;112;26;1992;STRA 90;;stra V;;L:\AudioToscana\stra V\The Christians - Father.wav;;;1
11531;3950;OAS;;Shattered;0;THE CRANBERRIES;;;;;;;;O;S;;03:38;00:16;SS;;;70;70;22;1999;STRA 90;;stra V;;L:\AudioToscana\stra V\The Cranberries - Shattered.wav;;;1
11532;2568;OAS;;Ode To My Family;0;THE CRANBERRIES;;L;;;;;;O;S;;04:26;00:00;SS;1;;77;57;20;1994;STRA 90;4;stra V;;L:\AudioToscana\stra V\The Cranberries - Ode to My Family.wav;;;1
11533;2570;OAS;;When You're Gone;0;THE CRANBERRIES;;;;;;;;O;S;;04:37;00:31;SM;;;72;72;21;1996;STRA 90;;stra V;;L:\AudioToscana\stra V\The Cranberries - When You're Gone.wav;;;1
11540;1351;OAS;;Love's A Game;0;THE MAGIC NUMBERS;;;;;;;;O;S;;04:04;00:24;;;;116;116;23;2005;2006;;2006;;L:\AudioToscana\2006\love's a game.wav;;;1
11542;1249;OAS;;Chanson D'amour;0;THE MANHATTAN TRANSFER;;;;;;;;O;S;;02:51;00:05;SS;;;100;100;19;1976;STRA 70;;stra V;;L:\AudioToscana\stra V\THE MANHATTAN TRANSFER - Chanson D'Amour.wav;;;1
11547;5288;OAS;;I Go To Sleep;0;THE PRETENDERS;;;;;;;;O;S;;02:49;00:16;SS;;;82;82;18;2006;STRA 80;;stra V;;L:\AudioToscana\stra V\The Pretenders - I Go to Sleep.wav;;;1
11556;3959;OAS;;Chains;0;TINA ARENA;;;;;;;;O;S;;03:27;00:42;SM;;;104;104;23;1994;STRA 90;;stra V;;L:\AudioToscana\stra V\Tina Arena - Chains.wav;;;1
11560;6709;OAS;;Better;0;TOM BAXTER;;;;;;;;O;S;;03:36;00:01;SS;;;108;108;21;2008;2008;;2008;;L:\AudioToscana\2008\Tom Baxter - Better.wav;;;1
11567;3580;OAS;;I Won't Hold You Back;0;TOTO;;;;;;;;O;S;;04:19;00:20;SS;;;61;61;27;1982;STRA 80;;stra V;;L:\AudioToscana\stra V\Toto - I Won't Hold You Back - Toto.wav;;;1
11568;3466;OAS;;China In Your Hand;0;T'PAU;;;;;;;;O;S;;03:47;00:07;SS;;;114;114;22;1987;STRA 80;;stra V;;L:\AudioToscana\stra V\T'Pau - China In Your Hand.wav;;;1
11570;5174;OAS;;Sing For You;0;TRACY CHAPMAN;;;;;;;;O;S;;03:17;00:30;SS;;;69;69;27;2009;2008;;2008;;L:\AudioToscana\2008\TRACY CHAPMAN - SING FOR YOU.WAV;;;1
11572;6091;OAS;;Closer;0;TRAVIS;;;;;;;;O;S;;03:42;00:18;SM;;;98;98;25;2007;2007;;2007;;L:\AudioToscana\2007\Travis - Closer.wav;;;1
11578;5164;OAS;;A Thousand Miles;0;VANESSA CARLTON;;;;;;;;O;S;;03:54;00:11;SS;;;118;118;27;2001;STRA 2000;;stra V;;L:\AudioToscana\stra V\Vanessa Carlton - A thousand miles.wav;;;1
11579;3618;OAS;;I'm No Rebel;0;VIEW FROM THE HILL;;;;;;;;O;S;;04:09;00:33;SF;;;121;121;24;1984;STRA 80;;stra V;;L:\AudioToscana\stra V\View From The Hill - I'm No Rebel.wav;;;1
11583;3628;OAS;;Where Did Your Heart Go?;0;"WHAM; GEORGE MICHAEL";;;;;;;;O;S;;04:50;00:20;SS;;;51;51;21;2006;STRA 80;;stra V;;L:\AudioToscana\stra V\Wham! - Where Did Your Heart Go- - Wham!.wav;;;1
11586;3633;OAS;;Saving All My Love For You;0;WHITNEY HOUSTON;;;;;;;;O;S;;03:37;00:14;SM;;;58;58;24;1985;STRA 80;;stra V;;L:\AudioToscana\stra V\Whitney Houston - Saving All My Love For You - Whitney Houston.wav;;;1
11594;2602;OAS;;Hold On;0;WILSON PHILIPS;;;;;;;;O;S;;03:26;00:15;SM;;;114;114;24;1990;STRA 90;;stra V;;L:\AudioToscana\stra V\Wilson Philips - Hold on.wav;;;1
11595;5485;OAS;;Heaven Where True Love Goes;0;YUSUF ISLAM;;;;;;;;O;S;;03:43;00:05;SS;;;101;101;23;2006;2006;;2006;;L:\AudioToscana\2006\YUSUF ISLAM - Heaven Where True Love Goes.wav;;;1
11633;7152;OAS;;Somewhere Only We Know;0;"LILY ALLEN; KEANE";N;;;;;;;O;S;;03:19;00:17;SS;1;;13;13;9;2013;2013;;2013;;L:\AudioToscana\2013\LILY ALLEN - SOMEWHERE ONLY WE KNOW.wav;;;2
13155;2625;OAS;;Broken;0;ELISA;;;;;;;;O;S;;04:08;00:18;MM;1;;59;21;20;2003;STRA 2000;5;stra V;;L:\AudioToscana\stra V\Elisa - Broken - Elisa.wav;;;2
13633;6728;OAS;;Carry On;0;BEN'S BROTHER;;L;;;;;;O;S;;03:28;00:02;SS;1;;101;88;20;2008;2008;5;2008;;L:\AudioToscana\2008\Ben's Brother - Carry On.wav;;;1
13955;11426;OAS;;There Will Be A Way;0;DOTAN;;;;;;;;O;S;;03:11;00:00;SM;1;;89;41;19;2020;2020;7;;;L:\AudioToscana\2020\Dotan - There Will Be A Way.wav;;;2
14007;3728;OAS;;It's Good To Be In Love;0;FROU FROU;;;;;;;;O;S;;03:23;00:07;SS;2;;142;96;20;2001;STRA 2000;5;stra V;;L:\AudioToscana\stra V\Frou Frou - It's Good To Be In Love.wav;;;1
14855;10528;OAS;;Hold Me While You Wait;0;LEWIS CAPALDI;;;;;;;;O;S;;03:22;00:05;SM;1;;105;45;20;2019;2019;6;;;L:\AudioToscana\2019\LEWIS CAPALDI - HOLD ME WHILE YOU WAIT.wav;;;1
15149;3136;OAS;;So Natural;0;LISA STANSFIELD;;;;;;;;O;S;;03:26;00:02;SM;1;;77;77;24;1993;STRA 90;4;stra V;;L:\AudioToscana\stra V\Lisa Stansfield - So Natural.wav;;;1
15197;2686;OAS;;Anywhere Is;0;ENYA;;;;;;;;O;S;;03:14;00:09;SS;;;78;78;24;1995;STRA 90;;STRA 90;;L:\AudioToscana\stra V\Enya - Anywhere Is - Enya.wav;;;1
16375;12913;OAS;;Only Time;0;ENYA;;L;;;;;;O;S;;03:31;00:13;SS;1;;100;56;16;2000;STRA 2000;5;stra V;;L:\AudioToscana\stra V\Enya - Only Time.wav;;;1
